 Substation Name, Nominal Voltage (kV), Redacted Data, Residential Customer Count, Commercial Customer Count, Industrial Customer Count, Agricultural Customer Count, Other Customers, Existing Distributed Generation (kW), Queued Distributed Generation (kW), Total Distributed Generation (kW),Voltage,OBJECTID,feederid,feeder_name,division,publish,last_update_on_map,Shape__Length
BRENTWOOD,21kV,No,5408,181,28,26,,16466,17487,33953,21,1,014592111,BRENTWOOD 2111,Diablo,1,10/10/2025 8:50:29 AM,142899.277215767
LAS POSITAS,21kV,No,1313,467,278,0,,5838,6928,12766,21,2,014402105,LAS POSITAS 2105,Mission,1,10/10/2025 8:50:30 AM,87434.5724468999
DEL MONTE,21kV,No,3932,757,221,10,,9150,10999,20149,21,3,182222104,DEL MONTE 2104,Central Coast,1,10/10/2025 8:50:31 AM,274356.833132272
DIXON LANDING,21kV,Yes,171,36,47,0,,3005,3417,6422,21,4,014722106,DIXON LANDING 2106,Mission,1,10/10/2025 8:50:31 AM,17329.2685353991
CLAYTON,21kV,No,1410,89,20,0,,2378,2651,5029,21,5,012022218,CLAYTON 2218,Diablo,1,11/11/2025 12:30:20 PM,30038.0509492138
MOSHER,21kV,No,2087,91,17,1,,2896,3160,6056,21,6,163722107,MOSHER 2107,Stockton,1,11/11/2025 12:30:21 PM,44738.607811419
BRITTON,12kV,Yes,0,38,85,0,,1069,1570,2639,12,7,083611108,BRITTON 1108,De Anza,1,10/10/2025 8:50:29 AM,16685.1774476188
BAHIA,12kV,Yes,590,334,82,0,,785,794,1579,12,8,043251103,BAHIA 1103,North Bay,1,10/10/2025 8:50:29 AM,40617.6548502475
ATWATER,12kV,No,2411,151,36,45,,2658,2865,5523,12,9,253611103,ATWATER 1103,Yosemite,1,10/10/2025 8:50:30 AM,79493.6433729335
SAN LEANDRO U,12kV,Yes,242,175,52,0,,1625,4705,6330,12,10,013111101,SAN LEANDRO U 1101,Mission,1,10/10/2025 8:50:30 AM,20162.6053868886
ALLEGHANY,12kV,Yes,141,25,1,0,,18,41,59,12,11,152101102,ALLEGHANY 1102,Sierra,1,10/10/2025 8:50:31 AM,98678.703068605
HICKS,21kV,No,3714,182,36,8,5,8040,760,8800,21,12,083432101,HICKS 2101,San jose,1,6/2/2025 1:21:05 AM,173701.953965587
WOODLAND,12kV,Yes,536,264,105,45,17,2740,2040,4780,12,13,062031108,WOODLAND 1108,Sacramento,1,6/2/2025 1:21:05 AM,62333.4481784173
BIOLA,12kV,Yes,29,12,0,107,3,2280,50,2330,12,14,252211102,BIOLA 1102,Fresno,1,6/2/2025 1:21:05 AM,65832.1931832256
CHESTER,12kV,No,789,182,23,1,,264,568,832,12,15,103181101,CHESTER 1101,North Valley,1,11/11/2025 12:30:19 PM,24472.2736563778
ATWATER,12kV,No,2468,171,57,1,,1850,2476,4326,12,16,253611105,ATWATER 1105,Yosemite,1,11/11/2025 12:30:21 PM,41687.8368004759
MARYSVILLE,12kV,No,1989,111,17,94,2,3280,5380,8660,12,17,152011108,MARYSVILLE 1108,Sacramento,1,6/2/2025 1:21:05 AM,123200.044479444
BUTTE,12kV,No,704,286,142,1,10,3750,510,4260,12,18,103081105,BUTTE 1105,North valley,1,6/2/2025 1:21:05 AM,105720.002276114
ROSEDALE,21kV,No,1002,289,126,0,14,3030,720,3750,21,19,254762102,ROSEDALE 2102,Kern,1,6/2/2025 1:21:05 AM,38552.5467218045
BERESFORD,4.16kV,No,1142,57,6,0,5,660,60,720,4,20,024040404,BERESFORD 0404,Peninsula,1,11/11/2025 12:30:18 PM,13701.1753324166
FORT SEWARD,12kV,No,191,38,0,4,,23,23,46,12,21,192321121,FORT SEWARD 1121,Humboldt,1,11/11/2025 11:54:16 AM,102378.890068604
SAN BENITO,21kV,Yes,1080,200,31,145,,2629,2898,5527,21,22,182742102,SAN BENITO 2102,Central Coast,1,11/11/2025 11:54:16 AM,28706.1206667303
PRUNEDALE,12kV,No,3186,360,165,50,,2588,2800,5388,12,23,182961107,PRUNEDALE 1107,Central Coast,1,11/11/2025 11:54:16 AM,133429.623312865
TIDEWATER,21kV,No,5234,358,59,0,24,6930,330,7260,21,24,014652109,TIDEWATER 2109,Diablo,1,10/10/2025 9:34:35 AM,110283.173931642
TIDEWATER,21kV,No,4604,401,97,0,29,13130,690,13820,21,25,014652107,TIDEWATER 2107,Diablo,1,10/10/2025 9:34:35 AM,101575.199745075
BEN LOMOND,4.16kV,No,821,64,1,0,,1118,1214,2332,4,26,083040401,BEN LOMOND 0401,Central Coast,1,11/11/2025 11:54:16 AM,47750.3184942384
LAWRENCE,12kV,No,1448,36,20,0,,2011,2033,4044,12,27,083421105,LAWRENCE 1105,De Anza,1,11/11/2025 12:30:18 PM,18295.0998168817
LAWRENCE,12kV,Yes,97,5,34,0,1,6270,0,6270,12,28,083421103,LAWRENCE 1103,De Anza,1,11/11/2025 12:30:18 PM,12653.6461255458
ALMADEN,12kV,No,2102,71,20,0,5,3330,120,3450,12,29,082311110,ALMADEN 1110,San Jose,1,10/10/2025 9:34:35 AM,30189.6324731688
OAKLAND X,12kV,Yes,5313,281,55,0,,760,857,1617,12,30,012541112,OAKLAND X 1112,East Bay,1,10/10/2025 9:34:35 AM,18765.9448154628
OAKLAND X,12kV,No,5467,255,57,0,13,3440,180,3620,12,31,012541105,OAKLAND X 1105,East Bay,1,10/10/2025 9:34:35 AM,43459.6918836819
GRANT,12kV,Yes,5,258,148,0,3,2170,1640,3810,12,32,014381103,GRANT 1103,Mission,1,10/10/2025 9:34:35 AM,23945.2147036366
BERKELEY F,4.16kV,Yes,547,49,14,0,3,130,0,130,4,33,012060405,BERKELEY F 0405,East bay,1,6/2/2025 1:21:05 AM,2422.6601268972
STELLING,12kV,Yes,1140,84,58,0,1,830,70,900,12,34,083481103,STELLING 1103,De Anza,1,11/11/2025 12:30:18 PM,17690.454807955
ALTO,12kV,No,4294,303,107,0,20,5700,410,6110,12,35,042031120,ALTO 1120,North Bay,1,10/10/2025 9:34:36 AM,85723.634638071
LAKEVIEW,12kV,Yes,5,11,11,46,0,910,2640,3550,12,36,253411103,LAKEVIEW 1103,Kern,1,10/10/2025 9:34:36 AM,48125.3381371492
BRENTWOOD,21kV,Yes,0,1,2,0,0,0,0,0,21,37,014592110,BRENTWOOD 2110,Diablo,1,10/10/2025 9:34:35 AM,8537.2091446548
EAST GRAND,12kV,Yes,1,44,46,0,0,1830,0,1830,12,38,022571111,EAST GRAND 1111,Peninsula,1,6/2/2025 1:21:05 AM,10413.891935006
BAKERSFIELD,21kV,No,4103,479,178,1,26,6770,160,6930,21,39,253372104,BAKERSFIELD 2104,Kern,1,6/2/2025 1:21:05 AM,88508.7325053507
OROVILLE,12kV,No,812,104,21,2,5,2060,130,2190,12,40,102521103,OROVILLE 1103,North valley,1,6/2/2025 1:21:05 AM,64339.149463958
TAR FLAT,4.16kV,Yes,341,5,0,0,1,460,60,520,4,41,163240401,TAR FLAT 0401,Yosemite,1,11/11/2025 12:30:25 PM,7585.38305872437
PEABODY,21kV,Yes,2916,46,11,1,5,8700,8090,16790,21,42,063642106,PEABODY 2106,Sacramento,1,10/10/2025 9:34:36 AM,72063.7143805634
ASHLAN AVE,12kV,No,2139,83,18,0,2,2200,120,2320,12,43,252051102,ASHLAN AVE 1102,Fresno,1,10/10/2025 9:34:38 AM,30005.5657885709
ASHLAN AVE,12kV,Yes,1134,41,5,0,,4813,4878,9691,12,44,252051114,ASHLAN AVE 1114,Fresno,1,10/10/2025 9:34:38 AM,19859.4036673007
SMARTVILLE,12kV,No,243,24,8,3,2,550,220,770,12,45,153791101,SMARTVILLE 1101,Sacramento,1,10/10/2025 9:34:39 AM,36472.3744562302
MC KEE,12kV,No,3417,151,63,0,9,2450,1240,3690,12,46,083531105,MC KEE 1105,San jose,1,6/2/2025 1:21:05 AM,42906.7606115268
OLD RIVER,12kV,No,601,97,26,163,2,8020,1780,9800,12,47,252821104,OLD RIVER 1104,Kern,1,6/2/2025 1:21:05 AM,126797.183681697
TASSAJARA,21kV,No,332,37,29,0,2,590,10,600,21,48,014662114,TASSAJARA 2114,Diablo,1,11/11/2025 12:30:24 PM,11744.5501161754
PETALUMA C,12kV,No,1532,252,147,0,,1685,1893,3578,12,49,042631102,PETALUMA C 1102,Sonoma,1,10/10/2025 8:50:29 AM,33994.5614472036
BUELLTON,12kV,No,1760,476,142,200,,3539,4934,8473,12,50,183041101,BUELLTON 1101,Los Padres,1,10/10/2025 8:50:29 AM,258016.780991937
WEBER,12kV,No,239,153,88,36,10,2150,560,2710,12,51,163481115,WEBER 1115,Stockton,1,6/2/2025 1:21:05 AM,59601.6473627993
WILLOW CREEK,12kV,Yes,1282,222,25,11,9,630,40,670,12,52,192171103,WILLOW CREEK 1103,Humboldt,1,6/2/2025 1:21:05 AM,191898.589632525
GRANT,12kV,No,5571,394,95,1,18,2580,670,3250,12,53,014381108,GRANT 1108,Mission,1,11/11/2025 12:30:19 PM,59825.646455365
Valley Springs,12kV,No,1726,236,73,13,28,4360,530,4890,12,54,168891101,Valley Springs 1101,Stockton,1,6/2/2025 1:21:05 AM,203357.753518842
HALF MOON BAY,12kV,No,4014,616,75,160,4,4410,900,5310,12,55,024101103,HALF MOON BAY 1103,Peninsula,1,6/2/2025 1:21:05 AM,415991.963666352
DUNNIGAN,12kV,Yes,162,39,7,99,1,1540,490,2030,12,56,063811103,DUNNIGAN 1103,Sacramento,1,6/2/2025 1:21:05 AM,97905.8708923387
CABRILLO,12kV,Yes,1220,90,26,134,2,2580,120,2700,12,57,183101104,CABRILLO 1104,Los padres,1,6/2/2025 1:21:05 AM,161699.501072235
RIVER OAKS,21kV,Yes,467,5,20,0,1,0,0,0,21,58,082342107,RIVER OAKS 2107,San jose,1,6/2/2025 1:21:05 AM,6366.79707170274
PARLIER,12kV,Yes,53,9,3,78,0,340,230,570,12,59,252291105,PARLIER 1105,Fresno,1,6/2/2025 1:21:05 AM,43251.8492315392
HOLLISTER,21kV,No,380,153,37,162,11,2640,20,2660,21,60,182492102,HOLLISTER 2102,Central coast,1,6/2/2025 1:21:05 AM,222271.622339809
SAN JOSE B,12kV,Yes,562,71,15,1,0,1280,10,1290,12,61,082261116,SAN JOSE B 1116,San jose,1,6/2/2025 1:21:05 AM,12351.2247180809
MC KEE,12kV,No,3871,140,23,6,8,5510,1570,7080,12,62,083531107,MC KEE 1107,San jose,1,6/2/2025 1:21:05 AM,92785.6568627498
GATES,12kV,Yes,0,2,5,67,26,2720,8250,10970,12,63,253931105,GATES 1105,Fresno,1,6/2/2025 1:21:05 AM,81055.2341036694
WHITMORE,12kV,No,489,45,2,8,,727,749,1476,12,64,103601101,WHITMORE 1101,North Valley,1,10/10/2025 9:34:38 AM,195999.445339363
TRIMBLE,12kV,Yes,0,12,33,0,8,0,0,0,12,65,083801104,TRIMBLE 1104,San jose,1,6/2/2025 1:21:05 AM,12426.543873254
TRACY,12kV,No,1706,189,56,0,8,2470,360,2830,12,66,162881111,TRACY 1111,Stockton,1,11/11/2025 12:30:19 PM,34737.6035645538
LINCOLN,12kV,No,1709,168,60,30,6,9760,3340,13100,12,67,153701105,LINCOLN 1105,Sierra,1,6/2/2025 1:21:05 AM,116698.756469885
LARKIN (Y),12kV,No,5480,304,96,0,12,230,20,250,12,68,022801127,LARKIN (Y) 1127,San francisco,1,6/2/2025 1:21:05 AM,24468.2077551885
CONTRA COSTA,21kV,No,4657,136,39,6,11,10790,340,11130,21,69,013652109,CONTRA COSTA 2109,Diablo,1,11/11/2025 12:30:23 PM,113728.631765075
WOODWARD,21kV,No,2440,131,125,7,9,14850,710,15560,21,70,255292104,WOODWARD 2104,Fresno,1,6/2/2025 1:21:05 AM,75714.9360032821
SAN LEANDRO U,12kV,Yes,2084,242,63,0,14,1160,760,1920,12,71,013111105,SAN LEANDRO U 1105,Mission,1,6/2/2025 1:21:05 AM,27932.4148553475
7TH STANDARD,21kV,No,4845,147,48,0,5,20880,2460,23340,21,72,254582101,7TH STANDARD 2101,Kern,1,6/2/2025 1:21:05 AM,124951.052347035
SANTA MARIA,12kV,No,6131,716,143,50,19,4140,3320,7460,12,73,182671108,SANTA MARIA 1108,Los padres,1,6/2/2025 1:21:05 AM,230263.103113646
ROCKLIN,12kV,No,2510,128,47,3,7,3960,80,4040,12,74,152061102,ROCKLIN 1102,Sierra,1,6/2/2025 1:21:05 AM,62959.2886210087
HILLSDALE,4.16kV,No,977,43,6,0,2,1150,110,1260,4,75,024110402,HILLSDALE 0402,Peninsula,1,6/2/2025 1:21:05 AM,17653.079853114
CLAY,12kV,Yes,1424,179,39,46,7,5690,10680,16370,12,76,163341103,CLAY 1103,Stockton,1,6/2/2025 1:21:05 AM,251659.840915785
OAKLAND X,12kV,No,5290,240,67,0,,929,1260,2189,12,77,012541103,OAKLAND X 1103,East Bay,1,10/10/2025 8:50:29 AM,19503.6705190847
MESA,12kV,No,86,15,4,107,,1060,1072,2132,12,78,182821102,MESA 1102,Los Padres,1,10/10/2025 8:50:30 AM,72136.7323677153
SUISUN,12kV,No,2779,152,38,0,6,2340,80,2420,12,79,062131107,SUISUN 1107,North Bay,1,11/11/2025 12:30:19 PM,39424.9347998515
CORTINA,12kV,Yes,84,55,8,107,7,2270,6940,9210,12,80,063121101,CORTINA 1101,Sacramento,1,11/11/2025 12:30:22 PM,124283.276613088
LAKEVIEW,12kV,Yes,18,29,14,89,3,2560,1790,4350,12,81,253411102,LAKEVIEW 1102,Kern,1,6/2/2025 1:21:05 AM,105561.756309229
SUISUN,12kV,No,268,116,110,0,4,720,0,720,12,82,062131111,SUISUN 1111,North bay,1,6/2/2025 1:21:05 AM,20938.1856513844
COLUSA,12kV,No,69,36,6,120,0,1700,6110,7810,12,83,062021105,COLUSA 1105,Sacramento,1,6/2/2025 1:21:05 AM,94469.6951969694
BUENA VISTA,12kV,Yes,0,151,55,7,,1159,1893,3052,12,84,182261104,BUENA VISTA 1104,Central Coast,1,10/10/2025 8:50:32 AM,21422.8087401943
TRACY,12kV,No,2572,89,11,0,3,6250,6100,12350,12,85,162881112,TRACY 1112,Stockton,1,6/2/2025 1:21:05 AM,44299.571963992
MABURY,12kV,Yes,1296,62,35,0,5,2890,3040,5930,12,86,082191103,MABURY 1103,San jose,1,6/2/2025 1:21:05 AM,19406.8628184683
CROWS LANDING,12kV,Yes,4,0,0,5,0,50,3170,3220,12,87,163251102,CROWS LANDING 1102,Yosemite,1,6/2/2025 1:21:05 AM,6661.37268570069
MAPLE,4.16kV,No,1079,37,1,0,1,290,0,290,4,88,013520401,MAPLE 0401,East Bay,1,10/10/2025 9:34:36 AM,7657.03646048378
SANTA ROSA A,12kV,No,3110,375,186,0,26,3030,1460,4490,12,89,042151103,SANTA ROSA A 1103,Sonoma,1,10/10/2025 9:34:37 AM,57102.5577372859
CURTIS,17kV,No,3300,443,79,21,49,5790,1080,6870,17,90,163351703,CURTIS 1703,Yosemite,1,10/10/2025 9:34:38 AM,427149.728481842
CASTRO VALLEY,12kV,No,4382,491,160,0,39,1580,250,1830,12,91,014091109,CASTRO VALLEY 1109,Mission,1,10/10/2025 9:34:38 AM,48786.0353816776
MT EDEN,12kV,No,1375,246,150,0,13,1010,480,1490,12,92,013761102,MT EDEN 1102,Mission,1,6/2/2025 1:21:05 AM,35178.0533112472
RINCON,12kV,No,3044,212,60,0,15,1720,400,2120,12,93,043321104,RINCON 1104,Sonoma,1,6/2/2025 1:21:05 AM,43307.4634443689
HICKS,12kV,No,3264,140,32,0,5,7770,660,8430,12,94,083431116,HICKS 1116,San jose,1,6/2/2025 1:21:05 AM,89956.4178318595
LERDO,12kV,Yes,5,53,36,22,9,60,3360,3420,12,95,253491110,LERDO 1110,Kern,1,6/2/2025 1:21:05 AM,28388.9049876232
EAST STOCKTON,12kV,No,1812,89,38,0,15,4240,330,4570,12,96,163131102,EAST STOCKTON 1102,Stockton,1,6/2/2025 1:21:05 AM,34943.4911364233
CHOWCHILLA,12kV,No,1084,81,56,35,3,6950,920,7870,12,97,254101102,CHOWCHILLA 1102,Yosemite,1,6/2/2025 1:21:05 AM,65241.743280027
OAKLAND X,12kV,No,3553,209,38,0,22,5510,530,6040,12,98,012541106,OAKLAND X 1106,East bay,1,6/2/2025 1:21:05 AM,74919.6500101552
SHINGLE SPRINGS,12kV,No,1173,178,25,3,3,4380,320,4700,12,99,153651104,SHINGLE SPRINGS 1104,Sierra,1,6/2/2025 1:21:05 AM,128150.717576034
WOODLAND,12kV,Yes,2052,73,14,0,1,3170,1280,4450,12,100,062031107,WOODLAND 1107,Sacramento,1,6/2/2025 1:21:05 AM,29328.2620847441
KONOCTI,12kV,No,1926,98,12,4,0,3440,6860,10300,12,101,043311108,KONOCTI 1108,Humboldt,1,6/2/2025 1:21:05 AM,69745.9334452709
HAMMER,12kV,No,1261,128,31,0,6,2380,280,2660,12,102,163301105,HAMMER 1105,Stockton,1,6/2/2025 1:21:05 AM,27397.8673889462
CALIFORNIA AVE,12kV,Yes,23,124,75,1,17,3260,4380,7640,12,103,252281112,CALIFORNIA AVE 1112,Fresno,1,6/2/2025 1:21:05 AM,18494.4378568874
NEW HOPE,12kV,Yes,140,35,5,143,4,700,250,950,12,104,162081102,NEW HOPE 1102,Stockton,1,6/2/2025 1:21:05 AM,104905.358250503
EDENVALE,21kV,No,6430,178,69,0,14,4750,220,4970,21,105,082952108,EDENVALE 2108,San jose,1,6/2/2025 1:21:05 AM,68708.6338059832
SANTA MARIA,12kV,No,4396,284,132,0,18,2610,650,3260,12,106,182671106,SANTA MARIA 1106,Los padres,1,6/2/2025 1:21:05 AM,65029.4907956859
HICKS,12kV,No,2483,52,26,0,3,3810,160,3970,12,107,083431115,HICKS 1115,San jose,1,6/2/2025 1:21:05 AM,40189.6547757624
TIDEWATER,21kV,Yes,2341,226,73,0,19,3260,140,3400,21,108,014652105,TIDEWATER 2105,Diablo,1,10/10/2025 9:34:35 AM,50143.4745876971
DIXON LANDING,21kV,No,1732,180,78,0,19,1910,210,2120,21,109,014722102,DIXON LANDING 2102,Mission,1,6/2/2025 1:21:05 AM,36748.6373436989
RICHMOND R,12kV,Yes,1090,130,34,1,0,1040,30,1070,12,110,013471121,RICHMOND R 1121,East Bay,1,10/10/2025 9:34:37 AM,27240.1570328937
WASCO,12kV,Yes,1138,184,37,1,2,1470,130,1600,12,111,252961104,WASCO 1104,Kern,1,6/2/2025 1:21:05 AM,20988.768851935
SAN MIGUEL,12kV,Yes,958,166,50,244,1,6490,1090,7580,12,112,182661107,SAN MIGUEL 1107,Los padres,1,6/2/2025 1:21:05 AM,319411.616203411
LAKEWOOD,12kV,No,2922,220,47,0,,2807,2934,5741,12,113,013531104,LAKEWOOD 1104,Diablo,1,11/11/2025 12:30:18 PM,38126.7663330683
OROSI,12kV,Yes,108,14,5,249,2,110,24150,24260,12,114,252841102,OROSI 1102,Fresno,1,11/11/2025 12:30:20 PM,70148.1806033605
SHADY GLEN,12kV,No,816,98,14,0,5,940,90,1030,12,115,152431102,SHADY GLEN 1102,Sierra,1,11/11/2025 12:30:21 PM,133441.330126367
SAN LEANDRO U,12kV,Yes,0,84,27,0,,2997,2997,5994,12,116,013111115,SAN LEANDRO U 1115,Mission,1,10/10/2025 8:50:30 AM,7144.02279102549
MARINA (F),4.16kV,Yes,640,7,1,0,9,40,0,40,4,117,022780403,MARINA (F) 0403,San francisco,1,6/2/2025 1:21:05 AM,2315.79173247105
OLD RIVER,12kV,Yes,15,20,10,124,4,8880,1950,10830,12,118,252821103,OLD RIVER 1103,Kern,1,6/2/2025 1:21:05 AM,76456.6270203863
WILLOW PASS,21kV,No,4653,179,46,0,25,10790,660,11450,21,119,013912107,WILLOW PASS 2107,Diablo,1,11/11/2025 12:30:18 PM,97743.9340069478
ARCATA,12kV,No,4143,147,14,71,2,3920,7180,11100,12,120,192021105,ARCATA 1105,Humboldt,1,6/2/2025 1:21:05 AM,113832.787592838
MAXWELL,12kV,Yes,24,20,2,64,1,460,560,1020,12,121,062881106,MAXWELL 1106,Sacramento,1,6/2/2025 1:21:05 AM,62878.4625682125
MIWUK,17kV,No,3465,233,26,1,15,1460,90,1550,17,122,163661701,MIWUK 1701,Yosemite,1,6/2/2025 1:21:05 AM,172236.213252346
PIT NO 1,12kV,No,657,164,15,47,5,2230,690,2920,12,123,103721101,PIT NO 1 1101,North valley,1,6/2/2025 1:21:05 AM,123178.551956784
MILPITAS,21kV,Yes,80,39,49,0,0,2450,10,2460,21,124,082832115,MILPITAS 2115,San jose,1,6/2/2025 1:21:05 AM,11919.224117649
STOCKDALE,21kV,No,3762,184,184,1,10,14020,4190,18210,21,125,254072105,STOCKDALE 2105,Kern,1,6/2/2025 1:21:05 AM,84947.089271628
BUTTE,12kV,No,1179,302,168,17,11,1530,180,1710,12,126,103081106,BUTTE 1106,North valley,1,6/2/2025 1:21:05 AM,41738.4930547022
OAKLAND X,12kV,No,1930,49,3,0,0,3200,270,3470,12,127,012541101,OAKLAND X 1101,East bay,1,6/2/2025 1:21:05 AM,34436.0918678207
CHOWCHILLA,12kV,No,443,57,21,141,11,5730,10820,16550,12,128,254101103,CHOWCHILLA 1103,Yosemite,1,6/2/2025 1:21:05 AM,103735.433617534
GRANT,12kV,Yes,27,280,171,0,4,1240,2160,3400,12,129,014381102,GRANT 1102,Mission,1,10/10/2025 9:34:35 AM,24682.0252998726
21ST AVENUE,4.16kV,No,1095,125,10,0,1,190,20,210,4,130,022550401,21ST AVENUE 0401,San francisco,1,6/2/2025 1:21:05 AM,4090.66404816585
SAN RAMON,21kV,No,1498,487,254,0,22,4910,1320,6230,21,131,014232111,SAN RAMON 2111,Mission,1,11/11/2025 12:30:18 PM,56114.0965156439
SF J,12kV,No,0,27,30,0,3,0,0,0,12,132,022221101,SF J 1101,San francisco,1,6/2/2025 1:21:05 AM,2000.92137669883
OAKLAND D,12kV,No,4882,393,108,0,19,1230,720,1950,12,133,012041105,OAKLAND D 1105,East bay,1,6/2/2025 1:21:05 AM,30599.5136820516
BAY MEADOWS,12kV,Yes,1341,179,54,0,5,1240,350,1590,12,134,024011105,BAY MEADOWS 1105,Peninsula,1,6/2/2025 1:21:05 AM,24526.0216855345
BERESFORD,4.16kV,No,1358,55,2,1,9,2160,290,2450,4,135,024040403,BERESFORD 0403,Peninsula,1,11/11/2025 12:30:18 PM,30399.871886329
STROUD,12kV,Yes,56,23,3,59,19,2400,0,2400,12,136,253661101,STROUD 1101,Fresno,1,6/2/2025 1:21:05 AM,93815.5143142324
CLEAR LAKE,12kV,No,1550,534,122,133,5,3820,18510,22330,12,137,042141102,CLEAR LAKE 1102,Humboldt,1,11/11/2025 12:30:19 PM,182500.322071408
BORDEN,12kV,No,1223,75,13,122,6,6540,1950,8490,12,138,255121101,BORDEN 1101,Yosemite,1,11/11/2025 12:30:21 PM,145086.95271349
BELLEVUE,12kV,No,3087,464,148,5,,5229,9525,14754,12,139,043181104,BELLEVUE 1104,Sonoma,1,10/10/2025 8:50:32 AM,74420.0135224464
HUMBOLDT BAY,12kV,No,2936,174,34,19,15,1380,190,1570,12,140,192341102,HUMBOLDT BAY 1102,Humboldt,1,6/2/2025 1:21:05 AM,113271.521266173
CHALLENGE,12kV,No,771,100,10,4,0,320,70,390,12,141,103201102,CHALLENGE 1102,North valley,1,6/2/2025 1:21:05 AM,133045.427651008
HIGGINS,12kV,No,915,151,24,14,3,2860,200,3060,12,142,152691109,HIGGINS 1109,Sierra,1,6/2/2025 1:21:05 AM,187847.948105538
SANTA ROSA A,12kV,No,3780,450,177,4,23,2590,830,3420,12,143,042151108,SANTA ROSA A 1108,Sonoma,1,6/2/2025 1:21:05 AM,59312.2811531398
ROCKLIN,12kV,No,1173,75,38,0,10,3080,400,3480,12,144,152061101,ROCKLIN 1101,Sierra,1,6/2/2025 1:21:05 AM,35105.2539580095
LINCOLN,12kV,No,1270,103,11,110,1,4340,1340,5680,12,145,153701104,LINCOLN 1104,Sierra,1,6/2/2025 1:21:05 AM,296604.519963731
TRACY,12kV,No,2438,165,38,0,4,4130,120,4250,12,146,162881105,TRACY 1105,Stockton,1,6/2/2025 1:21:05 AM,47194.8761430461
MARICOPA,12kV,Yes,498,46,25,0,5,2900,1020,3920,12,147,254211102,MARICOPA 1102,Kern,1,6/2/2025 1:21:05 AM,73516.7076710091
SF K,4.16kV,No,702,19,1,0,3,70,20,90,4,148,022130404,SF K 0404,San francisco,1,6/2/2025 1:21:05 AM,2374.3078815342
LARKIN (Y),12kV,Yes,0,3,12,0,0,0,0,0,12,149,022801115,LARKIN (Y) 1115,San francisco,1,6/2/2025 1:21:05 AM,4851.08246885528
OROSI,12kV,Yes,307,23,10,287,3,2680,120,2800,12,150,252841103,OROSI 1103,Fresno,1,11/11/2025 12:30:20 PM,76229.2666085907
ESQUON,12kV,Yes,4,0,1,17,,27,40,67,12,151,102171103,ESQUON 1103,North Valley,1,11/11/2025 12:30:22 PM,16283.1516624197
FIGARDEN,21kV,No,2538,188,174,14,20,8230,1190,9420,21,152,254552113,FIGARDEN 2113,Fresno,1,6/2/2025 1:21:05 AM,89819.7315269551
FORT BRAGG A,12kV,No,2187,219,31,10,8,1610,120,1730,12,153,042761102,FORT BRAGG A 1102,Humboldt,1,6/2/2025 1:21:05 AM,180491.561882494
MILPITAS,21kV,Yes,1603,28,21,0,0,370,30,400,21,154,082832113,MILPITAS 2113,San jose,1,6/2/2025 1:21:05 AM,13003.1939341462
BASALT,12kV,No,2875,216,61,147,18,4950,2390,7340,12,155,042461106,BASALT 1106,North bay,1,6/2/2025 1:21:05 AM,180896.726397066
PINE GROVE,12kV,No,3931,431,37,8,7,4640,8050,12690,12,156,163751102,PINE GROVE 1102,Stockton,1,6/2/2025 1:21:05 AM,461387.691582208
PINE GROVE,12kV,Yes,1227,150,8,3,2,2630,240,2870,12,157,163751101,PINE GROVE 1101,Stockton,1,6/2/2025 1:21:05 AM,177274.871763744
ANITA,12kV,Yes,209,21,1,97,0,2520,340,2860,12,158,102841101,ANITA 1101,North valley,1,6/2/2025 1:21:05 AM,73994.7991054695
ESTUDILLO,4.16kV,No,721,51,13,0,,690,774,1464,4,159,013480401,ESTUDILLO 0401,Mission,1,10/10/2025 8:50:31 AM,10239.6198973607
7TH STANDARD,21kV,Yes,386,31,45,36,5,8210,5700,13910,21,160,254582102,7TH STANDARD 2102,Kern,1,6/2/2025 1:21:05 AM,53780.8589382542
SAN JOAQUIN,12kV,No,549,71,21,108,4,860,40,900,12,161,252361108,SAN JOAQUIN 1108,Fresno,1,6/2/2025 1:21:05 AM,89384.2122851287
OAKLAND L,12kV,Yes,46,34,22,0,4,0,0,0,12,162,012111116,OAKLAND L 1116,East bay,1,6/2/2025 1:21:05 AM,3267.668527695
EEL RIVER,12kV,No,1088,237,19,138,0,530,130,660,12,163,192381103,EEL RIVER 1103,Humboldt,1,10/10/2025 9:34:37 AM,129394.664836688
SARATOGA,12kV,No,3128,345,93,0,9,3230,510,3740,12,164,083371115,SARATOGA 1115,De anza,1,6/2/2025 1:21:05 AM,61714.9395704567
GRAND ISLAND,21kV,No,374,122,32,29,4,380,670,1050,21,165,062462224,GRAND ISLAND 2224,Sacramento,1,10/10/2025 9:34:37 AM,130347.878389653
LOCKEFORD,21kV,No,1645,267,49,596,9,11500,1320,12820,21,166,163682102,LOCKEFORD 2102,Stockton,1,10/10/2025 9:34:37 AM,525405.190707451
KERN OIL,12kV,No,1875,170,88,0,6,2560,1210,3770,12,167,252721109,KERN OIL 1109,Kern,1,10/10/2025 9:34:37 AM,43262.4498213638
EAST QUINCY,12kV,No,1294,227,49,0,4,700,50,750,12,168,102551101,EAST QUINCY 1101,North Valley,1,10/10/2025 9:34:37 AM,49050.0831591591
KNIGHTS LANDING,12kV,Yes,525,184,24,139,4,2400,160,2560,12,169,062721102,KNIGHTS LANDING 1102,Sacramento,1,10/10/2025 9:34:37 AM,247978.492464583
BELLE HAVEN,4.16kV,No,762,16,1,0,2,1380,180,1560,4,170,024020407,BELLE HAVEN 0407,Peninsula,1,10/10/2025 9:34:37 AM,15673.3841279661
NORIEGA,4.16kV,No,590,22,0,0,2,130,10,140,4,171,022510401,NORIEGA 0401,San francisco,1,6/2/2025 1:21:05 AM,3199.62328615121
SANTA ROSA A,12kV,No,2862,291,112,0,27,1520,1090,2610,12,172,042151112,SANTA ROSA A 1112,Sonoma,1,6/2/2025 1:21:05 AM,35646.4143329442
GATES,12kV,Yes,15,15,7,44,31,1480,1750,3230,12,173,253931111,GATES 1111,Fresno,1,6/2/2025 1:21:05 AM,54577.4699206553
CAMP EVERS,21kV,No,2162,216,47,0,9,2600,170,2770,21,174,083622107,CAMP EVERS 2107,Central coast,1,6/2/2025 1:21:05 AM,94953.8758990506
MORGAN HILL,21kV,Yes,983,146,122,1,5,6850,2620,9470,21,175,083242103,MORGAN HILL 2103,San jose,1,6/2/2025 1:21:05 AM,33528.7613162512
PARADISE,12kV,No,804,124,29,1,6,1000,160,1160,12,176,102831102,PARADISE 1102,North valley,1,6/2/2025 1:21:05 AM,49060.0407363273
NEWARK 12KV,12kV,Yes,551,76,49,0,5,1050,20,1070,12,177,012221104,NEWARK 12KV 1104,Mission,1,6/2/2025 1:21:05 AM,20502.2835561705
STOCKDALE,21kV,No,1581,226,76,0,6,3170,490,3660,21,178,254072106,STOCKDALE 2106,Kern,1,6/2/2025 1:21:05 AM,46903.5813947812
POTRERO PP (A),12kV,No,3747,423,137,0,30,920,160,1080,12,179,022031110,POTRERO PP (A) 1110,San francisco,1,6/2/2025 1:21:05 AM,18781.0372625727
SAN CARLOS,4.16kV,No,1567,77,18,0,3,1320,60,1380,4,180,024180405,SAN CARLOS 0405,Peninsula,1,6/2/2025 1:21:05 AM,18160.0689488991
PANAMA,21kV,No,5982,223,67,33,16,11710,670,12380,21,181,253422102,PANAMA 2102,Kern,1,6/2/2025 1:21:05 AM,130610.990359464
KERN POWER,21kV,No,4378,221,218,1,15,17960,1100,19060,21,182,255262105,KERN POWER 2105,Kern,1,6/2/2025 1:21:05 AM,103395.551996658
COLUSA,12kV,No,889,256,27,109,1,20880,660,21540,12,183,062021101,COLUSA 1101,Sacramento,1,6/2/2025 1:21:05 AM,120432.293433978
WOODLAND,12kV,No,1157,315,124,20,8,4880,8390,13270,12,184,062031110,WOODLAND 1110,Sacramento,1,11/11/2025 12:30:20 PM,43644.3392298001
WESTLEY,12kV,No,695,113,37,238,10,1870,5440,7310,12,185,162671103,WESTLEY 1103,Yosemite,1,6/2/2025 1:21:05 AM,203949.057120001
SANGER,12kV,No,1333,127,20,304,1,5370,420,5790,12,186,252351108,SANGER 1108,Fresno,1,6/2/2025 1:21:05 AM,192380.448905249
DUMBARTON,21kV,Yes,1007,108,86,0,13,3220,3710,6930,21,187,014472111,DUMBARTON 2111,Mission,1,6/2/2025 1:21:05 AM,47146.9014432588
STONE CORRAL,12kV,Yes,19,4,1,99,0,20,20,40,12,188,252921109,STONE CORRAL 1109,Fresno,1,6/2/2025 1:21:05 AM,33245.4864658853
GONZALES,12kV,Yes,325,59,18,14,2,4190,2250,6440,12,189,182131103,GONZALES 1103,Central coast,1,6/2/2025 1:21:05 AM,15011.8318217955
HOLLISTER,21kV,Yes,374,202,59,91,7,1510,1040,2550,21,190,182492107,HOLLISTER 2107,Central Coast,1,10/10/2025 9:34:39 AM,105512.519527658
LAKEWOOD,21kV,No,614,88,40,0,6,330,130,460,21,191,013532108,LAKEWOOD 2108,Diablo,1,11/11/2025 12:30:18 PM,10863.1560718663
SAN JOSE B,12kV,Yes,77,12,7,0,2,430,0,430,12,192,082261109,SAN JOSE B 1109,San jose,1,6/2/2025 1:21:05 AM,3819.72836507049
CLAYTON,21kV,No,4291,187,54,0,,8178,8638,16816,21,193,012022216,CLAYTON 2216,Diablo,1,11/11/2025 12:30:20 PM,82962.4775341279
EMBARCADERO (Z),12kV,Yes,369,96,90,0,7,50,120,170,12,194,022871113,EMBARCADERO (Z) 1113,San francisco,1,6/2/2025 1:21:05 AM,9928.35657916885
LAS GALLINAS A,12kV,No,1966,324,105,0,13,1410,760,2170,12,195,042991107,LAS GALLINAS A 1107,Sonoma,1,6/2/2025 1:21:05 AM,43068.8054541517
OAKLAND X,12kV,No,6231,135,18,0,,9378,9747,19125,12,196,012541104,OAKLAND X 1104,East Bay,1,10/10/2025 8:50:29 AM,49951.5695898439
EDENVALE,21kV,Yes,1063,17,32,0,9,10060,2830,12890,21,197,082952112,EDENVALE 2112,San jose,1,6/2/2025 1:21:05 AM,25899.0917196917
OAK,4.16kV,No,1243,68,0,0,0,1340,130,1470,4,198,012600401,OAK 0401,East bay,1,6/2/2025 1:21:05 AM,12470.3665811767
SPENCE,12kV,Yes,195,102,22,143,1,1030,910,1940,12,199,182201101,SPENCE 1101,Central coast,1,6/2/2025 1:21:05 AM,111425.801386898
HARTER,12kV,No,655,284,119,0,5,3190,740,3930,12,200,152851104,HARTER 1104,Sacramento,1,6/2/2025 1:21:05 AM,30727.5986587684
DAVIS,12kV,No,3878,120,28,0,11,2540,1030,3570,12,201,062041105,DAVIS 1105,Sacramento,1,6/2/2025 1:21:05 AM,35837.3422712024
STONE,12kV,No,3468,296,119,3,26,2280,80,2360,12,202,083701107,STONE 1107,San jose,1,6/2/2025 1:21:05 AM,36045.3613327564
HUNTERS POINT (P),12kV,Yes,1,123,50,0,33,210,0,210,12,203,022331106,HUNTERS POINT (P) 1106,San francisco,1,6/2/2025 1:21:05 AM,14176.4422018258
REEDLEY,12kV,No,963,83,27,821,13,9000,150,9150,12,204,252341106,REEDLEY 1106,Fresno,1,6/2/2025 1:21:05 AM,254365.544510735
PENRYN,12kV,No,1459,75,12,14,8,5890,370,6260,12,205,152561103,PENRYN 1103,Sierra,1,6/2/2025 1:21:05 AM,178154.519468947
SF J,12kV,No,0,24,27,0,1,2000,0,2000,12,206,022221102,SF J 1102,San francisco,1,6/2/2025 1:21:05 AM,2926.23943413049
CHOWCHILLA,12kV,No,1256,165,59,0,11,2690,210,2900,12,207,254101105,CHOWCHILLA 1105,Yosemite,1,6/2/2025 1:21:05 AM,24464.7628287685
WEST LANE,12kV,No,1493,259,82,2,9,2730,270,3000,12,208,163621101,WEST LANE 1101,Stockton,1,6/2/2025 1:21:05 AM,41231.4133039791
COTTLE,17kV,No,727,415,205,102,11,2660,470,3130,17,209,163711707,COTTLE 1707,Yosemite,1,6/2/2025 1:21:05 AM,118669.857133981
WOLFE,12kV,No,1721,81,53,0,15,980,330,1310,12,210,083671110,WOLFE 1110,De Anza,1,11/11/2025 12:30:18 PM,25121.0286347701
STOCKTON A,4.16kV,Yes,13,32,18,0,,13,13,26,4,211,162370405,STOCKTON A 0405,Stockton,1,11/11/2025 12:30:20 PM,6539.54696316867
SALT SPRINGS,21kV,No,1937,68,7,0,8,190,0,190,21,212,163692102,SALT SPRINGS 2102,Stockton,1,6/2/2025 1:21:05 AM,144078.375406462
MEADOW LANE,21kV,No,812,395,182,2,17,2160,370,2530,21,213,014302110,MEADOW LANE 2110,Diablo,1,11/11/2025 12:30:24 PM,33655.8173336832
TWISSELMAN,21kV,Yes,11,20,11,105,5,6630,12730,19360,21,214,254402105,TWISSELMAN 2105,Kern,1,6/2/2025 1:21:05 AM,179944.87019888
IGNACIO,12kV,No,4162,195,44,0,22,3600,350,3950,12,215,042481105,IGNACIO 1105,Sonoma,1,6/2/2025 1:21:05 AM,77625.2582393465
MILPITAS,12kV,No,4058,224,59,9,14,4620,480,5100,12,216,082831109,MILPITAS 1109,San jose,1,6/2/2025 1:21:05 AM,135839.051155443
CORONA,12kV,Yes,2865,207,64,9,19,4200,5430,9630,12,217,043491103,CORONA 1103,Sonoma,1,6/2/2025 1:21:05 AM,79328.3165368122
SF L,4.16kV,No,851,28,2,0,3,690,60,750,4,218,022260401,SF L 0401,San francisco,1,6/2/2025 1:21:05 AM,10851.8210783139
BANGOR,12kV,No,1842,188,18,54,0,4560,12050,16610,12,219,103191101,BANGOR 1101,North Valley,1,10/10/2025 9:34:37 AM,421293.068141421
SAN RAFAEL,12kV,No,3193,491,120,0,13,940,40,980,12,220,042011102,SAN RAFAEL 1102,Sonoma,1,6/2/2025 1:21:05 AM,32503.216246201
MISSION (X),12kV,No,2447,497,96,0,18,80,0,80,12,221,022011111,MISSION (X) 1111,San francisco,1,6/2/2025 1:21:05 AM,13647.3281715008
SAN JOSE B,12kV,No,866,453,187,0,22,1400,320,1720,12,222,082261108,SAN JOSE B 1108,San jose,1,6/2/2025 1:21:05 AM,30158.5906555044
CASTRO VALLEY,12kV,No,5285,131,26,0,7,5840,300,6140,12,223,014091102,CASTRO VALLEY 1102,Mission,1,10/10/2025 9:34:38 AM,83755.9944337211
CASTRO VALLEY,12kV,No,2512,94,13,0,3,6460,370,6830,12,224,014091111,CASTRO VALLEY 1111,Mission,1,10/10/2025 9:34:38 AM,71263.3437448051
SF H,4.16kV,No,1868,37,6,0,8,490,30,520,4,225,022100401,SF H 0401,Peninsula,1,6/2/2025 1:21:05 AM,11309.1347739327
VIERRA,17kV,No,4278,192,125,4,25,14370,3250,17620,17,226,162701701,VIERRA 1701,Stockton,1,6/2/2025 1:21:05 AM,129411.22768905
SUISUN,12kV,Yes,1052,185,69,0,7,990,1340,2330,12,227,062131106,SUISUN 1106,North bay,1,6/2/2025 1:21:05 AM,21237.490125973
TEMBLOR,12kV,Yes,6,33,29,2,0,3750,17020,20770,12,228,252551104,TEMBLOR 1104,Kern,1,6/2/2025 1:21:05 AM,98143.0551467451
LOW GAP,12kV,Yes,617,96,13,8,0,5110,10,5120,12,229,192411101,LOW GAP 1101,Humboldt,1,6/2/2025 1:21:05 AM,154432.372043793
CHARCA,12kV,Yes,60,47,8,169,1,3570,9440,13010,12,230,254501102,CHARCA 1102,Kern,1,6/2/2025 1:21:05 AM,123287.945905984
HUNTERS POINT (P),12kV,Yes,3041,276,60,0,16,480,50,530,12,231,022331107,HUNTERS POINT (P) 1107,San francisco,1,6/2/2025 1:21:05 AM,18761.4144673922
ALTO,12kV,No,3787,204,23,2,4,5050,650,5700,12,232,042031125,ALTO 1125,Sonoma,1,6/2/2025 1:21:05 AM,103851.55489915
SHAFTER,12kV,Yes,148,32,17,118,0,3250,1900,5150,12,233,253651102,SHAFTER 1102,Kern,1,6/2/2025 1:21:05 AM,74309.7213659712
LOS ALTOS,12kV,No,2551,96,94,0,3,200,10,210,12,234,082241107,LOS ALTOS 1107,De Anza,1,11/11/2025 12:30:22 PM,11874.0794250389
HAMMER,12kV,No,1404,107,31,0,8,2640,200,2840,12,235,163301104,HAMMER 1104,Stockton,1,11/11/2025 12:30:23 PM,27791.9548464998
ROB ROY,21kV,No,5581,497,110,2,25,4870,720,5590,21,236,083692105,ROB ROY 2105,Central coast,1,6/2/2025 1:21:05 AM,163533.61187667
LAS POSITAS,21kV,No,995,279,139,2,11,6850,5130,11980,21,237,014402110,LAS POSITAS 2110,Mission,1,6/2/2025 1:21:05 AM,80959.0595866733
ALPINE,12kV,Yes,276,6,0,0,0,40,10,50,12,238,163561101,ALPINE 1101,Stockton,1,6/2/2025 1:21:05 AM,15263.5735174466
BELMONT,4.16kV,No,775,48,14,0,0,360,140,500,4,239,024030403,BELMONT 0403,Peninsula,1,6/2/2025 1:21:05 AM,11363.8435289675
NEWHALL,12kV,Yes,11,16,2,190,10,6440,1310,7750,12,240,254461109,NEWHALL 1109,Yosemite,1,6/2/2025 1:21:05 AM,148800.2059496
REDWOOD CITY,12kV,Yes,1,100,52,0,8,100,0,100,12,241,024161102,REDWOOD CITY 1102,Peninsula,1,6/2/2025 1:21:05 AM,8398.62766385138
STOCKDALE,21kV,No,3588,151,38,0,7,7240,300,7540,21,242,254072107,STOCKDALE 2107,Kern,1,6/2/2025 1:21:05 AM,68323.915021225
KERN OIL,12kV,Yes,163,15,11,3,0,970,5420,6390,12,243,252721104,KERN OIL 1104,Kern,1,11/11/2025 12:30:21 PM,80201.6841625248
SF J,4.16kV,No,1563,65,5,0,2,40,0,40,4,244,022220404,SF J 0404,San francisco,1,6/2/2025 1:21:05 AM,3655.40007438301
SUNOL,12kV,Yes,504,139,44,11,41,1420,270,1690,12,245,014241101,SUNOL 1101,Mission,1,6/2/2025 1:21:05 AM,121556.177588182
PARADISE,12kV,No,2242,166,61,0,4,5900,540,6440,12,246,102831104,PARADISE 1104,North valley,1,6/2/2025 1:21:05 AM,220224.699493262
ROUGH AND READY ISLA,12kV,No,1518,151,87,95,31,3200,2190,5390,12,247,163081102,ROUGH AND READY ISLA 1102,Stockton,1,6/2/2025 1:21:05 AM,141615.029825427
SF G,12kV,Yes,1256,93,27,0,213,220,10,230,12,248,022091101,SF G 1101,San francisco,1,6/2/2025 1:21:05 AM,15541.8233703992
PAUL SWEET,21kV,No,5753,631,148,0,17,3940,510,4450,21,249,083252108,PAUL SWEET 2108,Central Coast,1,11/11/2025 12:30:18 PM,56307.6867995199
SEMITROPIC,12kV,Yes,15,4,1,64,0,850,10730,11580,12,250,252901112,SEMITROPIC 1112,Kern,1,11/11/2025 12:30:19 PM,54140.1873806409
RANDOLPH,4.16kV,No,1120,33,8,0,2,0,0,0,4,251,022590401,RANDOLPH 0401,San francisco,1,6/2/2025 1:21:05 AM,6314.84174216731
RICE,12kV,Yes,314,81,7,197,3,2860,360,3220,12,252,062831103,RICE 1103,Sacramento,1,6/2/2025 1:21:05 AM,166192.894012322
MC CALL,12kV,Yes,1250,282,128,19,32,3630,70,3700,12,253,254121105,MC CALL 1105,Fresno,1,6/2/2025 1:21:05 AM,51649.808430022
NORCO,12kV,Yes,1,6,7,0,2,0,0,0,12,254,254691102,NORCO 1102,Kern,1,11/11/2025 12:30:21 PM,15175.2879693472
BERKELEY F,4.16kV,No,1014,75,15,0,5,210,10,220,4,255,012060402,BERKELEY F 0402,East bay,1,6/2/2025 1:21:05 AM,5504.36708554645
GUSTINE,12kV,No,1403,156,14,113,0,5050,1430,6480,12,256,163111101,GUSTINE 1101,Yosemite,1,6/2/2025 1:21:05 AM,143299.166313551
CALAVERAS CEMENT,12kV,No,2950,419,75,26,94,5150,4550,9700,12,257,162211101,CALAVERAS CEMENT 1101,Stockton,1,6/2/2025 1:21:05 AM,529148.43148032
EDENVALE,21kV,No,4447,179,73,0,15,8450,410,8860,21,258,082952113,EDENVALE 2113,San jose,1,6/2/2025 1:21:05 AM,69633.08291605
KERN OIL,12kV,Yes,209,58,32,5,0,1550,70,1620,12,259,252721106,KERN OIL 1106,Kern,1,11/11/2025 12:30:21 PM,92836.7177228573
HERDLYN,12kV,No,121,66,5,198,1,40,1480,1520,12,260,163741103,HERDLYN 1103,Stockton,1,11/11/2025 12:30:21 PM,191833.865568453
SAN JOAQUIN #2,12kV,No,786,74,1,10,2,780,30,810,12,261,252521103,SAN JOAQUIN #2 1103,Yosemite,1,11/11/2025 12:30:21 PM,162130.969530138
SF G,4.16kV,No,1305,93,26,0,4,200,20,220,4,262,022090405,SF G 0405,San francisco,1,6/2/2025 1:21:05 AM,3784.7288268232
SAN RAMON,21kV,No,5120,184,58,0,25,8720,320,9040,21,263,014232104,SAN RAMON 2104,Mission,1,11/11/2025 12:30:18 PM,87028.452557268
CARUTHERS,12kV,No,543,39,1,328,3,3500,1000,4500,12,264,252371104,CARUTHERS 1104,Fresno,1,6/2/2025 1:21:05 AM,162909.920328901
HOLLISTER,21kV,No,5505,394,161,8,26,7480,560,8040,21,265,182492103,HOLLISTER 2103,Central coast,1,6/2/2025 1:21:05 AM,112151.348579419
LOCKEFORD,21kV,No,1417,203,36,436,4,4770,27580,32350,21,266,163682101,LOCKEFORD 2101,Stockton,1,6/2/2025 1:21:05 AM,192994.449809062
PARADISE,12kV,No,2314,197,51,2,5,4690,780,5470,12,267,102831105,PARADISE 1105,North valley,1,6/2/2025 1:21:05 AM,221047.652315283
GANSNER,12kV,No,1376,275,46,0,9,580,310,890,12,268,103021101,GANSNER 1101,North Valley,1,11/11/2025 12:30:22 PM,114530.990464874
EL CERRITO G,12kV,Yes,2107,143,64,0,24,3120,110,3230,12,269,012501102,EL CERRITO G 1102,East bay,1,6/2/2025 1:21:05 AM,32763.7852821049
DEEPWATER,12kV,No,2802,134,36,24,8,7850,430,8280,12,270,063621107,DEEPWATER 1107,Sacramento,1,11/11/2025 12:30:22 PM,96535.7273099409
FRANKLIN,12kV,No,2165,173,35,0,7,4310,2730,7040,12,271,013921101,FRANKLIN 1101,East Bay,1,10/10/2025 9:34:38 AM,47817.1209514837
LARKIN (Y),12kV,No,174,167,81,0,2,0,0,0,12,272,022801125,LARKIN (Y) 1125,San francisco,1,6/2/2025 1:21:05 AM,5698.90993010359
VINEYARD,21kV,No,6472,227,187,5,36,12310,1420,13730,21,273,014502110,VINEYARD 2110,Mission,1,6/2/2025 1:21:05 AM,149734.944270299
BRITTON,12kV,Yes,0,45,49,0,2,60,120,180,12,274,083611115,BRITTON 1115,De anza,1,6/2/2025 1:21:05 AM,15155.1024548846
LAKEWOOD,21kV,Yes,2306,180,50,0,9,2070,430,2500,21,275,013532109,LAKEWOOD 2109,Diablo,1,6/2/2025 1:21:05 AM,42459.4558367344
OAKLAND L,12kV,No,0,8,13,0,1,0,0,0,12,276,012111112,OAKLAND L 1112,East bay,1,6/2/2025 1:21:05 AM,3119.75645167925
LAS POSITAS,21kV,No,4561,386,124,0,17,7220,380,7600,21,277,014402109,LAS POSITAS 2109,Mission,1,6/2/2025 1:21:05 AM,87279.9398237157
CORCORAN,12kV,Yes,335,48,18,164,2,1520,50,1570,12,278,252171106,CORCORAN 1106,Fresno,1,6/2/2025 1:21:05 AM,102101.713680882
POTRERO PP (A),12kV,Yes,1321,34,42,0,22,120,200,320,12,279,022031114,POTRERO PP (A) 1114,San francisco,1,6/2/2025 1:21:05 AM,13340.5962366672
SWIFT,21kV,No,4505,160,62,2,8,7620,490,8110,21,280,083392107,SWIFT 2107,San jose,1,6/2/2025 1:21:05 AM,95432.2625195201
ORO LOMA,12kV,Yes,9,20,7,66,0,2120,0,2120,12,281,255371116,ORO LOMA 1116,Yosemite,1,6/2/2025 1:21:05 AM,51581.6273164716
SAUSALITO,12kV,No,2201,504,87,0,9,1200,80,1280,12,282,042491101,SAUSALITO 1101,Sonoma,1,6/2/2025 1:21:05 AM,33607.0774863319
SILVERADO,21kV,No,1746,324,105,122,11,7280,1280,8560,21,283,043432105,SILVERADO 2105,North bay,1,6/2/2025 1:21:05 AM,160116.391400456
MALAGA,12kV,No,2618,112,28,17,8,8280,1740,10020,12,284,254251104,MALAGA 1104,Fresno,1,6/2/2025 1:21:05 AM,74191.7559207028
BRUNSWICK,12kV,No,3369,218,58,5,3,4810,420,5230,12,285,152481105,BRUNSWICK 1105,Sierra,1,6/2/2025 1:21:05 AM,307771.48579472
FAMOSO,12kV,Yes,13,14,0,85,3,10,15000,15010,12,286,252461102,FAMOSO 1102,Kern,1,11/11/2025 12:30:20 PM,54555.3786028598
WOODSIDE,12kV,No,2002,73,19,0,11,3880,1150,5030,12,287,024251102,WOODSIDE 1102,Peninsula,1,11/11/2025 12:30:23 PM,47894.6303895957
ASHLAN AVE,21kV,No,1935,74,21,0,2,2220,70,2290,21,288,252052117,ASHLAN AVE 2117,Fresno,1,6/2/2025 1:21:05 AM,39889.0252519852
MOUNTAIN VIEW,12kV,No,5129,217,76,0,14,1800,390,2190,12,289,082031105,MOUNTAIN VIEW 1105,De anza,1,6/2/2025 1:21:05 AM,36076.9749292413
LAS POSITAS,21kV,Yes,11,379,177,0,,6004,7747,13751,21,290,014402103,LAS POSITAS 2103,Mission,1,11/11/2025 11:54:13 AM,43655.8441803065
STILLWATER,12kV,No,1367,49,3,2,1,2740,200,2940,12,291,103561102,STILLWATER 1102,North valley,1,6/2/2025 1:21:05 AM,171852.851993
OCEAN,4.16kV,No,1634,42,2,0,1,580,70,650,4,292,022580401,OCEAN 0401,San francisco,1,6/2/2025 1:21:05 AM,11649.9113375533
BELMONT,4.16kV,No,793,42,5,0,1,960,50,1010,4,293,024030406,BELMONT 0406,Peninsula,1,6/2/2025 1:21:05 AM,15251.7050139045
SF H,12kV,Yes,2819,161,26,2,25,1020,30,1050,12,294,022101106,SF H 1106,Peninsula,1,6/2/2025 1:21:05 AM,24425.0089868415
LARKIN (Y),12kV,No,438,83,68,0,0,0,0,0,12,295,022801122,LARKIN (Y) 1122,San francisco,1,6/2/2025 1:21:05 AM,5291.84082817432
CALIFORNIA AVE,12kV,No,2480,89,34,2,8,4130,650,4780,12,296,252281106,CALIFORNIA AVE 1106,Fresno,1,6/2/2025 1:21:05 AM,49240.0683838887
NEW HOPE,12kV,Yes,408,56,14,74,7,610,1700,2310,12,297,162081101,NEW HOPE 1101,Stockton,1,6/2/2025 1:21:05 AM,80978.2412510647
COALINGA NO 2,12kV,Yes,89,57,7,39,5,4220,900,5120,12,298,252381105,COALINGA NO 2 1105,Fresno,1,6/2/2025 1:21:05 AM,153009.635612338
AIRWAYS,12kV,No,2191,53,5,5,3,9100,380,9480,12,299,252041105,AIRWAYS 1105,Fresno,1,6/2/2025 1:21:05 AM,45893.0419762542
AVENA,17kV,No,468,90,10,340,5,5780,280,6060,17,300,163571701,AVENA 1701,Stockton,1,6/2/2025 1:21:05 AM,185911.719250882
RICHMOND R,12kV,No,3407,236,71,1,19,2280,150,2430,12,301,013471125,RICHMOND R 1125,East bay,1,6/2/2025 1:21:05 AM,49454.563433691
STONE,12kV,Yes,625,223,221,1,18,3680,8460,12140,12,302,083701108,STONE 1108,San jose,1,6/2/2025 1:21:05 AM,27077.0677458537
CAMP EVERS,21kV,No,2752,253,42,3,10,4320,690,5010,21,303,083622106,CAMP EVERS 2106,Central coast,1,6/2/2025 1:21:05 AM,186023.427251164
VOLTA,12kV,No,1121,162,18,21,15,2050,3290,5340,12,304,102541101,VOLTA 1101,North valley,1,6/2/2025 1:21:05 AM,353770.75540675
WOODLAND,12kV,Yes,79,52,62,27,6,3540,1530,5070,12,305,062031113,WOODLAND 1113,Sacramento,1,6/2/2025 1:21:05 AM,51835.9786689724
CLAYTON,12kV,No,1651,63,14,0,13,3180,180,3360,12,306,012021104,CLAYTON 1104,Diablo,1,6/2/2025 1:21:05 AM,32123.0017903566
BIG MEADOWS,21kV,No,2917,323,26,34,40,1950,1320,3270,21,307,102812101,BIG MEADOWS 2101,North valley,1,6/2/2025 1:21:05 AM,453379.253051976
WOODLAND,12kV,No,1855,325,71,0,16,1720,1470,3190,12,308,062031104,WOODLAND 1104,Sacramento,1,6/2/2025 1:21:05 AM,27100.988324984
BARTON,12kV,No,2109,74,60,0,16,6040,1660,7700,12,309,253571105,BARTON 1105,Fresno,1,6/2/2025 1:21:05 AM,35839.9453167469
HUNTERS POINT (P),12kV,Yes,2,192,104,15,15,830,320,1150,12,310,022331101,HUNTERS POINT (P) 1101,San francisco,1,6/2/2025 1:21:05 AM,13123.9451219087
CHOLAME,12kV,No,889,163,18,185,9,2390,11610,14000,12,311,182561101,CHOLAME 1101,Los padres,1,6/2/2025 1:21:05 AM,441054.867043622
HOOPA,12kV,No,1687,362,21,3,35,760,80,840,12,312,192401101,HOOPA 1101,Humboldt,1,6/2/2025 1:21:05 AM,320193.708141708
CLOVIS,12kV,No,1575,62,39,0,0,4710,170,4880,12,313,254081101,CLOVIS 1101,Fresno,1,6/2/2025 1:21:05 AM,43174.6988179359
MANCHESTER,12kV,No,2065,113,33,0,3,3660,510,4170,12,314,253921102,MANCHESTER 1102,Fresno,1,11/11/2025 12:30:19 PM,31798.7448089288
RIVERBANK,17kV,No,2189,281,69,154,10,7760,340,8100,17,315,163191713,RIVERBANK 1713,Yosemite,1,6/2/2025 1:21:05 AM,131036.998548338
OAKLAND C,12kV,No,3233,354,130,0,24,6930,380,7310,12,316,012011109,OAKLAND C 1109,East bay,1,6/2/2025 1:21:05 AM,26132.129977401
SAN RAMON,21kV,No,1098,81,77,0,15,4780,890,5670,21,317,014232114,SAN RAMON 2114,Mission,1,6/2/2025 1:21:05 AM,46161.304878194
PEABODY,21kV,No,5151,272,98,0,10,11950,3850,15800,21,318,063642113,PEABODY 2113,North bay,1,6/2/2025 1:21:05 AM,112349.191382909
PEASE,12kV,Yes,1082,188,21,304,5,16630,4270,20900,12,319,153751103,PEASE 1103,Sacramento,1,6/2/2025 1:21:05 AM,206909.785327152
BAY MEADOWS,21kV,No,570,39,40,0,6,1010,310,1320,21,320,024012106,BAY MEADOWS 2106,Peninsula,1,6/2/2025 1:21:05 AM,18351.486133453
DEL MONTE,21kV,No,3609,748,204,0,47,4370,1070,5440,21,321,182222103,DEL MONTE 2103,Central coast,1,6/2/2025 1:21:05 AM,110078.952146227
PACIFIC GROVE,4.16kV,Yes,474,55,8,0,0,90,20,110,4,322,182440423,PACIFIC GROVE 0423,Central Coast,1,11/11/2025 12:30:22 PM,3964.97909579325
PACIFIC GROVE,4.16kV,No,1599,56,13,0,4,830,60,890,4,323,182440424,PACIFIC GROVE 0424,Central Coast,1,11/11/2025 12:30:22 PM,18988.3217784463
METTLER,12kV,No,596,87,11,175,9,2130,130,2260,12,324,163701110,METTLER 1110,Stockton,1,11/11/2025 12:30:22 PM,91944.9737217156
LAWRENCE,12kV,No,1557,170,108,0,15,2380,90,2470,12,325,083421104,LAWRENCE 1104,De anza,1,6/2/2025 1:21:05 AM,37080.1010592199
LERDO,12kV,Yes,0,11,11,22,0,170,3000,3170,12,326,253491114,LERDO 1114,Kern,1,6/2/2025 1:21:05 AM,21527.9667635819
COTTLE,17kV,No,442,36,7,66,3,2670,5050,7720,17,327,163711703,COTTLE 1703,Yosemite,1,6/2/2025 1:21:05 AM,64206.3342580917
SF M,4.16kV,No,1998,61,2,0,3,830,50,880,4,328,022270406,SF M 0406,San francisco,1,6/2/2025 1:21:05 AM,9125.28837039115
EL CERRITO G,12kV,No,4159,495,160,0,13,2640,880,3520,12,329,012501113,EL CERRITO G 1113,East bay,1,6/2/2025 1:21:05 AM,35210.2533444225
WEST FRESNO,12kV,Yes,338,43,26,12,1,420,30,450,12,330,253731110,WEST FRESNO 1110,Fresno,1,6/2/2025 1:21:05 AM,21106.7652321406
HONCUT,12kV,Yes,799,170,25,242,4,3210,2280,5490,12,331,103211101,HONCUT 1101,North valley,1,6/2/2025 1:21:05 AM,208246.488786133
WILSON,12kV,Yes,146,20,18,105,5,1380,300,1680,12,332,254301102,WILSON 1102,Yosemite,1,6/2/2025 1:21:05 AM,66084.8319904294
PINEDALE,21kV,No,1548,213,111,0,7,5510,770,6280,21,333,252852105,PINEDALE 2105,Fresno,1,6/2/2025 1:21:05 AM,47641.4281528897
MC MULLIN,12kV,No,448,69,13,361,2,8270,730,9000,12,334,254411106,MC MULLIN 1106,Fresno,1,6/2/2025 1:21:05 AM,190242.595056361
COTTLE,17kV,No,2606,141,49,89,7,6550,1090,7640,17,335,163711702,COTTLE 1702,Yosemite,1,6/2/2025 1:21:05 AM,108206.706939026
HIGHWAY,12kV,No,3978,121,32,2,9,8740,500,9240,12,336,042651101,HIGHWAY 1101,North bay,1,6/2/2025 1:21:05 AM,94541.657136414
BARTON,12kV,No,3359,381,67,1,27,1420,110,1530,12,337,253571108,BARTON 1108,Fresno,1,6/2/2025 1:21:05 AM,45234.2008396847
SAN JOSE B,12kV,No,2275,161,92,0,18,130,190,320,12,338,082261114,SAN JOSE B 1114,San jose,1,6/2/2025 1:21:05 AM,11688.6804501934
WOODWARD,21kV,No,3672,212,59,27,10,13510,390,13900,21,339,255292101,WOODWARD 2101,Fresno,1,6/2/2025 1:21:05 AM,142639.797280206
STOCKDALE,12kV,No,1268,112,51,0,5,2950,630,3580,12,340,254071111,STOCKDALE 1111,Kern,1,6/2/2025 1:21:05 AM,29694.9419878818
BRENTWOOD,21kV,Yes,2343,248,88,149,22,13030,8490,21520,21,341,014592105,BRENTWOOD 2105,Diablo,1,6/2/2025 1:21:05 AM,219651.853863065
BALCH NO 1,12kV,No,36,18,0,0,,0,0,0,12,342,252501101,BALCH NO 1 1101,Fresno,1,11/11/2025 12:30:22 PM,29499.4134912895
MADERA,12kV,No,2247,185,141,4,10,5920,1690,7610,12,343,252761118,MADERA 1118,Yosemite,1,6/2/2025 1:21:05 AM,56533.7029744231
SUNOL,12kV,No,2042,220,63,0,7,3140,1160,4300,12,344,013151105,RADUM 1105,Mission,1,6/2/2025 1:21:05 AM,44951.6320790575
AVENA,17kV,No,424,62,13,285,1,3160,30,3190,17,345,163571702,AVENA 1702,Stockton,1,6/2/2025 1:21:05 AM,165483.703041177
CALISTOGA,12kV,No,1729,333,95,83,7,4930,22390,27320,12,346,042711102,CALISTOGA 1102,North bay,1,6/2/2025 1:21:05 AM,127614.395281859
WHEATLAND,12kV,No,801,116,17,229,2,2360,15500,17860,12,347,152811104,WHEATLAND 1104,Sacramento,1,6/2/2025 1:21:05 AM,238156.906563634
UKIAH,12kV,No,748,328,106,26,6,1960,1750,3710,12,348,042771111,UKIAH 1111,Humboldt,1,6/2/2025 1:21:05 AM,73908.461583199
NOTRE DAME,12kV,No,1868,192,162,2,9,6030,4200,10230,12,349,102041103,NOTRE DAME 1103,North valley,1,6/2/2025 1:21:05 AM,77185.7359711121
PAUL SWEET,21kV,No,5273,291,61,0,17,6870,250,7120,21,350,083252109,PAUL SWEET 2109,Central coast,1,6/2/2025 1:21:05 AM,107442.198897101
VACA DIXON,12kV,No,2243,213,93,0,9,2820,430,3250,12,351,063591104,VACA DIXON 1104,North bay,1,6/2/2025 1:21:05 AM,52235.2537390091
LARKIN (Y),12kV,No,4366,245,80,0,13,1330,330,1660,12,352,022801135,LARKIN (Y) 1135,San francisco,1,6/2/2025 1:21:05 AM,29166.2830291412
DINUBA,12kV,Yes,93,16,24,63,1,3000,3750,6750,12,353,254091106,DINUBA 1106,Fresno,1,6/2/2025 1:21:05 AM,25118.6655218996
BELLE HAVEN,4.16kV,No,1549,67,11,0,11,1310,300,1610,4,354,024020401,BELLE HAVEN 0401,Peninsula,1,6/2/2025 1:21:05 AM,21286.251607574
HIGGINS,12kV,No,2656,185,14,19,6,5120,500,5620,12,355,152691103,HIGGINS 1103,Sierra,1,6/2/2025 1:21:05 AM,321449.742315264
SAN MATEO,4.16kV,No,833,23,0,0,4,680,70,750,4,356,024190410,SAN MATEO 0410,Peninsula,1,10/10/2025 9:34:35 AM,14721.6166534629
JUDAH,4.16kV,No,1423,36,3,0,3,190,30,220,4,357,022400402,JUDAH 0402,San francisco,1,6/2/2025 1:21:05 AM,5815.64371848794
CHICO B,12kV,Yes,0,0,3,0,0,1200,2410,3610,12,358,102491102,CHICO B 1102,North valley,1,6/2/2025 1:21:05 AM,767.566473660157
VIEJO,21kV,Yes,1686,74,12,0,7,1910,2330,4240,21,359,182852201,VIEJO 2201,Central coast,1,6/2/2025 1:21:05 AM,58201.4845603824
GATES,12kV,Yes,13,16,11,26,18,2020,140,2160,12,360,253931101,GATES 1101,Fresno,1,6/2/2025 1:21:05 AM,32175.6825311154
VALLEJO B,4.16kV,No,1032,120,7,0,10,460,110,570,4,361,042450413,VALLEJO B 0413,North Bay,1,11/11/2025 12:30:21 PM,13337.1044575409
MENLO,12kV,No,2473,148,47,9,28,7060,860,7920,12,362,024131102,MENLO 1102,Peninsula,1,6/2/2025 1:21:05 AM,166414.523991945
WOODSIDE,12kV,No,1580,198,33,1,9,5890,690,6580,12,363,024251101,WOODSIDE 1101,Peninsula,1,6/2/2025 1:21:05 AM,154195.14117435
OAKLAND C,12kV,No,643,42,50,0,3,0,0,0,12,364,012011105,OAKLAND C 1105,East bay,1,6/2/2025 1:21:05 AM,4787.82830687355
EDENVALE,12kV,No,2675,46,2,0,4,4750,150,4900,12,365,082951101,EDENVALE 1101,San jose,1,6/2/2025 1:21:05 AM,39942.9976597534
REDWOOD CITY,12kV,Yes,1138,400,139,0,9,1730,1140,2870,12,366,024161105,REDWOOD CITY 1105,Peninsula,1,6/2/2025 1:21:05 AM,24667.6296760952
SHAFTER,12kV,No,0,0,0,3,0,0,190,190,12,367,253651112,SHAFTER 1112,Kern,1,6/2/2025 1:21:05 AM,96192.0911593524
MIRA VISTA,4.16kV,No,1308,30,2,0,7,1150,100,1250,4,368,012330403,MIRA VISTA 0403,East bay,1,6/2/2025 1:21:05 AM,15254.2843813134
TRACY,12kV,Yes,583,66,69,0,7,2230,4470,6700,12,369,162881102,TRACY 1102,Stockton,1,6/2/2025 1:21:05 AM,21068.8161142802
KINGSBURG,12kV,Yes,154,43,15,77,1,850,40,890,12,370,252241114,KINGSBURG 1114,Fresno,1,6/2/2025 1:21:05 AM,37992.6398372946
RIO BRAVO,12kV,Yes,39,36,14,61,3,270,10390,10660,12,371,252861103,RIO BRAVO 1103,Kern,1,6/2/2025 1:21:05 AM,56163.1658284969
MOSHER,21kV,No,1439,199,117,0,8,1210,2530,3740,21,372,163722110,MOSHER 2110,Stockton,1,6/2/2025 1:21:05 AM,31204.1356689092
MORAGA,12kV,No,1627,104,26,1,9,3410,290,3700,12,373,013801104,MORAGA 1104,Diablo,1,6/2/2025 1:21:05 AM,54159.8190832283
OLD RIVER,12kV,No,210,73,11,149,8,3430,1730,5160,12,374,252821102,OLD RIVER 1102,Kern,1,6/2/2025 1:21:05 AM,99514.4258085492
GREENBRAE,12kV,No,579,267,91,0,6,2090,1240,3330,12,375,043091101,GREENBRAE 1101,Sonoma,1,6/2/2025 1:21:05 AM,14555.502912705
SHINGLE SPRINGS,21kV,No,3684,306,36,1,3,9850,9620,19470,21,376,153652105,SHINGLE SPRINGS 2105,Sierra,1,6/2/2025 1:21:05 AM,127712.133302061
RACETRACK,17kV,No,2599,384,49,4,49,4730,2300,7030,17,377,163761703,RACETRACK 1703,Yosemite,1,6/2/2025 1:21:05 AM,132012.942715853
VACAVILLE,12kV,No,1846,243,76,7,9,2670,1120,3790,12,378,063601104,VACAVILLE 1104,North Bay,1,11/11/2025 12:30:19 PM,82883.5412307302
MC KEE,12kV,No,3522,130,33,1,6,3960,160,4120,12,379,083531103,MC KEE 1103,San Jose,1,11/11/2025 12:30:20 PM,57867.3007931015
VACA DIXON,12kV,No,1588,169,77,13,5,7060,980,8040,12,380,063591101,VACA DIXON 1101,North bay,1,6/2/2025 1:21:05 AM,144399.381317566
MT EDEN,12kV,Yes,0,226,109,0,5,520,3570,4090,12,381,013761114,MT EDEN 1114,Mission,1,6/2/2025 1:21:05 AM,23137.6302733483
HAMMONDS,12kV,Yes,8,5,0,46,13,900,0,900,12,382,253401104,HAMMONDS 1104,Yosemite,1,6/2/2025 1:21:05 AM,51387.7711853006
COLUMBUS,12kV,No,2554,77,37,0,10,8250,200,8450,12,383,253951109,COLUMBUS 1109,Kern,1,6/2/2025 1:21:05 AM,53989.2235099956
PARADISE,12kV,No,398,45,11,0,3,660,120,780,12,384,102831106,PARADISE 1106,North valley,1,6/2/2025 1:21:05 AM,48134.6735757827
PORTOLA,4.16kV,No,1034,32,7,0,2,520,50,570,4,385,022610402,PORTOLA 0402,San francisco,1,6/2/2025 1:21:05 AM,12724.8335521602
STOCKTON A,12kV,No,2276,177,67,2,12,3530,220,3750,12,386,162371106,STOCKTON A 1106,Stockton,1,6/2/2025 1:21:05 AM,46811.5015237715
MONARCH,4.16kV,No,393,69,8,0,5,180,30,210,4,387,162300401,MONARCH 0401,Stockton,1,6/2/2025 1:21:05 AM,6718.26407080685
BRUNSWICK,12kV,No,3755,175,16,15,1,4640,400,5040,12,388,152481106,BRUNSWICK 1106,Sierra,1,6/2/2025 1:21:05 AM,427583.132183758
LAMONT,12kV,Yes,185,83,18,128,3,2630,16700,19330,12,389,253911102,LAMONT 1102,Kern,1,6/2/2025 1:21:05 AM,91077.3837266127
LIVERMORE,12kV,No,1516,103,30,1,,3271,3430,6701,12,390,012141104,LIVERMORE 1104,Mission,1,11/11/2025 12:30:18 PM,44786.3606559324
COALINGA NO 1,12kV,No,1436,208,36,1,5,1850,50,1900,12,391,252161106,COALINGA NO 1 1106,Fresno,1,11/11/2025 12:30:19 PM,26426.2530881336
EUREKA A,12kV,No,1871,233,49,1,23,650,40,690,12,392,192121103,EUREKA A 1103,Humboldt,1,11/11/2025 12:30:20 PM,25314.7880742835
BOGUE,12kV,No,1759,85,14,114,2,5340,570,5910,12,393,153781106,BOGUE 1106,Sacramento,1,11/11/2025 12:30:21 PM,83402.8821353641
FORESTHILL,12kV,No,2129,137,16,0,0,1950,290,2240,12,394,152181101,FORESTHILL 1101,Sierra,1,11/11/2025 12:30:25 PM,198287.793603478
MC FARLAND,12kV,Yes,26,17,1,110,0,2070,1180,3250,12,395,253181102,MC FARLAND 1102,Kern,1,6/2/2025 1:21:05 AM,84424.3614332202
MOUNTAIN VIEW,12kV,No,2861,294,115,0,18,780,10,790,12,396,082031113,MOUNTAIN VIEW 1113,De anza,1,6/2/2025 1:21:05 AM,30638.9702894883
SALINAS,12kV,No,5754,385,167,1,26,2670,550,3220,12,397,182011103,SALINAS 1103,Central coast,1,6/2/2025 1:21:05 AM,78332.7878513276
GOLDTREE,12kV,No,3616,361,123,4,20,2830,310,3140,12,398,182581108,GOLDTREE 1108,Los padres,1,6/2/2025 1:21:05 AM,53296.1933474892
LIVINGSTON,12kV,Yes,17,22,1,37,0,10,0,10,12,399,252261102,LIVINGSTON 1102,Yosemite,1,11/11/2025 12:30:19 PM,27738.4521545251
FMC,12kV,Yes,438,50,47,0,6,1090,750,1840,12,400,083871109,FMC 1109,San jose,1,6/2/2025 1:21:05 AM,18199.5627430996
VALLEJO B,12kV,No,289,32,12,0,4,200,30,230,12,401,042451102,VALLEJO B 1102,North Bay,1,11/11/2025 12:30:21 PM,6519.87354324684
MORMON,12kV,Yes,1273,100,25,226,20,7210,4600,11810,12,402,163211102,MORMON 1102,Stockton,1,6/2/2025 1:21:05 AM,146201.654062267
BELMONT,12kV,No,3532,333,87,0,18,4570,310,4880,12,403,024031103,BELMONT 1103,Peninsula,1,6/2/2025 1:21:05 AM,54901.2569208966
PANOCHE,12kV,Yes,4,12,1,40,25,0,230,230,12,404,253671101,PANOCHE 1101,Yosemite,1,6/2/2025 1:21:05 AM,66826.1390067389
PINECREST,4.16kV,No,181,29,0,0,,0,0,0,4,405,163160401,PINECREST 0401,Yosemite,1,11/11/2025 12:30:19 PM,6867.54086243754
VACA DIXON,12kV,No,833,134,26,248,2,3060,1050,4110,12,406,063591103,VACA DIXON 1103,North bay,1,6/2/2025 1:21:05 AM,273160.019627779
BURLINGAME,4.16kV,Yes,1160,108,27,0,11,740,610,1350,4,407,024050403,BURLINGAME 0403,Peninsula,1,6/2/2025 1:21:05 AM,11132.8332389431
CHICO A,12kV,Yes,460,53,15,0,,1919,1919,3838,12,408,102051101,CHICO A 1101,North Valley,1,11/11/2025 11:54:14 AM,6966.05206932191
BUTTE,12kV,No,1025,227,65,230,,5102,5504,10606,12,409,103081104,BUTTE 1104,North Valley,1,11/11/2025 11:54:14 AM,150946.805637424
BUTTE,12kV,No,988,159,63,150,,6614,10334,16948,12,410,103081103,BUTTE 1103,North Valley,1,11/11/2025 11:54:14 AM,143843.626850356
BAIR,12kV,Yes,0,9,5,0,0,0,1640,1640,12,411,024261104,BAIR 1104,Peninsula,1,10/10/2025 9:34:35 AM,5390.49718750092
DUNLAP,12kV,No,633,54,7,8,,174,192,366,12,412,254061102,DUNLAP 1102,Fresno,1,11/11/2025 12:30:22 PM,179315.547276945
FORT ORD,21kV,Yes,0,7,8,0,,1904,1904,3808,21,413,182402108,FORT ORD 2108,Central Coast,1,11/11/2025 11:54:16 AM,4740.33448721819
SAN RAMON,21kV,No,1337,152,119,0,13,2800,2530,5330,21,414,014232118,SAN RAMON 2118,Mission,1,11/11/2025 12:30:18 PM,51625.308874299
LONE TREE,21kV,No,2284,164,173,8,,6867,7268,14135,21,415,013232105,LONE TREE 2105,Diablo,1,11/11/2025 12:30:23 PM,116285.126753477
FULTON,12kV,No,2678,420,119,12,26,6410,780,7190,12,416,042561107,FULTON 1107,Sonoma,1,6/2/2025 1:21:05 AM,153798.966027011
WAHTOKE,12kV,No,2088,97,31,61,4,9220,380,9600,12,417,254531107,WAHTOKE 1107,Fresno,1,6/2/2025 1:21:05 AM,61165.9123211376
EAST MARYSVILLE,12kV,Yes,840,107,18,77,1,3100,4140,7240,12,418,152331108,EAST MARYSVILLE 1108,Sacramento,1,6/2/2025 1:21:05 AM,145221.470565253
MILLBRAE,12kV,No,583,237,106,0,2,750,160,910,12,419,022691101,MILLBRAE 1101,Peninsula,1,6/2/2025 1:21:05 AM,16935.6426823487
NEWARK 12KV,12kV,No,4188,132,51,0,33,3820,1240,5060,12,420,012221107,NEWARK 12KV 1107,Mission,1,6/2/2025 1:21:05 AM,59822.3347035411
SILVERADO,21kV,No,3134,431,90,163,10,6350,4530,10880,21,421,043432104,SILVERADO 2104,North bay,1,6/2/2025 1:21:05 AM,408163.969260556
WEEDPATCH,12kV,No,1973,131,33,16,3,3150,2350,5500,12,422,252971103,WEEDPATCH 1103,Kern,1,6/2/2025 1:21:05 AM,46441.2583587303
CONCORD NO 1,4.16kV,No,536,27,1,0,5,640,40,680,4,423,012960402,CONCORD NO 1 0402,Diablo,1,10/10/2025 9:34:37 AM,8392.52308382126
WELLFIELD,12kV,Yes,2,2,0,12,2,0,0,0,12,424,254291104,WELLFIELD 1104,Kern,1,6/2/2025 1:21:05 AM,10446.4224942559
WOODWARD,21kV,Yes,1662,71,27,4,11,9670,210,9880,21,425,255292106,WOODWARD 2106,Fresno,1,6/2/2025 1:21:05 AM,49692.4875864177
DUMBARTON,12kV,Yes,4879,208,82,3,18,6580,9500,16080,12,426,014471106,DUMBARTON 1106,Mission,1,6/2/2025 1:21:05 AM,102319.68512363
GREEN VALLEY,21kV,No,5613,590,150,35,31,5550,950,6500,21,427,083192104,GREEN VALLEY 2104,Central coast,1,6/2/2025 1:21:05 AM,88189.3273464732
VACAVILLE,12kV,No,2404,97,61,0,8,5610,180,5790,12,428,063601107,VACAVILLE 1107,North bay,1,6/2/2025 1:21:05 AM,45925.7648653267
TASSAJARA,21kV,No,2717,108,14,2,7,8620,560,9180,21,429,014662104,TASSAJARA 2104,Diablo,1,6/2/2025 1:21:05 AM,107791.849653177
JESSUP,12kV,No,1830,154,37,2,0,3560,6270,9830,12,430,103441101,JESSUP 1101,North valley,1,6/2/2025 1:21:05 AM,184695.049845272
WESTLAKE,4.16kV,No,557,13,2,0,10,160,0,160,4,431,022600403,WESTLAKE 0403,Peninsula,1,10/10/2025 9:34:37 AM,6411.81406692524
SAN RAMON,21kV,Yes,732,113,114,0,12,9370,6400,15770,21,432,014232116,SAN RAMON 2116,Mission,1,6/2/2025 1:21:05 AM,35539.3780146838
SF E,12kV,No,5951,267,106,0,19,1130,120,1250,12,433,022071103,SF E 1103,San francisco,1,6/2/2025 1:21:05 AM,25674.8815983406
SALINAS,12kV,No,3369,521,161,17,28,1800,990,2790,12,434,182011106,SALINAS 1106,Central coast,1,6/2/2025 1:21:05 AM,53677.439204835
SF M,4.16kV,No,1208,45,5,0,7,470,0,470,4,435,022270402,SF M 0402,San francisco,1,6/2/2025 1:21:05 AM,6860.73858399653
FAIRWAY,12kV,Yes,1664,282,75,1,5,2160,2480,4640,12,436,182061106,FAIRWAY 1106,Los padres,1,6/2/2025 1:21:05 AM,30887.5233070382
TAFT,12kV,No,276,83,37,0,0,1790,4350,6140,12,437,252081106,TAFT 1106,Kern,1,6/2/2025 1:21:05 AM,21465.7129974477
GILL,4.16kV,Yes,407,45,4,0,7,890,10,900,4,438,013550402,GILL 0402,Diablo,1,10/10/2025 9:34:38 AM,7929.82259896057
EMBARCADERO (Z),12kV,Yes,1048,72,77,0,19,170,70,240,12,439,022871119,EMBARCADERO (Z) 1119,San francisco,1,6/2/2025 1:21:05 AM,13445.5277471728
MENDOTA,12kV,Yes,987,205,44,89,22,7400,1620,9020,12,440,252311102,MENDOTA 1102,Yosemite,1,6/2/2025 1:21:05 AM,205019.480962541
EMERALD LAKE,4.16kV,No,582,27,12,0,8,1770,210,1980,4,441,024080401,EMERALD LAKE 0401,Peninsula,1,6/2/2025 1:21:05 AM,29565.6743376914
EMBARCADERO (Z),34.5kV,No,66,6,41,0,1,800,0,800,34,442,022873401,EMBARCADERO (Z) 3401,San francisco,1,6/2/2025 1:21:05 AM,4241.33691412849
GILL,4.16kV,No,583,5,2,0,6,450,50,500,4,443,013550401,GILL 0401,Diablo,1,10/10/2025 9:34:38 AM,7193.02074346137
BERKELEY F,4.16kV,Yes,345,5,1,0,3,130,40,170,4,444,012060408,BERKELEY F 0408,East bay,1,6/2/2025 1:21:05 AM,1939.56704706738
CANTUA,12kV,Yes,0,3,1,46,10,2590,900,3490,12,445,253591101,CANTUA 1101,Fresno,1,6/2/2025 1:21:05 AM,50492.5689312819
ORO LOMA,12kV,Yes,41,44,10,150,6,2020,800,2820,12,446,255371117,ORO LOMA 1117,Yosemite,1,6/2/2025 1:21:05 AM,121755.428831699
SF L,4.16kV,Yes,16,4,2,0,1,0,0,0,4,447,022260407,SF L 0407,San francisco,1,6/2/2025 1:21:05 AM,3455.93800514596
PLACERVILLE,12kV,No,434,142,23,0,0,930,70,1000,12,448,153081109,PLACERVILLE 1109,Sierra,1,6/2/2025 1:21:05 AM,27383.6691807093
ORTIGA,12kV,Yes,1393,81,34,176,10,11240,3600,14840,12,449,254311106,ORTIGA 1106,Yosemite,1,6/2/2025 1:21:05 AM,141082.734809272
SAN RAFAEL,12kV,Yes,3818,316,46,0,17,3130,280,3410,12,450,042011106,SAN RAFAEL 1106,Sonoma,1,6/2/2025 1:21:05 AM,52641.7865832016
OAKLAND D,12kV,No,5493,278,84,0,20,630,330,960,12,451,012041110,OAKLAND D 1110,East bay,1,6/2/2025 1:21:05 AM,25740.397593496
JANES CREEK,12kV,Yes,1460,133,48,5,5,750,150,900,12,452,192391102,JANES CREEK 1102,Humboldt,1,11/11/2025 12:30:22 PM,32182.7633284814
HARDING,4.16kV,No,538,105,19,0,5,80,10,90,4,453,163310403,HARDING 0403,Stockton,1,10/10/2025 9:34:38 AM,4793.9864069797
MISSION (X),12kV,No,754,2,20,0,2,0,0,0,12,454,022011115,MISSION (X) 1115,San francisco,1,6/2/2025 1:21:05 AM,3472.78006276077
TRIMBLE,21kV,Yes,0,0,4,0,,800,800,1600,21,455,083802118,TRIMBLE 2118,San Jose,1,11/11/2025 11:54:13 AM,4478.18885994652
ASHLAN AVE,12kV,Yes,1029,185,42,7,14,1300,90,1390,12,456,252051108,ASHLAN AVE 1108,Fresno,1,6/2/2025 1:21:05 AM,29444.7241557326
MORGAN HILL,21kV,No,1718,134,17,81,3,3970,300,4270,21,457,083242111,MORGAN HILL 2111,San jose,1,6/2/2025 1:21:05 AM,192711.849017943
TRINIDAD,12kV,Yes,639,66,11,11,1,650,110,760,12,458,192231101,TRINIDAD 1101,Humboldt,1,6/2/2025 1:21:05 AM,62559.1567397408
CLOVIS,21kV,No,1841,252,89,0,2,6440,1080,7520,21,459,254082109,CLOVIS 2109,Fresno,1,6/2/2025 1:21:05 AM,55478.7656308169
POSO MOUNTAIN,12kV,Yes,9,4,5,3,0,0,4110,4110,12,460,253642103,POSO MOUNTAIN 2103,Kern,1,6/2/2025 1:21:05 AM,31796.4363893742
SAN JOSE A,12kV,No,5088,315,107,0,21,2030,420,2450,12,461,082251112,SAN JOSE A 1112,San jose,1,6/2/2025 1:21:05 AM,39312.2884173628
SHEPHERD,21kV,No,2942,266,153,7,28,4320,1010,5330,21,462,252062110,SHEPHERD 2110,Fresno,1,11/11/2025 12:30:22 PM,71609.3134657761
GLENWOOD,4.16kV,No,788,64,31,0,4,1040,220,1260,4,463,024090404,GLENWOOD 0404,Peninsula,1,6/2/2025 1:21:05 AM,17652.6806325195
MALAGA,12kV,No,1207,53,45,6,5,2020,330,2350,12,464,254251109,MALAGA 1109,Fresno,1,6/2/2025 1:21:05 AM,28882.0342954884
DALY CITY,12kV,Yes,2587,223,142,0,27,680,1260,1940,12,465,022641108,DALY CITY 1108,Peninsula,1,6/2/2025 1:21:05 AM,27296.1867464542
SISQUOC,12kV,No,214,20,14,35,0,1270,410,1680,12,466,182811101,SISQUOC 1101,Los padres,1,6/2/2025 1:21:05 AM,63906.8124790493
BELLE HAVEN,4.16kV,No,771,32,11,0,7,1270,480,1750,4,467,024020404,BELLE HAVEN 0404,Peninsula,1,6/2/2025 1:21:05 AM,22930.6996401615
OILFIELDS,12kV,No,2238,224,33,54,0,8230,4280,12510,12,468,182391103,OILFIELDS 1103,Central coast,1,6/2/2025 1:21:05 AM,345940.54713238
BAY MEADOWS,12kV,No,5541,132,38,0,8,2390,350,2740,12,469,024011108,BAY MEADOWS 1108,Peninsula,1,6/2/2025 1:21:05 AM,58565.6697199228
CAROLANDS,4.16kV,No,938,40,3,0,10,1780,350,2130,4,470,024060403,CAROLANDS 0403,Peninsula,1,6/2/2025 1:21:05 AM,32909.9655544238
COPPERMINE,12kV,No,1102,37,3,5,16,6240,190,6430,12,471,252411106,COPPERMINE 1106,Fresno,1,6/2/2025 1:21:05 AM,43694.4853379741
WEST SACRAMENTO,12kV,No,2164,248,73,0,8,2490,610,3100,12,472,063131107,WEST SACRAMENTO 1107,Sacramento,1,6/2/2025 1:21:05 AM,38288.0703549645
ROCKLIN,12kV,Yes,576,97,18,0,0,1080,70,1150,12,473,152061104,ROCKLIN 1104,Sierra,1,6/2/2025 1:21:05 AM,14236.730478702
LARKIN (Y),12kV,Yes,1683,104,44,0,9,110,0,110,12,474,022801128,LARKIN (Y) 1128,San francisco,1,6/2/2025 1:21:05 AM,9905.77002218546
MT EDEN,12kV,Yes,3233,187,50,0,15,4850,2950,7800,12,475,013761103,MT EDEN 1103,Mission,1,6/2/2025 1:21:05 AM,39827.7822150942
EL CERRITO G,12kV,Yes,1285,152,37,0,10,1020,20,1040,12,476,012501114,EL CERRITO G 1114,East bay,1,6/2/2025 1:21:05 AM,25855.4598488665
DAVIS,12kV,No,2102,156,80,46,11,9460,4540,14000,12,477,062041101,DAVIS 1101,Sacramento,1,6/2/2025 1:21:05 AM,120858.199505674
TEMPLETON,21kV,No,3648,274,67,299,3,16190,3750,19940,21,478,183052109,TEMPLETON 2109,Los padres,1,6/2/2025 1:21:05 AM,521592.788416475
DESCHUTES,12kV,No,1108,70,10,26,1,3330,170,3500,12,479,103351101,DESCHUTES 1101,North valley,1,6/2/2025 1:21:05 AM,284453.704593268
HARDING,4.16kV,Yes,716,53,9,0,4,720,340,1060,4,480,163310402,HARDING 0402,Stockton,1,10/10/2025 9:34:38 AM,8547.65539180629
FORT BRAGG A,12kV,Yes,493,194,57,0,6,400,1130,1530,12,481,042761103,FORT BRAGG A 1103,Humboldt,1,6/2/2025 1:21:05 AM,17332.2643995558
OAKLAND C,12kV,Yes,10,137,56,0,3,0,0,0,12,482,012011101,OAKLAND C 1101,East bay,1,6/2/2025 1:21:05 AM,5052.12139432578
FAIRHAVEN,12kV,Yes,79,15,6,1,0,10,10,20,12,483,192451104,FAIRHAVEN 1104,Humboldt,1,6/2/2025 1:21:05 AM,10222.2033731524
RIDGE,4.16kV,Yes,397,9,0,0,0,450,20,470,4,484,012840401,RIDGE 0401,East bay,1,6/2/2025 1:21:05 AM,5593.33246761019
WALNUT CREEK,4.16kV,Yes,305,3,2,0,1,0,0,0,4,485,012200403,WALNUT CREEK 0403,Diablo,1,11/11/2025 12:30:19 PM,2666.13630418157
COLUSA,12kV,No,1063,170,34,1,5,1810,340,2150,12,486,062021104,COLUSA 1104,Sacramento,1,6/2/2025 1:21:05 AM,25051.1558272218
CALFLAX,12kV,Yes,0,0,2,0,1,1930,0,1930,12,487,253441106,CALFLAX 1106,Fresno,1,6/2/2025 1:21:05 AM,19321.348880536
SF G,4.16kV,No,747,86,4,0,1,80,0,80,4,488,022090409,SF G 0409,San francisco,1,6/2/2025 1:21:05 AM,4261.76317540394
SANTA RITA,12kV,Yes,218,80,16,183,1,3490,1110,4600,12,489,253541102,SANTA RITA 1102,Yosemite,1,6/2/2025 1:21:05 AM,136863.929211466
EDENVALE,21kV,Yes,0,2,1,0,0,0,4690,4690,21,490,082952111,EDENVALE 2111,San Jose,1,11/11/2025 12:30:19 PM,1580.716664539
DEL MAR,21kV,No,3747,168,31,0,5,10960,540,11500,21,491,152582110,DEL MAR 2110,Sierra,1,11/11/2025 12:30:21 PM,102312.703516745
TIDEWATER,21kV,Yes,3340,471,281,2,45,5720,160,5880,21,492,014652104,TIDEWATER 2104,Diablo,1,10/10/2025 9:34:35 AM,85722.4817755489
CONTRA COSTA,21kV,No,3326,130,58,0,10,6620,200,6820,21,493,013652114,CONTRA COSTA 2114,Diablo,1,11/11/2025 12:30:23 PM,81262.6532000477
MADISON,21kV,No,1558,243,46,344,6,4510,49590,54100,21,494,063172101,MADISON 2101,Sacramento,1,6/2/2025 1:21:05 AM,367855.130759076
MEADOW LANE,21kV,No,3611,370,140,0,42,4360,170,4530,21,495,014302103,MEADOW LANE 2103,Diablo,1,11/11/2025 12:30:23 PM,60105.6440155524
NOVATO,12kV,No,1158,58,12,0,0,410,60,470,12,496,042211101,NOVATO 1101,Sonoma,1,6/2/2025 1:21:05 AM,9355.6787566301
RICE,12kV,Yes,112,54,3,132,3,880,490,1370,12,497,062831102,RICE 1102,Sacramento,1,6/2/2025 1:21:05 AM,132248.63705804
HIGHWAY,12kV,Yes,3932,239,90,0,21,5240,320,5560,12,498,042651106,HIGHWAY 1106,North bay,1,6/2/2025 1:21:05 AM,75138.0444021317
TARAVAL,4.16kV,No,714,13,1,0,2,180,0,180,4,499,022500401,TARAVAL 0401,San francisco,1,6/2/2025 1:21:05 AM,4520.42501590909
DIXON LANDING,21kV,Yes,350,99,129,0,2,2800,1650,4450,21,500,014722111,DIXON LANDING 2111,Mission,1,11/11/2025 12:30:23 PM,29695.1149799512
CONTRA COSTA,21kV,No,3795,130,32,7,20,11580,2240,13820,21,501,013652113,CONTRA COSTA 2113,Diablo,1,11/11/2025 12:30:23 PM,124414.272424968
RANDOLPH,4.16kV,No,1715,39,15,0,4,190,0,190,4,502,022590402,RANDOLPH 0402,San francisco,1,6/2/2025 1:21:05 AM,10738.203022391
CONTRA COSTA,21kV,No,3419,116,24,0,7,9870,2580,12450,21,503,013652112,CONTRA COSTA 2112,Diablo,1,11/11/2025 12:30:23 PM,95341.3072886577
MENLO,4.16kV,No,524,31,4,0,1,1890,190,2080,4,504,024130402,MENLO 0402,Peninsula,1,6/2/2025 1:21:05 AM,22439.7395377535
BAYWOOD,12kV,Yes,148,92,18,30,5,1700,1190,2890,12,505,182801101,BAYWOOD 1101,Los padres,1,6/2/2025 1:21:05 AM,63288.5810697319
STOCKDALE,21kV,No,2908,154,77,0,9,10270,400,10670,21,506,254072114,STOCKDALE 2114,Kern,1,6/2/2025 1:21:05 AM,73231.2002939382
BELLE HAVEN,4.16kV,No,927,24,7,0,5,500,40,540,4,507,024020402,BELLE HAVEN 0402,Peninsula,1,6/2/2025 1:21:05 AM,13190.4033416069
CONTRA COSTA,21kV,No,3292,136,78,0,,8387,8783,17170,21,508,013652110,CONTRA COSTA 2110,Diablo,1,11/11/2025 12:30:23 PM,82472.7583235828
CONTRA COSTA,21kV,No,592,29,4,0,,978,988,1966,21,509,013652106,CONTRA COSTA 2106,Diablo,1,11/11/2025 12:30:23 PM,16612.1536478106
BAY MEADOWS,21kV,No,145,31,67,0,6,540,0,540,21,510,024012105,BAY MEADOWS 2105,Peninsula,1,11/11/2025 12:30:19 PM,18704.3052772788
LARKIN (Y),12kV,No,2,21,28,0,0,0,0,0,12,511,022801113,LARKIN (Y) 1113,San francisco,1,6/2/2025 1:21:05 AM,4895.99475617346
LLAGAS,21kV,No,1483,356,195,271,28,5250,2890,8140,21,512,083182101,LLAGAS 2101,San jose,1,6/2/2025 1:21:05 AM,250126.360648585
MILLBRAE,12kV,No,4784,115,69,0,23,3250,290,3540,12,513,022691104,MILLBRAE 1104,Peninsula,1,6/2/2025 1:21:05 AM,59289.6846674772
SANTA ROSA A,12kV,No,3163,270,106,0,22,2440,280,2720,12,514,042151106,SANTA ROSA A 1106,Sonoma,1,6/2/2025 1:21:05 AM,47428.3219826134
STOREY,12kV,No,2777,121,47,3,6,7190,400,7590,12,515,254611111,STOREY 1111,Yosemite,1,6/2/2025 1:21:05 AM,92563.6146517191
KEARNEY,12kV,No,1319,40,3,40,0,4590,80,4670,12,516,252701114,KEARNEY 1114,Fresno,1,11/11/2025 12:30:19 PM,45670.1736754099
MIDWAY,12kV,Yes,457,128,26,93,11,1730,360,2090,12,517,252611104,MIDWAY 1104,Kern,1,6/2/2025 1:21:05 AM,71823.5836162592
MANTECA,17kV,No,2578,249,85,0,7,3870,290,4160,17,518,162611702,MANTECA 1702,Stockton,1,6/2/2025 1:21:05 AM,47306.2486534575
FAIRVIEW,21kV,Yes,3989,504,118,2,32,6410,8380,14790,21,519,013432207,FAIRVIEW 2207,Diablo,1,6/2/2025 1:21:05 AM,128489.570761365
VINEYARD,21kV,No,1957,119,260,2,20,4350,2450,6800,21,520,014502104,VINEYARD 2104,Mission,1,6/2/2025 1:21:05 AM,69173.8845005918
6TH AVENUE,4.16kV,No,1534,112,18,0,3,70,20,90,4,521,022530403,6TH AVENUE 0403,San francisco,1,6/2/2025 1:21:05 AM,5248.60410051415
RICHMOND R,12kV,Yes,3089,218,64,0,18,2520,240,2760,12,522,013471126,RICHMOND R 1126,East bay,1,6/2/2025 1:21:05 AM,45912.4249143321
CAYUCOS,12kV,No,3829,161,26,48,8,3010,280,3290,12,523,182551102,CAYUCOS 1102,Los padres,1,6/2/2025 1:21:05 AM,120778.493937142
CORNING,12kV,No,1879,173,31,140,5,5060,160,5220,12,524,103331101,CORNING 1101,North valley,1,6/2/2025 1:21:05 AM,311447.834501991
DIXON LANDING,21kV,No,3709,253,96,0,12,3410,440,3850,21,525,014722101,DIXON LANDING 2101,Mission,1,6/2/2025 1:21:05 AM,54915.7316684655
MISSION (X),12kV,No,3071,213,75,0,15,370,120,490,12,526,022011128,MISSION (X) 1128,San francisco,1,6/2/2025 1:21:05 AM,11146.9230447801
REDWOOD CITY,4.16kV,No,963,139,23,0,6,650,100,750,4,527,024160406,REDWOOD CITY 0406,Peninsula,1,6/2/2025 1:21:05 AM,18028.2758812665
TULARE LAKE,12kV,Yes,6,22,10,53,3,3300,0,3300,12,528,252951108,TULARE LAKE 1108,Fresno,1,6/2/2025 1:21:05 AM,100310.652254513
SAN JOAQUIN,12kV,No,534,71,8,71,2,3520,20,3540,12,529,252361106,SAN JOAQUIN 1106,Fresno,1,11/11/2025 12:30:19 PM,73117.3707453039
COLONY,12kV,No,511,45,12,182,1,2720,4390,7110,12,530,162231102,COLONY 1102,Stockton,1,11/11/2025 12:30:19 PM,107167.673030219
IGNACIO,12kV,No,706,1007,133,2,2,5630,120,5750,12,531,042481102,IGNACIO 1102,Sonoma,1,6/2/2025 1:21:05 AM,34985.1601160348
EL NIDO,12kV,Yes,58,25,6,233,7,5420,50,5470,12,532,252451102,EL NIDO 1102,Yosemite,1,6/2/2025 1:21:05 AM,121797.070390994
RALSTON,12kV,No,2174,88,24,0,18,3430,300,3730,12,533,024141102,RALSTON 1102,Peninsula,1,6/2/2025 1:21:05 AM,47799.5602074899
EVERGREEN,21kV,No,1916,159,89,0,10,1930,140,2070,21,534,082012104,EVERGREEN 2104,San jose,1,6/2/2025 1:21:05 AM,40993.4918806672
OAKLAND L,12kV,No,7,17,13,0,0,0,0,0,12,535,012111115,OAKLAND L 1115,East bay,1,6/2/2025 1:21:05 AM,3680.47590577254
CAROLANDS,4.16kV,No,843,35,6,0,3,1880,420,2300,4,536,024060401,CAROLANDS 0401,Peninsula,1,6/2/2025 1:21:05 AM,32597.4918734122
PEASE,12kV,No,2734,43,4,9,3,5850,330,6180,12,537,153751105,PEASE 1105,Sacramento,1,6/2/2025 1:21:05 AM,50492.6948185218
CORCORAN,12kV,No,153,34,13,224,4,3190,4810,8000,12,538,252171118,CORCORAN 1118,Fresno,1,6/2/2025 1:21:05 AM,106778.666261451
LARKIN (Y),12kV,No,0,1,7,0,0,0,0,0,12,539,022801132,LARKIN (Y) 1132,San francisco,1,6/2/2025 1:21:05 AM,5174.57682353401
WATERSHED,4.16kV,Yes,0,1,1,0,6,0,0,0,4,540,024240402,WATERSHED 0402,Peninsula,1,6/2/2025 1:21:05 AM,2729.35330824469
CHOLAME,21kV,No,87,52,14,162,0,450,1420,1870,21,541,182562102,CHOLAME 2102,Los padres,1,6/2/2025 1:21:05 AM,194432.689537143
DAVIS,12kV,No,3172,144,73,0,15,5010,540,5550,12,542,062041102,DAVIS 1102,Sacramento,1,6/2/2025 1:21:05 AM,51212.8080481654
COPUS,12kV,Yes,2,11,7,45,0,200,10920,11120,12,543,253871103,COPUS 1103,Kern,1,6/2/2025 1:21:05 AM,49152.2995219005
LOS GATOS,12kV,No,2006,190,35,5,14,4680,1120,5800,12,544,082021106,LOS GATOS 1106,De anza,1,6/2/2025 1:21:05 AM,206279.684702983
STOCKTON ACRES,4.16kV,No,475,12,4,0,2,380,60,440,4,545,163220402,STOCKTON ACRES 0402,Stockton,1,6/2/2025 1:21:05 AM,6599.55869103377
MC KEE,12kV,No,5686,100,21,1,11,3920,190,4110,12,546,083531110,MC KEE 1110,San jose,1,6/2/2025 1:21:05 AM,71345.3145202852
KERN OIL,12kV,Yes,3,76,137,5,7,1780,1560,3340,12,547,252721107,KERN OIL 1107,Kern,1,6/2/2025 1:21:05 AM,65868.0144454708
CALIFORNIA AVE,12kV,No,0,9,7,0,2,60,4410,4470,12,548,252281102,CALIFORNIA AVE 1102,Fresno,1,6/2/2025 1:21:05 AM,2704.31457847495
MEADOW LANE,21kV,No,3706,383,130,0,55,4720,810,5530,21,549,014302108,MEADOW LANE 2108,Diablo,1,11/11/2025 12:30:24 PM,76664.0108630316
MISSION (X),4.16kV,No,1215,46,4,0,3,140,10,150,4,550,022010401,MISSION (X) 0401,San francisco,1,6/2/2025 1:21:05 AM,5212.20958085511
IGNACIO,12kV,No,2660,124,32,0,9,5110,260,5370,12,551,042481101,IGNACIO 1101,Sonoma,1,6/2/2025 1:21:05 AM,56022.0631206375
MISSION (X),12kV,No,990,49,37,0,4,0,0,0,12,552,022011106,MISSION (X) 1106,San francisco,1,6/2/2025 1:21:05 AM,4381.02396848256
KERCKHOFF,12kV,No,234,31,3,2,2,150,0,150,12,553,252561101,KERCKHOFF 1101,Fresno,1,6/2/2025 1:21:05 AM,68958.1333846508
NEWARK 21KV,21kV,Yes,0,0,6,0,0,0,0,0,21,554,012232109,NEWARK 21KV 2109,Mission,1,11/11/2025 12:30:25 PM,6079.57824162923
RENFRO,21kV,No,1701,132,33,36,,8291,8731,17022,21,555,254572103,RENFRO 2103,Kern,1,11/11/2025 11:54:13 AM,78604.2373189107
RIVER OAKS,21kV,Yes,0,2,8,0,1,0,0,0,21,556,082342106,RIVER OAKS 2106,San Jose,1,11/11/2025 12:30:18 PM,4109.14788706291
MONTAGUE,21kV,No,672,162,123,0,5,1640,430,2070,21,557,083892106,MONTAGUE 2106,San Jose,1,11/11/2025 12:30:18 PM,21079.5363253722
RESEARCH,21kV,No,3754,621,205,1,27,8200,1420,9620,21,558,014692102,RESEARCH 2102,Diablo,1,11/11/2025 12:30:18 PM,112595.028174423
MOSHER,21kV,No,3904,68,38,2,6,9220,580,9800,21,559,163722108,MOSHER 2108,Stockton,1,11/11/2025 12:30:20 PM,83965.3629520396
MOSHER,21kV,No,873,97,86,0,6,3730,3330,7060,21,560,163722105,MOSHER 2105,Stockton,1,11/11/2025 12:30:20 PM,31943.3340996487
CLARKSVILLE,21kV,No,3138,93,21,0,11,13250,280,13530,21,561,153612106,CLARKSVILLE 2106,Sierra,1,11/11/2025 12:30:21 PM,102175.136346157
CLARKSVILLE,21kV,No,4453,150,120,0,13,16580,960,17540,21,562,153612105,CLARKSVILLE 2105,Sierra,1,11/11/2025 12:30:21 PM,176168.588719557
LINCOLN,21kV,No,3736,121,116,0,10,10880,460,11340,21,563,153702109,LINCOLN 2109,Sierra,1,11/11/2025 12:30:21 PM,100610.091883976
KERN POWER,21kV,Yes,2510,171,96,1,8,7150,550,7700,21,564,255262104,KERN POWER 2104,Kern,1,11/11/2025 12:30:21 PM,60305.297603729
WATERLOO,12kV,No,556,34,4,66,0,2110,200,2310,12,565,163151102,WATERLOO 1102,Stockton,1,6/2/2025 1:21:05 AM,48613.830999104
ORLAND B,12kV,No,1352,124,55,31,1,3650,280,3930,12,566,102701102,ORLAND B 1102,North valley,1,6/2/2025 1:21:05 AM,51627.7161973157
LERDO,12kV,Yes,46,48,46,105,10,8520,2220,10740,12,567,253491111,LERDO 1111,Kern,1,6/2/2025 1:21:05 AM,77771.8348913448
DAVIS,12kV,No,1814,124,48,111,4,5020,1110,6130,12,568,062041112,DAVIS 1112,Sacramento,1,6/2/2025 1:21:05 AM,125922.99402442
OAKLAND C,12kV,No,4,68,31,0,10,0,40,40,12,569,012011103,OAKLAND C 1103,East bay,1,6/2/2025 1:21:05 AM,4976.46267867616
KERMAN,12kV,Yes,82,35,11,207,0,6220,3990,10210,12,570,252711106,KERMAN 1106,Fresno,1,6/2/2025 1:21:05 AM,151938.205211729
NAPA,12kV,No,2920,397,91,0,11,1840,600,2440,12,571,042021109,NAPA 1109,North bay,1,6/2/2025 1:21:05 AM,47279.919802724
INDUSTRIAL ACRES,4.16kV,No,575,60,9,0,4,200,0,200,4,572,182300413,INDUSTRIAL ACRES 0413,Central coast,1,6/2/2025 1:21:05 AM,8372.68469875024
SARATOGA,12kV,No,4386,152,42,0,11,6240,510,6750,12,573,083371113,SARATOGA 1113,De Anza,1,10/10/2025 9:34:35 AM,68777.4425396346
WEST POINT,12kV,No,2728,224,14,28,22,2340,370,2710,12,574,163201102,WEST POINT 1102,Stockton,1,6/2/2025 1:21:05 AM,550766.272005655
HICKS,21kV,No,4994,320,152,0,14,4720,730,5450,21,575,083432111,HICKS 2111,San jose,1,6/2/2025 1:21:05 AM,77308.7650455872
SF H,12kV,Yes,4629,207,28,0,10,1520,80,1600,12,576,022101109,SF H 1109,Peninsula,1,6/2/2025 1:21:05 AM,32821.4721118846
MONROE,21kV,No,4362,463,153,12,24,10210,1040,11250,21,577,043302103,MONROE 2103,Sonoma,1,6/2/2025 1:21:05 AM,139971.164829228
RESERVATION ROAD,12kV,No,5203,451,96,46,22,7370,130,7500,12,578,182011104,SALINAS 1104,Central coast,1,6/2/2025 1:21:05 AM,95659.4941752418
SF E,4.16kV,No,1183,107,22,0,2,30,10,40,4,579,022070407,SF E 0407,San francisco,1,6/2/2025 1:21:05 AM,6944.25228645906
WEBER,12kV,No,507,75,86,32,14,5760,60,5820,12,580,163481107,WEBER 1107,Stockton,1,6/2/2025 1:21:05 AM,49136.254559473
MISSION (X),12kV,No,5042,281,32,0,16,880,290,1170,12,581,022011110,MISSION (X) 1110,San francisco,1,6/2/2025 1:21:05 AM,35763.3172747067
HUNTERS POINT (P),12kV,No,2040,460,169,5,78,630,80,710,12,582,022331105,HUNTERS POINT (P) 1105,San francisco,1,6/2/2025 1:21:05 AM,27246.7416549122
MARINA (F),4.16kV,Yes,150,5,1,0,0,0,0,0,4,583,022780404,MARINA (F) 0404,San francisco,1,6/2/2025 1:21:05 AM,3776.88805410848
POSO MOUNTAIN,21kV,Yes,3,4,11,0,0,120,0,120,21,584,253642104,POSO MOUNTAIN 2104,Kern,1,11/11/2025 12:30:21 PM,33813.7719029253
DEL MAR,21kV,No,3984,146,25,1,,18682,19466,38148,21,585,152582109,DEL MAR 2109,Sierra,1,11/11/2025 12:30:21 PM,142637.554411982
TEVIS,21kV,No,3315,69,7,0,9,11960,200,12160,21,586,255322102,TEVIS 2102,Kern,1,6/2/2025 1:21:05 AM,62994.4472913824
POTRERO PP (A),12kV,No,5258,484,158,0,26,1400,190,1590,12,587,022031101,POTRERO PP (A) 1101,San francisco,1,6/2/2025 1:21:05 AM,27161.7515616508
DALY CITY,12kV,No,2329,104,28,0,26,690,40,730,12,588,022641109,DALY CITY 1109,Peninsula,1,6/2/2025 1:21:05 AM,18139.9103127174
STOCKTON A,12kV,No,1148,369,115,2,14,2520,260,2780,12,589,162371105,STOCKTON A 1105,Stockton,1,6/2/2025 1:21:05 AM,35126.1559555683
ASHLAN AVE,21kV,No,601,83,11,0,,1793,1808,3601,21,590,252052115,ASHLAN AVE 2115,Fresno,1,11/11/2025 12:30:23 PM,19731.2767552526
MEADOW LANE,21kV,No,3673,207,71,0,15,7090,440,7530,21,591,014302106,MEADOW LANE 2106,Diablo,1,11/11/2025 12:30:24 PM,95613.4355441357
WYANDOTTE,12kV,No,3222,248,39,49,3,4990,8090,13080,12,592,102911109,WYANDOTTE 1109,North valley,1,6/2/2025 1:21:05 AM,262913.629011276
REDBUD,12kV,No,3223,159,20,19,5,2560,4500,7060,12,593,043191102,REDBUD 1102,Humboldt,1,6/2/2025 1:21:05 AM,130573.409805655
EL PATIO,12kV,Yes,0,0,6,0,,0,0,0,12,594,082921111,EL PATIO 1111,De Anza,1,11/11/2025 11:54:15 AM,5954.0037618519
MEADOW LANE,21kV,Yes,0,228,234,0,17,1660,200,1860,21,595,014302109,MEADOW LANE 2109,Diablo,1,11/11/2025 12:30:24 PM,28895.2754641696
MEADOW LANE,21kV,No,3006,456,80,0,,1254,1311,2565,21,596,014302107,MEADOW LANE 2107,Diablo,1,11/11/2025 12:30:24 PM,31767.9896963713
PUEBLO,21kV,No,3896,133,24,70,5,7720,760,8480,21,597,043292103,PUEBLO 2103,North Bay,1,11/11/2025 12:30:24 PM,333223.201772226
BELLEVUE,21kV,No,4729,464,174,0,11,3130,5380,8510,21,598,043182105,BELLEVUE 2105,Sonoma,1,11/11/2025 12:30:24 PM,78857.5698193645
PUEBLO,21kV,No,932,125,51,241,5,5450,2250,7700,21,599,043292102,PUEBLO 2102,North Bay,1,11/11/2025 12:30:24 PM,198583.282102179
BEAR VALLEY,21kV,No,1029,201,15,11,1,1390,230,1620,21,600,252192101,BEAR VALLEY 2101,Yosemite,1,11/11/2025 12:30:25 PM,343158.803122674
STOCKDALE,21kV,No,2495,260,136,41,12,7090,2140,9230,21,601,254072115,STOCKDALE 2115,Kern,1,6/2/2025 1:21:05 AM,118656.137779353
PLYMOUTH,4.16kV,No,1939,62,2,0,5,600,110,710,4,602,022680401,PLYMOUTH 0401,San francisco,1,6/2/2025 1:21:05 AM,10089.9078782225
HARDING,4.16kV,No,774,86,11,0,3,320,100,420,4,603,163310406,HARDING 0406,Stockton,1,6/2/2025 1:21:05 AM,6743.70618334754
KERN OIL,12kV,No,1599,209,132,1,7,4570,210,4780,12,604,252721116,KERN OIL 1116,Kern,1,6/2/2025 1:21:05 AM,53084.0818486034
DAIRYLAND,12kV,Yes,96,40,3,266,0,4610,310,4920,12,605,252421109,DAIRYLAND 1109,Yosemite,1,6/2/2025 1:21:05 AM,96427.9137311444
PURISIMA,12kV,No,2153,154,35,66,3,3640,200,3840,12,606,182971101,PURISIMA 1101,Los padres,1,6/2/2025 1:21:05 AM,136787.808851869
LARKIN (Y),12kV,No,4740,380,139,0,18,320,60,380,12,607,022801109,LARKIN (Y) 1109,San francisco,1,6/2/2025 1:21:05 AM,15777.5094539592
CALIFORNIA AVE,12kV,Yes,1373,59,21,2,,4062,6293,10355,12,608,252281108,CALIFORNIA AVE 1108,Fresno,1,11/11/2025 11:54:16 AM,26923.193708233
ASHLAN AVE,12kV,No,2446,99,51,1,,3721,4414,8135,12,609,252051112,ASHLAN AVE 1112,Fresno,1,11/11/2025 11:54:16 AM,47575.7046294573
EAST MARYSVILLE,12kV,No,2190,181,46,104,14,5650,8270,13920,12,610,152331105,EAST MARYSVILLE 1105,Sacramento,1,6/2/2025 1:21:05 AM,118092.170172684
FRUITVALE,12kV,No,2077,120,67,8,6,9410,260,9670,12,611,253391104,FRUITVALE 1104,Kern,1,6/2/2025 1:21:05 AM,64403.7256299017
WOOD,4.16kV,No,708,10,0,0,1,1350,140,1490,4,612,013380401,WOOD 0401,East bay,1,6/2/2025 1:21:05 AM,12671.1156016769
COALINGA NO 2,12kV,Yes,26,39,12,19,12,130,10720,10850,12,613,252381106,COALINGA NO 2 1106,Fresno,1,6/2/2025 1:21:05 AM,88108.1992212694
WEEDPATCH,12kV,No,825,143,40,42,9,2660,300,2960,12,614,252971101,WEEDPATCH 1101,Kern,1,6/2/2025 1:21:05 AM,52568.0113629185
MOLINO,12kV,No,3750,384,89,148,9,9890,1120,11010,12,615,042571102,MOLINO 1102,Sonoma,1,6/2/2025 1:21:05 AM,397257.115095438
LE GRAND,12kV,Yes,87,20,7,261,1,5770,970,6740,12,616,255361106,LE GRAND 1106,Yosemite,1,6/2/2025 1:21:05 AM,122547.14818926
SARATOGA,12kV,Yes,1688,52,5,1,6,4540,520,5060,12,617,083371104,SARATOGA 1104,De Anza,1,11/11/2025 12:30:18 PM,60664.2082577462
REEDLEY,12kV,No,2233,170,59,211,6,3300,2210,5510,12,618,252341110,REEDLEY 1110,Fresno,1,11/11/2025 12:30:22 PM,104696.84543115
ARCATA,12kV,No,1418,147,32,18,2,2050,90,2140,12,619,192021106,ARCATA 1106,Humboldt,1,6/2/2025 1:21:05 AM,32615.2336551375
TAFT,12kV,No,2248,177,57,0,2,5500,290,5790,12,620,252081104,TAFT 1104,Kern,1,6/2/2025 1:21:05 AM,44302.7838437393
MORRO BAY,12kV,No,4118,732,118,62,10,3020,1020,4040,12,621,183011101,MORRO BAY 1101,Los padres,1,6/2/2025 1:21:05 AM,107160.696426712
WYANDOTTE,12kV,Yes,1637,262,67,5,7,2890,6820,9710,12,622,102911103,WYANDOTTE 1103,North valley,1,6/2/2025 1:21:05 AM,238881.335344192
ORICK,12kV,Yes,57,21,1,0,1,20,0,20,12,623,192261101,ORICK 1101,Humboldt,1,6/2/2025 1:21:05 AM,18970.3503643053
CHICO C,4.16kV,No,378,45,2,0,2,410,20,430,4,624,102650401,CHICO C 0401,North valley,1,6/2/2025 1:21:05 AM,5841.1832514817
HENRIETTA,12kV,Yes,196,22,5,282,10,2880,450,3330,12,625,252681110,HENRIETTA 1110,Fresno,1,6/2/2025 1:21:05 AM,172921.007140977
SHAFTER,12kV,No,955,145,41,30,4,1360,910,2270,12,626,253651104,SHAFTER 1104,Kern,1,6/2/2025 1:21:05 AM,33448.4683182098
GUERNSEY,12kV,Yes,98,21,4,125,1,6730,2320,9050,12,627,252661104,GUERNSEY 1104,Fresno,1,6/2/2025 1:21:05 AM,62460.5564433108
SF H,4.16kV,No,1438,77,9,0,2,400,20,420,4,628,022100402,SF H 0402,Peninsula,1,6/2/2025 1:21:05 AM,10180.6134275089
GARBERVILLE,12kV,No,740,204,26,30,14,250,50,300,12,629,192221101,GARBERVILLE 1101,Humboldt,1,6/2/2025 1:21:05 AM,316137.010181256
FRENCH CAMP,12kV,Yes,513,110,44,272,9,1250,3670,4920,12,630,163291102,FRENCH CAMP 1102,Stockton,1,6/2/2025 1:21:05 AM,185661.635961142
TRACY,12kV,No,2209,77,31,6,2,4810,120,4930,12,631,162881109,TRACY 1109,Stockton,1,6/2/2025 1:21:05 AM,48889.5707651678
RIVERBANK,17kV,No,3028,277,62,33,8,4930,450,5380,17,632,163191716,RIVERBANK 1716,Yosemite,1,6/2/2025 1:21:05 AM,86800.7379630456
TUDOR,12kV,Yes,110,40,14,81,3,1020,2650,3670,12,633,153711102,TUDOR 1102,Sacramento,1,6/2/2025 1:21:05 AM,48328.1761432014
WHISMAN,12kV,Yes,0,7,15,0,2,2720,2420,5140,12,634,083631101,WHISMAN 1101,De anza,1,6/2/2025 1:21:05 AM,15654.1906932105
CARQUINEZ,12kV,No,2976,437,113,0,30,1990,300,2290,12,635,043281103,CARQUINEZ 1103,North bay,1,6/2/2025 1:21:05 AM,59156.9354324107
DUNBAR,12kV,No,2962,204,36,74,5,9340,1010,10350,12,636,043071103,DUNBAR 1103,Sonoma,1,6/2/2025 1:21:05 AM,180899.249365189
RIVERBANK,17kV,No,1339,70,15,77,6,3370,960,4330,17,637,163191711,RIVERBANK 1711,Yosemite,1,6/2/2025 1:21:05 AM,91327.4165447063
OAKLAND D,4.16kV,No,1116,42,5,0,2,420,10,430,4,638,012040408,OAKLAND D 0408,East bay,1,6/2/2025 1:21:05 AM,9216.63879000423
ASHLAN AVE,12kV,No,3021,133,18,0,6,3240,100,3340,12,639,252051116,ASHLAN AVE 1116,Fresno,1,6/2/2025 1:21:05 AM,39834.7394074248
WILLOWS A,12kV,No,595,79,33,7,3,1070,240,1310,12,640,102741101,WILLOWS A 1101,North valley,1,6/2/2025 1:21:05 AM,21874.1813157128
BRENTWOOD,21kV,No,5019,387,74,112,12,13030,920,13950,21,641,014592112,BRENTWOOD 2112,Diablo,1,6/2/2025 1:21:05 AM,301288.182339314
MABURY,12kV,No,3696,411,66,0,20,2510,70,2580,12,642,082191104,MABURY 1104,San jose,1,6/2/2025 1:21:05 AM,39437.153985834
BARTON,12kV,Yes,83,313,117,2,6,670,140,810,12,643,253571101,BARTON 1101,Fresno,1,6/2/2025 1:21:05 AM,27170.9818001364
TRIMBLE,21kV,Yes,0,27,27,0,7,2750,1380,4130,21,644,083802119,TRIMBLE 2119,San jose,1,6/2/2025 1:21:05 AM,11169.1143804723
CORDELIA,12kV,Yes,85,157,94,7,5,6660,5260,11920,12,645,062701104,CORDELIA 1104,North Bay,1,11/11/2025 12:30:20 PM,144683.768912871
COTATI,12kV,No,1798,204,29,133,11,4030,410,4440,12,646,042271105,COTATI 1105,Sonoma,1,6/2/2025 1:21:05 AM,244771.477751559
DALY CITY,4.16kV,No,1409,61,4,0,2,240,170,410,4,647,022640401,DALY CITY 0401,Peninsula,1,6/2/2025 1:21:05 AM,12635.0515932623
CLOVERDALE,12kV,Yes,2170,185,92,99,6,5810,1740,7550,12,648,042821102,CLOVERDALE 1102,Sonoma,1,6/2/2025 1:21:05 AM,249105.078469361
HURON,12kV,Yes,7,4,2,17,4,780,0,780,12,649,253161108,HURON 1108,Fresno,1,6/2/2025 1:21:05 AM,20994.7859966123
SAN LEANDRO U,12kV,No,4138,302,72,0,16,1100,1250,2350,12,650,013111102,SAN LEANDRO U 1102,Mission,1,6/2/2025 1:21:05 AM,35360.6313043333
WEST FRESNO,12kV,No,710,97,69,0,15,760,0,760,12,651,253731102,WEST FRESNO 1102,Fresno,1,6/2/2025 1:21:05 AM,18849.9614746462
MADERA,12kV,Yes,470,82,46,27,1,2630,310,2940,12,652,252761112,MADERA 1112,Yosemite,1,6/2/2025 1:21:05 AM,40256.6309238861
MADERA,12kV,No,1931,148,84,2,15,3940,120,4060,12,653,252761106,MADERA 1106,Yosemite,1,6/2/2025 1:21:05 AM,41987.2884538795
BARTON,12kV,No,1588,170,32,0,5,1330,510,1840,12,654,253571102,BARTON 1102,Fresno,1,6/2/2025 1:21:05 AM,28635.2044038607
JAMESON,12kV,No,2007,336,135,166,12,6510,3750,10260,12,655,063801105,JAMESON 1105,North bay,1,6/2/2025 1:21:05 AM,186390.052267601
SAN JOSE B,12kV,Yes,667,44,37,0,4,730,0,730,12,656,082261113,SAN JOSE B 1113,San jose,1,6/2/2025 1:21:05 AM,6563.86505863234
MISSION (X),12kV,Yes,2674,103,37,0,8,290,80,370,12,657,022011109,MISSION (X) 1109,San francisco,1,6/2/2025 1:21:05 AM,11641.865819681
TRACY,4.16kV,No,331,12,3,0,0,410,10,420,4,658,162880402,TRACY 0402,Stockton,1,6/2/2025 1:21:05 AM,5960.40501408201
ORLAND B,12kV,No,1001,128,34,31,4,1960,5420,7380,12,659,102701101,ORLAND B 1101,North valley,1,6/2/2025 1:21:05 AM,71837.5220028117
LOS GATOS,12kV,Yes,383,168,39,0,1,540,0,540,12,660,082021102,LOS GATOS 1102,De anza,1,6/2/2025 1:21:05 AM,8723.81110522875
OLIVEHURST,12kV,No,1227,39,5,0,1,1750,140,1890,12,661,152901102,OLIVEHURST 1102,Sacramento,1,11/11/2025 12:30:21 PM,23221.0177784575
MENDOTA,12kV,No,2157,88,29,6,,2813,3886,6699,12,662,252311103,MENDOTA 1103,Yosemite,1,11/11/2025 11:54:15 AM,55691.327465376
OLD RIVER,12kV,Yes,2,3,2,33,,2230,2630,4860,12,663,252821105,OLD RIVER 1105,Kern,1,11/11/2025 11:54:15 AM,38908.7287893051
RUSSELL,4.16kV,No,1205,53,3,0,2,600,210,810,4,664,013310402,RUSSELL 0402,East bay,1,6/2/2025 1:21:05 AM,7634.06685770316
KERMAN,12kV,No,1495,88,28,93,4,3680,1770,5450,12,665,252711108,KERMAN 1108,Fresno,1,6/2/2025 1:21:05 AM,87108.8926348573
BURLINGAME,4.16kV,No,860,101,18,0,3,620,170,790,4,666,024050405,BURLINGAME 0405,Peninsula,1,6/2/2025 1:21:05 AM,7386.28044542705
POTRERO PP (A),12kV,No,1824,339,162,1,30,330,30,360,12,667,022031119,POTRERO PP (A) 1119,San francisco,1,6/2/2025 1:21:05 AM,15909.8984341951
SWIFT,21kV,No,4264,353,97,0,29,3440,300,3740,21,668,083392111,SWIFT 2111,San jose,1,6/2/2025 1:21:05 AM,70764.3686284411
MISSION (X),12kV,Yes,1190,520,63,0,7,60,0,60,12,669,022011120,MISSION (X) 1120,San francisco,1,6/2/2025 1:21:05 AM,10395.5412144743
BERKELEY F,4.16kV,No,876,11,1,0,0,800,490,1290,4,670,012060410,BERKELEY F 0410,East bay,1,6/2/2025 1:21:05 AM,6361.56462047753
WOODLAND,12kV,Yes,14,119,84,56,24,2260,210,2470,12,671,062031106,WOODLAND 1106,Sacramento,1,6/2/2025 1:21:05 AM,80430.6085668312
BONNIE NOOK,12kV,No,48,1,0,0,0,10,0,10,12,672,152301101,BONNIE NOOK 1101,Sierra,1,6/2/2025 1:21:05 AM,3506.95569908804
BORONDA,12kV,Yes,30,50,18,15,,182,1082,1264,12,673,182461102,BORONDA 1102,Central Coast,1,11/11/2025 11:54:15 AM,10200.7597738811
REDWOOD CITY,4.16kV,No,945,128,22,0,1,450,180,630,4,674,024160410,REDWOOD CITY 0410,Peninsula,1,6/2/2025 1:21:05 AM,13257.849648404
JACOBS CORNER,12kV,Yes,670,87,15,274,4,3400,2740,6140,12,675,254771101,JACOBS CORNER 1101,Fresno,1,6/2/2025 1:21:05 AM,129116.490264734
SANGER,12kV,Yes,56,14,2,50,0,1090,20,1110,12,676,252351112,SANGER 1112,Fresno,1,6/2/2025 1:21:05 AM,23163.3887979241
OREGON TRAIL,12kV,No,1650,88,18,3,3,4410,5880,10290,12,677,103521103,OREGON TRAIL 1103,North valley,1,6/2/2025 1:21:05 AM,288648.026085605
RIPON,17kV,No,2268,196,40,228,26,7880,1980,9860,17,678,163801701,RIPON 1701,Stockton,1,6/2/2025 1:21:05 AM,168337.779787948
CASSIDY,21kV,No,4403,273,64,68,28,16230,1060,17290,21,679,254272108,CASSIDY 2108,Yosemite,1,6/2/2025 1:21:05 AM,227095.748171302
EL PATIO,12kV,No,2202,146,51,0,7,2510,670,3180,12,680,082921118,EL PATIO 1118,De anza,1,6/2/2025 1:21:05 AM,30934.5602213429
LARKIN (Y),12kV,No,2136,182,95,0,5,0,0,0,12,681,022801105,LARKIN (Y) 1105,San francisco,1,6/2/2025 1:21:05 AM,7482.11853229498
MC KEE,12kV,No,4988,330,136,0,33,2570,1550,4120,12,682,083531106,MC KEE 1106,San Jose,1,11/11/2025 12:30:20 PM,54021.1760644224
SONOMA,12kV,No,2969,204,31,69,16,4640,700,5340,12,683,042721104,SONOMA 1104,Sonoma,1,6/2/2025 1:21:05 AM,148551.04937386
MISSION (X),12kV,Yes,178,6,8,0,1,0,0,0,12,684,022011105,MISSION (X) 1105,San francisco,1,6/2/2025 1:21:05 AM,4592.20007159618
SF J,4.16kV,Yes,298,4,7,0,2,40,0,40,4,685,022220409,SF J 0409,San francisco,1,6/2/2025 1:21:05 AM,2267.01121138212
7TH STANDARD,12kV,Yes,1339,76,13,45,10,10780,850,11630,12,686,254582103,7TH STANDARD 2103,Kern,1,6/2/2025 1:21:05 AM,76654.4758644296
NORTECH,21kV,Yes,2,9,30,0,1,210,2630,2840,21,687,082462111,NORTECH 2111,San Jose,1,11/11/2025 12:30:18 PM,8226.2011561206
KING CITY,12kV,Yes,51,74,32,36,2,550,1180,1730,12,688,182031102,KING CITY 1102,Central coast,1,6/2/2025 1:21:05 AM,49078.0846465901
PASO ROBLES,12kV,Yes,1101,143,73,0,2,3990,330,4320,12,689,182611102,PASO ROBLES 1102,Los padres,1,6/2/2025 1:21:05 AM,43969.0415880159
EMBARCADERO (Z),34.5kV,No,0,1,25,0,0,0,0,0,34,690,022873405,EMBARCADERO (Z) 3405,San francisco,1,6/2/2025 1:21:05 AM,3012.98994012907
LIVINGSTON,12kV,No,601,72,13,260,3,2700,3290,5990,12,691,252261105,LIVINGSTON 1105,Yosemite,1,6/2/2025 1:21:05 AM,184386.034290158
MOUNTAIN VIEW,12kV,No,5227,170,107,1,15,1050,540,1590,12,692,082031104,MOUNTAIN VIEW 1104,De anza,1,6/2/2025 1:21:05 AM,36527.4860539395
BAKERSFIELD,12kV,No,2565,132,62,0,10,3940,500,4440,12,693,253371116,BAKERSFIELD 1116,Kern,1,6/2/2025 1:21:05 AM,35861.6977721292
MENLO,4.16kV,No,588,36,6,1,2,1990,230,2220,4,694,024130404,MENLO 0404,Peninsula,1,6/2/2025 1:21:05 AM,20785.3431556453
SNEATH LANE,12kV,Yes,1748,34,15,0,9,4020,80,4100,12,695,022721101,SNEATH LANE 1101,Peninsula,1,6/2/2025 1:21:05 AM,23524.4833873056
WESTPARK,12kV,No,2545,268,66,0,17,2470,1480,3950,12,696,253701110,WESTPARK 1110,Kern,1,11/11/2025 12:30:18 PM,30725.2266773944
ROSSMOOR,12kV,No,1012,22,1,0,0,2180,130,2310,12,697,014161109,ROSSMOOR 1109,Diablo,1,11/11/2025 12:30:18 PM,43972.9890088751
EAST STOCKTON,12kV,Yes,714,229,110,1,19,1070,4320,5390,12,698,163131101,EAST STOCKTON 1101,Stockton,1,11/11/2025 12:30:20 PM,32804.6379386236
OAKLAND J,12kV,No,3032,201,41,0,,715,785,1500,12,699,012091101,OAKLAND J 1101,East Bay,1,11/11/2025 11:54:13 AM,26180.3260757324
BIG RIVER,12kV,No,2114,460,35,3,,1867,6636,8503,12,700,043081101,BIG RIVER 1101,Humboldt,1,11/11/2025 11:54:15 AM,214536.038610073
LARKIN (Y),12kV,Yes,900,88,53,0,1,40,0,40,12,701,022801104,LARKIN (Y) 1104,San francisco,1,6/2/2025 1:21:05 AM,5150.80221916841
SMYRNA,12kV,Yes,83,27,6,112,3,5650,2860,8510,12,702,253551106,SMYRNA 1106,Kern,1,6/2/2025 1:21:05 AM,94869.8300475943
POINT PINOLE,12kV,No,3763,191,110,0,15,3730,1460,5190,12,703,014261102,POINT PINOLE 1102,East bay,1,6/2/2025 1:21:05 AM,52942.699350548
MOLINO,12kV,No,3353,665,173,43,33,6710,1410,8120,12,704,042571104,MOLINO 1104,Sonoma,1,6/2/2025 1:21:05 AM,147084.974947767
MILLBRAE,12kV,Yes,2485,148,57,0,22,4820,500,5320,12,705,022691108,MILLBRAE 1108,Peninsula,1,6/2/2025 1:21:05 AM,42716.0764448834
SONOMA,12kV,No,1281,230,53,124,16,2470,610,3080,12,706,042721107,SONOMA 1107,Sonoma,1,6/2/2025 1:21:05 AM,124199.637012991
PIERCY,21kV,Yes,284,83,129,0,5,3780,1040,4820,21,707,083912111,PIERCY 2111,San jose,1,6/2/2025 1:21:05 AM,40531.6794307382
MOUNTAIN VIEW,12kV,Yes,1508,29,58,0,4,730,60,790,12,708,082031111,MOUNTAIN VIEW 1111,De anza,1,6/2/2025 1:21:05 AM,20490.056921475
CASTROVILLE,21kV,Yes,2168,305,68,219,20,9650,2380,12030,21,709,182352103,CASTROVILLE 2103,Central coast,1,6/2/2025 1:21:05 AM,184155.880919487
PINEDALE,21kV,No,2299,199,178,1,8,11330,180,11510,21,710,252852101,PINEDALE 2101,Fresno,1,6/2/2025 1:21:05 AM,74478.9875164142
ASHLAN AVE,12kV,No,1158,164,49,3,5,2380,220,2600,12,711,252051111,ASHLAN AVE 1111,Fresno,1,6/2/2025 1:21:05 AM,26798.5818611185
LOCKHEED NO 2,12kV,No,0,4,24,0,0,0,0,0,12,712,083001107,LOCKHEED NO 2 1107,De Anza,1,11/11/2025 12:30:19 PM,8652.97907552116
DRUM,12kV,Yes,151,42,8,1,,78,85,163,12,713,152321101,DRUM 1101,Sierra,1,11/11/2025 11:54:15 AM,40320.9107172795
TIVY VALLEY,12kV,No,1263,168,20,263,,3409,3756,7165,12,714,252941107,TIVY VALLEY 1107,Fresno,1,11/11/2025 11:54:15 AM,361648.251574174
OAKLAND J,12kV,Yes,0,44,35,4,,748,1391,2139,12,715,012091110,OAKLAND J 1110,East Bay,1,11/11/2025 12:30:20 PM,8767.71460607205
ANTELOPE,12kV,No,2,18,4,49,,3000,3000,6000,12,716,252021102,ANTELOPE 1102,Kern,1,11/11/2025 12:30:22 PM,51054.774383467
BURLINGAME,4.16kV,No,1415,44,6,0,8,710,300,1010,4,717,024050404,BURLINGAME 0404,Peninsula,1,6/2/2025 1:21:05 AM,11609.4628241005
PARLIER,12kV,No,1954,145,41,99,5,5080,170,5250,12,718,252291102,PARLIER 1102,Fresno,1,6/2/2025 1:21:05 AM,77727.8026552365
SF L,12kV,No,1054,190,20,0,6,420,20,440,12,719,022261101,SF L 1101,San francisco,1,6/2/2025 1:21:05 AM,14295.126623771
WEST POINT,12kV,No,1731,52,4,2,1,850,140,990,12,720,163201101,WEST POINT 1101,Stockton,1,6/2/2025 1:21:05 AM,190680.539966506
TRACY,12kV,Yes,224,158,93,19,10,7820,1020,8840,12,721,162881110,TRACY 1110,Stockton,1,6/2/2025 1:21:05 AM,32091.978065693
RED BLUFF,12kV,No,217,171,30,0,4,70,10,80,12,722,103541102,RED BLUFF 1102,North valley,1,6/2/2025 1:21:05 AM,6468.75561694745
EVERGREEN,21kV,No,5815,393,132,0,17,6990,560,7550,21,723,082012103,EVERGREEN 2103,San jose,1,6/2/2025 1:21:05 AM,89440.9205203565
SONOMA,12kV,No,1613,360,139,115,13,5320,2100,7420,12,724,042721105,SONOMA 1105,Sonoma,1,6/2/2025 1:21:05 AM,152609.227684667
WEBER,12kV,Yes,3,12,27,0,0,3480,700,4180,12,725,163481103,WEBER 1103,Stockton,1,6/2/2025 1:21:05 AM,9442.33884119632
HARRIS,12kV,No,3473,467,84,11,18,3270,1010,4280,12,726,192431109,HARRIS 1109,Humboldt,1,6/2/2025 1:21:05 AM,121038.517655323
PIKE CITY,12kV,No,363,42,3,1,,154,154,308,12,727,152201101,PIKE CITY 1101,Sierra,1,11/11/2025 11:54:14 AM,73584.9586785401
SF G,4.16kV,No,488,40,5,0,2,0,0,0,4,728,022090411,SF G 0411,San francisco,1,6/2/2025 1:21:05 AM,4358.9069489072
KINGSBURG,12kV,Yes,296,52,21,251,5,3320,1490,4810,12,729,252241113,KINGSBURG 1113,Fresno,1,6/2/2025 1:21:05 AM,105212.682968169
LARKIN (Y),12kV,Yes,349,89,22,0,0,0,0,0,12,730,022801121,LARKIN (Y) 1121,San francisco,1,6/2/2025 1:21:05 AM,5435.2537282241
REDWOOD CITY,12kV,No,804,81,51,0,21,60,10,70,12,731,024161104,REDWOOD CITY 1104,Peninsula,1,6/2/2025 1:21:05 AM,12675.1495380779
UPPER LAKE,12kV,No,784,142,18,97,3,1450,330,1780,12,732,042871101,UPPER LAKE 1101,Humboldt,1,6/2/2025 1:21:05 AM,156035.433831692
SF J,4.16kV,No,1067,46,9,0,2,50,0,50,4,733,022220407,SF J 0407,San francisco,1,6/2/2025 1:21:05 AM,4166.37213691999
ELK,12kV,No,1314,182,25,17,2,790,110,900,12,734,042981101,ELK 1101,Humboldt,1,6/2/2025 1:21:05 AM,250262.257683857
GUERNSEY,12kV,Yes,94,24,6,160,1,4590,1400,5990,12,735,252661102,GUERNSEY 1102,Fresno,1,6/2/2025 1:21:05 AM,87491.0352794469
POTRERO PP (A),12kV,Yes,1,115,65,0,9,390,600,990,12,736,022031105,POTRERO PP (A) 1105,San francisco,1,6/2/2025 1:21:05 AM,7437.48170468894
REDWOOD CITY,4.16kV,No,426,80,31,0,6,100,0,100,4,737,024160402,REDWOOD CITY 0402,Peninsula,1,6/2/2025 1:21:05 AM,6232.40141267732
BURNS,21kV,No,626,74,0,0,0,1090,130,1220,21,738,183582101,BURNS 2101,Central coast,1,6/2/2025 1:21:05 AM,60400.5553210288
SOLEDAD,21kV,No,276,108,61,152,,2745,3120,5865,21,739,182052102,SOLEDAD 2102,Central Coast,1,11/11/2025 11:54:13 AM,107572.038023713
OAKLAND L,12kV,No,1376,102,81,0,10,180,0,180,12,740,012111106,OAKLAND L 1106,East bay,1,6/2/2025 1:21:05 AM,9805.46163074299
VACAVILLE,12kV,No,2523,32,7,0,1,4740,100,4840,12,741,063601112,VACAVILLE 1112,North bay,1,6/2/2025 1:21:05 AM,50436.8345720263
LOS COCHES,12kV,Yes,33,12,6,78,0,3620,5090,8710,12,742,182151102,LOS COCHES 1102,Central coast,1,6/2/2025 1:21:05 AM,58698.61388803
WESTLEY,12kV,Yes,240,102,36,232,35,970,2050,3020,12,743,162671101,WESTLEY 1101,Yosemite,1,6/2/2025 1:21:05 AM,181847.276414901
EMBARCADERO (Z),34.5kV,No,45,58,82,0,2,20,0,20,34,744,022873407,EMBARCADERO (Z) 3407,San francisco,1,6/2/2025 1:21:05 AM,6429.27646912892
RIO BRAVO,12kV,No,402,45,11,177,2,7820,910,8730,12,745,252861106,RIO BRAVO 1106,Kern,1,6/2/2025 1:21:05 AM,126522.133147379
EMBARCADERO (Z),12kV,No,2340,41,66,0,16,40,0,40,12,746,022871120,EMBARCADERO (Z) 1120,San francisco,1,6/2/2025 1:21:05 AM,8097.25315934695
HORSESHOE,12kV,No,1272,74,13,13,3,5850,470,6320,12,747,152571101,HORSESHOE 1101,Sierra,1,6/2/2025 1:21:05 AM,105068.452756787
LOCKHEED NO 2,12kV,Yes,0,8,21,0,2,1340,720,2060,12,748,083001108,LOCKHEED NO 2 1108,De Anza,1,11/11/2025 12:30:19 PM,13215.499127886
CONTRA COSTA,21kV,No,3548,257,86,0,14,4420,150,4570,21,749,013652116,CONTRA COSTA 2116,Diablo,1,11/11/2025 12:30:23 PM,51439.8614281754
ANNAPOLIS,12kV,No,171,39,8,12,,331,331,662,12,750,042861101,ANNAPOLIS 1101,Humboldt,1,10/10/2025 8:50:31 AM,107851.378380914
TASSAJARA,21kV,No,2781,124,17,1,5,3860,200,4060,21,751,014662106,TASSAJARA 2106,Diablo,1,6/2/2025 1:21:05 AM,72849.9585201709
HUNTERS POINT (P),12kV,Yes,286,37,16,0,6,20,10,30,12,752,022331104,HUNTERS POINT (P) 1104,San francisco,1,6/2/2025 1:21:05 AM,11566.1672606004
SF N,4.16kV,No,1245,9,2,0,1,210,10,220,4,753,022280406,SF N 0406,San francisco,1,6/2/2025 1:21:05 AM,7956.15676733574
EL PATIO,12kV,No,2481,232,77,0,13,2010,120,2130,12,754,082921116,EL PATIO 1116,De anza,1,6/2/2025 1:21:05 AM,34583.298004128
MISSION (X),12kV,No,6952,385,126,0,14,940,130,1070,12,755,022011113,MISSION (X) 1113,San francisco,1,6/2/2025 1:21:05 AM,22871.7197419038
MOUNTAIN VIEW,12kV,Yes,322,82,29,0,4,2380,30,2410,12,756,082031114,MOUNTAIN VIEW 1114,De anza,1,6/2/2025 1:21:05 AM,16084.8646867655
SANTA MARIA,12kV,Yes,2610,222,62,3,,1245,2527,3772,12,757,182671107,SANTA MARIA 1107,Los Padres,1,10/10/2025 8:50:29 AM,36861.189329784
HICKS,21kV,No,1046,186,203,0,13,750,380,1130,21,758,083432102,HICKS 2102,San jose,1,6/2/2025 1:21:05 AM,28555.399709511
LAWRENCE,12kV,No,679,25,17,0,4,30,0,30,12,759,083421108,LAWRENCE 1108,De anza,1,6/2/2025 1:21:05 AM,5252.17699053774
LAWNDALE,4.16kV,No,1075,55,2,0,6,530,70,600,4,760,022440402,LAWNDALE 0402,Peninsula,1,6/2/2025 1:21:05 AM,15924.3740354313
WHEELER RIDGE,12kV,Yes,14,8,2,93,2,3180,3860,7040,12,761,253481102,WHEELER RIDGE 1102,Kern,1,6/2/2025 1:21:05 AM,70617.1845294189
VALLEY HOME,17kV,No,663,72,15,125,5,2060,180,2240,17,762,162981702,VALLEY HOME 1702,Yosemite,1,6/2/2025 1:21:05 AM,117504.961920952
WHISMAN,12kV,Yes,815,63,44,0,6,740,20,760,12,763,083631110,WHISMAN 1110,De Anza,1,11/11/2025 12:30:19 PM,15487.8881667681
CORCORAN,12kV,No,2240,257,62,35,2,4100,150,4250,12,764,252171108,CORCORAN 1108,Fresno,1,6/2/2025 1:21:05 AM,58345.0113734586
RIVER OAKS,21kV,Yes,1963,19,25,0,2,20,0,20,21,765,082342108,RIVER OAKS 2108,San Jose,1,11/11/2025 12:30:18 PM,13032.6568797428
BELLEVUE,21kV,Yes,3686,622,220,2,26,4210,7880,12090,21,766,043182107,BELLEVUE 2107,Sonoma,1,6/2/2025 1:21:05 AM,77369.4998520496
TEVIS,21kV,No,3338,87,74,40,12,18820,1270,20090,21,767,255322101,TEVIS 2101,Kern,1,6/2/2025 1:21:05 AM,114625.539265967
OAKLAND K,12kV,Yes,2455,109,20,0,5,3660,270,3930,12,768,012101102,OAKLAND K 1102,East bay,1,6/2/2025 1:21:05 AM,59362.4304089198
CURTIS,17kV,No,2357,337,111,5,37,4970,540,5510,17,769,163351705,CURTIS 1705,Yosemite,1,6/2/2025 1:21:05 AM,198499.713915618
CEDAR CREEK,12kV,No,686,76,6,2,3,630,1520,2150,12,770,103321101,CEDAR CREEK 1101,North valley,1,6/2/2025 1:21:05 AM,236293.964781151
KNIGHTS LANDING,12kV,No,184,37,6,88,0,2060,370,2430,12,771,062721101,KNIGHTS LANDING 1101,Sacramento,1,6/2/2025 1:21:05 AM,94346.4836059829
BAY MEADOWS,21kV,No,5120,425,151,0,50,2170,1250,3420,21,772,024012101,BAY MEADOWS 2101,Peninsula,1,6/2/2025 1:21:05 AM,44052.5226952264
LODI,12kV,No,1137,214,29,269,16,3790,600,4390,12,773,162111102,LODI 1102,Stockton,1,6/2/2025 1:21:05 AM,220585.17638987
BELLE HAVEN,12kV,No,0,15,33,0,0,0,0,0,12,774,024021101,BELLE HAVEN 1101,Peninsula,1,6/2/2025 1:21:05 AM,5739.72935674284
MONTEREY,21kV,No,4239,487,154,0,18,2150,100,2250,21,775,182852204,VIEJO 2204,Central coast,1,6/2/2025 1:21:05 AM,67397.8436009268
FRUITVALE,12kV,No,2144,120,76,0,10,6270,1070,7340,12,776,253391106,FRUITVALE 1106,Kern,1,6/2/2025 1:21:05 AM,49191.2162275401
ARANA,4.16kV,No,556,29,10,1,6,730,60,790,4,777,083010401,ARANA 0401,Central coast,1,6/2/2025 1:21:05 AM,8331.1322836834
OAKLAND D,12kV,Yes,2568,198,41,0,11,850,130,980,12,778,012041104,OAKLAND D 1104,East bay,1,6/2/2025 1:21:05 AM,15601.6055068749
EL NIDO,12kV,No,144,15,4,293,0,1750,3840,5590,12,779,252451101,EL NIDO 1101,Yosemite,1,6/2/2025 1:21:05 AM,116222.014682579
TEMPORARY CARBONA,12kV,Yes,354,66,14,106,1,2400,3100,5500,12,780,169951104,TEMPORARY CARBONA 1104,Stockton,1,6/2/2025 1:21:05 AM,70084.7034385706
SARATOGA,12kV,No,2249,182,41,1,4,5960,830,6790,12,781,083371107,SARATOGA 1107,De anza,1,6/2/2025 1:21:05 AM,121303.692952984
CAMDEN,12kV,No,389,83,12,290,0,1310,1040,2350,12,782,252301104,CAMDEN 1104,Fresno,1,6/2/2025 1:21:05 AM,158180.780302251
NORTECH,21kV,No,441,105,69,0,10,4560,5200,9760,21,783,082462110,NORTECH 2110,San jose,1,6/2/2025 1:21:05 AM,39989.8190330453
BOGUE,12kV,No,2546,266,56,5,7,4280,580,4860,12,784,153781103,BOGUE 1103,Sacramento,1,6/2/2025 1:21:05 AM,53453.1898378836
GATES,12kV,Yes,31,22,1,70,5,5820,3750,9570,12,785,253931106,GATES 1106,Fresno,1,6/2/2025 1:21:05 AM,91249.6933225305
SAN BENITO,21kV,Yes,1379,288,47,78,10,5260,340,5600,21,786,182742101,SAN BENITO 2101,Central coast,1,6/2/2025 1:21:05 AM,136110.12161992
MARINA (F),12kV,Yes,202,12,10,0,20,220,0,220,12,787,022781102,MARINA (F) 1102,San francisco,1,6/2/2025 1:21:05 AM,9312.4051404647
COPPERMINE,12kV,No,2408,137,7,120,8,10280,550,10830,12,788,252411104,COPPERMINE 1104,Fresno,1,6/2/2025 1:21:05 AM,260507.814579749
RICHMOND R,12kV,Yes,1306,136,86,4,15,8160,7990,16150,12,789,013471129,RICHMOND R 1129,East bay,1,6/2/2025 1:21:05 AM,39361.8487387236
WILLIAMS,12kV,Yes,280,57,21,60,2,1120,260,1380,12,790,062051101,WILLIAMS 1101,Sacramento,1,11/11/2025 12:30:20 PM,72994.9372699847
TYLER,12kV,No,2299,266,36,60,3,5350,850,6200,12,791,103571105,TYLER 1105,North valley,1,6/2/2025 1:21:05 AM,262733.280465632
SWIFT,21kV,No,5966,231,64,0,15,9660,660,10320,21,792,083392108,SWIFT 2108,San Jose,1,11/11/2025 12:30:22 PM,118776.139293261
NORTH TOWER,12kV,No,4587,345,69,0,28,3030,290,3320,12,793,042041104,NORTH TOWER 1104,North bay,1,6/2/2025 1:21:05 AM,80682.1367298055
WILSON,12kV,No,959,81,15,12,23,1140,0,1140,12,794,254301101,WILSON 1101,Yosemite,1,6/2/2025 1:21:05 AM,37734.3819805839
RESERVE OIL,12kV,Yes,0,8,10,2,,200,200,400,12,795,254181101,RESERVE OIL 1101,Fresno,1,11/11/2025 12:30:22 PM,6203.03482411272
DOS PALOS,12kV,No,2107,199,31,126,4,4460,6240,10700,12,796,254041101,DOS PALOS 1101,Yosemite,1,11/11/2025 12:30:22 PM,163828.794381361
DAYTON ROAD,4.16kV,No,402,52,5,0,,122,287,409,4,797,102940401,DAYTON ROAD 0401,North Valley,1,11/11/2025 11:54:16 AM,5267.29507929363
MARINA (F),12kV,No,5043,241,58,0,52,390,20,410,12,798,022781101,MARINA (F) 1101,San francisco,1,6/2/2025 1:21:05 AM,22109.0964470136
REDWOOD CITY,4.16kV,No,772,84,22,0,5,380,260,640,4,799,024160409,REDWOOD CITY 0409,Peninsula,1,6/2/2025 1:21:05 AM,12891.442844605
RALSTON,12kV,Yes,2265,187,62,0,38,2790,340,3130,12,800,024141101,RALSTON 1101,Peninsula,1,6/2/2025 1:21:05 AM,48112.7520512915
SANTA NELLA,12kV,Yes,729,86,40,136,13,5420,910,6330,12,801,254051104,SANTA NELLA 1104,Yosemite,1,6/2/2025 1:21:05 AM,122981.414912248
EMERALD LAKE,4.16kV,No,529,20,0,0,1,1280,90,1370,4,802,024080402,EMERALD LAKE 0402,Peninsula,1,6/2/2025 1:21:05 AM,13366.4772402897
DEEPWATER,12kV,No,1803,165,92,0,19,1950,900,2850,12,803,063621110,DEEPWATER 1110,Sacramento,1,6/2/2025 1:21:05 AM,31261.8484299169
DIXON LANDING,21kV,No,3788,349,134,0,20,7370,1550,8920,21,804,014722109,DIXON LANDING 2109,Mission,1,6/2/2025 1:21:05 AM,93490.6720335854
BURLINGAME,4.16kV,No,1122,44,5,0,3,1020,40,1060,4,805,024050402,BURLINGAME 0402,Peninsula,1,6/2/2025 1:21:05 AM,12760.6277891999
ARANA,4.16kV,No,578,78,9,0,2,450,30,480,4,806,083010402,ARANA 0402,Central coast,1,6/2/2025 1:21:05 AM,8311.47841837059
SAN LEANDRO U,12kV,No,5022,162,52,0,26,4950,600,5550,12,807,013111114,SAN LEANDRO U 1114,Mission,1,6/2/2025 1:21:05 AM,70904.0822687755
SF H,12kV,Yes,383,86,34,0,9,70,70,140,12,808,022101111,SF H 1111,Peninsula,1,6/2/2025 1:21:05 AM,16766.384464384
MILPITAS,21kV,No,1477,80,60,0,2,870,10,880,21,809,082831104,MILPITAS 1104,San Jose,1,11/11/2025 12:30:23 PM,16729.6318471882
DIXON LANDING,21kV,Yes,0,6,10,0,,0,1605,1605,21,810,014722107,DIXON LANDING 2107,Mission,1,11/11/2025 12:30:23 PM,7620.66436727071
SAN LEANDRO U,12kV,No,1964,297,137,0,12,930,3260,4190,12,811,013111113,SAN LEANDRO U 1113,Mission,1,6/2/2025 1:21:05 AM,35135.1448217659
LAS PULGAS,4.16kV,No,1893,30,4,0,6,270,20,290,4,812,024120404,LAS PULGAS 0404,Peninsula,1,6/2/2025 1:21:05 AM,9453.5689152953
FREMONT,12kV,No,5279,405,105,0,,3843,6120,9963,12,813,014351107,FREMONT 1107,Mission,1,11/11/2025 12:30:23 PM,69124.5449283516
DUNLAP,12kV,Yes,804,98,18,14,0,440,50,490,12,814,254061103,DUNLAP 1103,Fresno,1,6/2/2025 1:21:05 AM,154107.938814999
MORGAN HILL,21kV,No,3977,270,75,18,12,12370,2070,14440,21,815,083242104,MORGAN HILL 2104,San jose,1,6/2/2025 1:21:05 AM,142628.04946203
SWIFT,21kV,No,3634,125,42,2,5,3360,390,3750,21,816,083392102,SWIFT 2102,San jose,1,6/2/2025 1:21:05 AM,80542.5104643986
LARKIN (Y),12kV,No,47,21,30,0,0,0,0,0,12,817,022801117,LARKIN (Y) 1117,San francisco,1,6/2/2025 1:21:05 AM,5269.31159094482
RICHMOND R,12kV,Yes,1565,120,45,0,19,1630,160,1790,12,818,013471119,RICHMOND R 1119,East bay,1,6/2/2025 1:21:05 AM,19286.6443075561
WEST SACRAMENTO,12kV,No,532,425,152,0,7,1750,5070,6820,12,819,063131105,WEST SACRAMENTO 1105,Sacramento,1,6/2/2025 1:21:05 AM,33126.0383238306
HARDWICK,12kV,Yes,624,90,13,345,1,4010,1850,5860,12,820,253711101,HARDWICK 1101,Fresno,1,6/2/2025 1:21:05 AM,147368.736210482
MADISON,12kV,No,1287,116,30,158,3,4880,880,5760,12,821,063171103,MADISON 1103,Sacramento,1,6/2/2025 1:21:05 AM,162301.953232008
TRES PINOS,12kV,No,274,59,10,43,2,820,230,1050,12,822,183221111,TRES PINOS 1111,Central coast,1,6/2/2025 1:21:05 AM,67915.2639867149
PEABODY,21kV,Yes,547,72,57,0,4,2280,0,2280,21,823,063642102,PEABODY 2102,North bay,1,6/2/2025 1:21:05 AM,40544.5216772221
POTRERO PP (A),12kV,Yes,512,5,24,0,2,20260,0,20260,12,824,022031106,POTRERO PP (A) 1106,San francisco,1,6/2/2025 1:21:05 AM,7766.35954151767
LOS GATOS,12kV,No,920,257,71,0,2,1120,100,1220,12,825,082021108,LOS GATOS 1108,De anza,1,6/2/2025 1:21:05 AM,18557.0524706953
MOUNTAIN QUARRIES,21kV,No,3383,233,48,26,7,9320,820,10140,21,826,152282101,MOUNTAIN QUARRIES 2101,Sierra,1,10/10/2025 9:34:35 AM,494509.298613227
CHICO A,4.16kV,No,756,74,17,0,2,380,50,430,4,827,102050402,CHICO A 0402,North valley,1,6/2/2025 1:21:05 AM,12227.0483450319
UKIAH,12kV,No,1105,90,11,3,0,1120,30,1150,12,828,042771113,UKIAH 1113,Humboldt,1,6/2/2025 1:21:05 AM,34669.0015547264
CURTIS,17kV,Yes,2705,290,38,14,46,4150,620,4770,17,829,163351704,CURTIS 1704,Yosemite,1,6/2/2025 1:21:05 AM,205490.755975573
SALINAS,12kV,Yes,1073,412,154,7,16,640,150,790,12,830,182011107,SALINAS 1107,Central coast,1,6/2/2025 1:21:05 AM,30046.184962348
BUENA VISTA,12kV,Yes,484,115,49,18,6,1210,60,1270,12,831,182261103,BUENA VISTA 1103,Central coast,1,6/2/2025 1:21:05 AM,20805.3598945274
GOOSE LAKE,12kV,Yes,12,28,5,100,1,2430,7980,10410,12,832,254201103,GOOSE LAKE 1103,Kern,1,6/2/2025 1:21:05 AM,146939.080017597
SALINAS,12kV,Yes,6630,190,79,8,13,2500,5330,7830,12,833,182011102,SALINAS 1102,Central coast,1,6/2/2025 1:21:05 AM,73679.508360658
MC KEE,12kV,No,3550,146,61,1,9,3190,730,3920,12,834,083531108,MC KEE 1108,San jose,1,6/2/2025 1:21:05 AM,61202.1983865164
FAIRMOUNT,4.16kV,No,1191,80,11,0,5,680,50,730,4,835,012650402,FAIRMOUNT 0402,East bay,1,6/2/2025 1:21:05 AM,10747.8507819147
SARATOGA,12kV,No,1599,164,124,1,9,3200,110,3310,12,836,083371112,SARATOGA 1112,De anza,1,6/2/2025 1:21:05 AM,28891.49737795
SANGER,12kV,No,921,32,0,19,5,2520,20,2540,12,837,252351116,SANGER 1116,Fresno,1,6/2/2025 1:21:05 AM,25945.1615957023
REDWOOD CITY,12kV,Yes,188,143,64,0,7,810,70,880,12,838,024161101,REDWOOD CITY 1101,Peninsula,1,6/2/2025 1:21:05 AM,11612.1968678219
SWIFT,21kV,No,5595,251,119,0,36,7230,940,8170,21,839,083392106,SWIFT 2106,San jose,1,6/2/2025 1:21:05 AM,81212.0950870244
JUDAH,4.16kV,No,1948,61,11,0,0,500,20,520,4,840,022400401,JUDAH 0401,San francisco,1,6/2/2025 1:21:05 AM,8310.14340686253
KIRKER,21kV,No,2215,247,144,0,31,5030,700,5730,21,841,014452108,KIRKER 2108,Diablo,1,6/2/2025 1:21:05 AM,54381.2820149461
OILFIELDS,21kV,No,2591,369,83,146,7,7370,1340,8710,21,842,183052110,TEMPLETON 2110,Los padres,1,6/2/2025 1:21:05 AM,418548.091407329
FIGARDEN,21kV,No,1936,609,325,0,10,4620,1010,5630,21,843,254552111,FIGARDEN 2111,Fresno,1,6/2/2025 1:21:05 AM,63568.4726253234
EMBARCADERO (Z),34.5kV,No,0,2,19,0,0,100,0,100,34,844,022873404,EMBARCADERO (Z) 3404,San francisco,1,6/2/2025 1:21:05 AM,3822.76926274949
MENDOCINO,12kV,No,1491,154,33,43,0,1970,100,2070,12,845,042951101,MENDOCINO 1101,Humboldt,1,6/2/2025 1:21:05 AM,164378.017346081
BARTON,12kV,No,2458,147,63,11,20,6170,1070,7240,12,846,253571115,BARTON 1115,Fresno,1,6/2/2025 1:21:05 AM,74911.0135369466
PAUL SWEET,21kV,No,3594,690,181,1,30,2220,980,3200,21,847,083252103,PAUL SWEET 2103,Central coast,1,6/2/2025 1:21:05 AM,54677.9121053971
MADERA,12kV,No,1943,159,84,4,19,3410,170,3580,12,848,252761114,MADERA 1114,Yosemite,1,6/2/2025 1:21:05 AM,39162.2855871465
SF H,12kV,No,6824,519,81,0,31,1870,250,2120,12,849,022101105,SF H 1105,Peninsula,1,6/2/2025 1:21:05 AM,65450.2157882665
RIVERBANK,17kV,No,2117,80,10,71,3,4660,260,4920,17,850,163191714,RIVERBANK 1714,Yosemite,1,6/2/2025 1:21:05 AM,92198.7684292795
TRACY,12kV,No,782,291,133,72,6,2890,6040,8930,12,851,162881106,TRACY 1106,Stockton,1,6/2/2025 1:21:05 AM,91576.7938080781
TRACY,12kV,No,1531,177,104,1,10,1730,100,1830,12,852,162881107,TRACY 1107,Stockton,1,6/2/2025 1:21:05 AM,35620.2935677002
LAS POSITAS,21kV,No,3936,198,79,2,14,8380,540,8920,21,853,014402107,LAS POSITAS 2107,Mission,1,6/2/2025 1:21:05 AM,123758.762181568
MILPITAS,12kV,No,3949,102,25,0,7,5850,370,6220,12,854,082831108,MILPITAS 1108,San jose,1,6/2/2025 1:21:05 AM,67337.3838587393
LARKIN (Y),12kV,No,0,104,88,0,6,0,0,0,12,855,022801123,LARKIN (Y) 1123,San francisco,1,6/2/2025 1:21:05 AM,5336.79905723868
DALY CITY,12kV,No,2066,83,33,3,6,430,670,1100,12,856,022641103,DALY CITY 1103,Peninsula,1,6/2/2025 1:21:05 AM,17131.7276213809
EMBARCADERO (Z),12kV,No,4212,252,161,2,6,150,0,150,12,857,022871116,EMBARCADERO (Z) 1116,San francisco,1,6/2/2025 1:21:05 AM,12569.4726447555
WEBER,12kV,No,526,74,72,46,8,6620,720,7340,12,858,163481102,WEBER 1102,Stockton,1,6/2/2025 1:21:05 AM,56243.2324870282
HORSESHOE,12kV,No,1152,286,126,0,3,5580,160,5740,12,859,152571103,HORSESHOE 1103,Sierra,1,6/2/2025 1:21:05 AM,57507.0234384343
STUART,4.16kV,Yes,72,4,4,0,0,110,640,750,4,860,013840404,STUART 0404,East bay,1,6/2/2025 1:21:05 AM,1301.04111786775
SF L,4.16kV,No,747,104,26,0,6,280,20,300,4,861,022260408,SF L 0408,San francisco,1,6/2/2025 1:21:05 AM,7042.29098259142
BERKELEY F,4.16kV,No,1320,13,7,0,1,750,70,820,4,862,012060411,BERKELEY F 0411,East bay,1,6/2/2025 1:21:05 AM,10221.2494783028
MANCHESTER,12kV,No,996,325,129,0,5,2220,160,2380,12,863,253921105,MANCHESTER 1105,Fresno,1,6/2/2025 1:21:05 AM,35450.3995534994
PUTAH CREEK,12kV,No,734,104,15,68,0,3860,130,3990,12,864,063681102,PUTAH CREEK 1102,Sacramento,1,6/2/2025 1:21:05 AM,107960.658338689
KIRKER,21kV,No,3146,259,86,0,20,3890,1930,5820,21,865,014452106,KIRKER 2106,Diablo,1,6/2/2025 1:21:05 AM,72083.1047081793
EUREKA A,12kV,Yes,47,125,61,1,9,720,610,1330,12,866,192121106,EUREKA A 1106,Humboldt,1,6/2/2025 1:21:05 AM,16637.7777770435
DIAMOND SPRINGS,12kV,No,948,55,11,0,3,3080,1400,4480,12,867,152261104,DIAMOND SPRINGS 1104,Sierra,1,6/2/2025 1:21:05 AM,46460.2237918056
SEMITROPIC,12kV,Yes,20,11,3,82,0,2350,1130,3480,12,868,252901106,SEMITROPIC 1106,Kern,1,6/2/2025 1:21:05 AM,54945.0727005636
COUNTRY CLUB,4.16kV,No,615,60,9,0,5,270,20,290,4,869,163120403,COUNTRY CLUB 0403,Stockton,1,6/2/2025 1:21:05 AM,8394.72771643673
BERKELEY T,4.16kV,No,598,34,8,0,6,240,10,250,4,870,012660402,BERKELEY T 0402,East bay,1,6/2/2025 1:21:05 AM,4368.15690523227
NEWBURG,12kV,Yes,2967,480,142,1,14,2380,860,3240,12,871,192151132,NEWBURG 1132,Humboldt,1,6/2/2025 1:21:05 AM,73635.3209952868
GOOSE LAKE,21kV,Yes,594,62,45,47,11,1590,6550,8140,21,872,254202104,GOOSE LAKE 2104,Kern,1,6/2/2025 1:21:05 AM,107390.561348691
GABILAN,12kV,Yes,2589,227,54,149,6,4720,610,5330,12,873,182331101,GABILAN 1101,Central coast,1,6/2/2025 1:21:05 AM,184659.221717385
CONCORD NO 1,4.16kV,No,740,35,4,0,6,1060,120,1180,4,874,012960401,CONCORD NO 1 0401,Diablo,1,6/2/2025 1:21:05 AM,11393.7250196089
ROSEDALE,12kV,No,1073,410,130,1,14,5460,130,5590,12,875,254761101,ROSEDALE 1101,Kern,1,6/2/2025 1:21:05 AM,56533.4556992489
BAKERSFIELD,12kV,Yes,1106,278,80,0,7,980,40,1020,12,876,253371110,BAKERSFIELD 1110,Kern,1,6/2/2025 1:21:05 AM,23388.6081216943
COTTONWOOD,12kV,No,2625,182,29,42,1,6430,430,6860,12,877,102931103,COTTONWOOD 1103,North valley,1,6/2/2025 1:21:05 AM,368236.642526632
ROSSMOOR,12kV,No,3035,43,16,0,0,2200,720,2920,12,878,014161102,ROSSMOOR 1102,Diablo,1,6/2/2025 1:21:05 AM,49178.8436768502
EL CAPITAN,12kV,Yes,510,79,17,110,3,7170,4840,12010,12,879,253881103,EL CAPITAN 1103,Yosemite,1,6/2/2025 1:21:05 AM,146143.983284848
SAUSALITO,12kV,No,3983,526,124,0,13,2640,320,2960,12,880,042491102,SAUSALITO 1102,Sonoma,1,6/2/2025 1:21:05 AM,67536.1886541326
CANTUA,12kV,Yes,107,35,3,47,10,50,3010,3060,12,881,253591103,CANTUA 1103,Fresno,1,6/2/2025 1:21:05 AM,72399.8826133653
OLIVEHURST,12kV,No,900,97,18,137,8,2640,1090,3730,12,882,152901105,OLIVEHURST 1105,Sacramento,1,6/2/2025 1:21:05 AM,123819.345594884
DUNNIGAN,12kV,Yes,532,49,21,48,4,1250,930,2180,12,883,063811101,DUNNIGAN 1101,Sacramento,1,6/2/2025 1:21:05 AM,81550.9435586969
LLAGAS,21kV,No,3898,249,91,29,16,9670,540,10210,21,884,083182107,LLAGAS 2107,San jose,1,6/2/2025 1:21:05 AM,141092.308880136
COUNTRY CLUB,4.16kV,Yes,281,4,0,0,2,390,10,400,4,885,163120401,COUNTRY CLUB 0401,Stockton,1,11/11/2025 12:30:19 PM,5506.10778473686
MERCED,21kV,No,4715,398,63,25,23,11260,750,12010,21,886,252802101,MERCED 2101,Yosemite,1,6/2/2025 1:21:05 AM,132468.451442407
RIDGE,4.16kV,No,750,21,0,0,0,310,30,340,4,887,012840402,RIDGE 0402,East bay,1,6/2/2025 1:21:05 AM,5846.30513984709
CORONA,12kV,No,2225,418,134,16,17,3140,240,3380,12,888,043491101,CORONA 1101,Sonoma,1,6/2/2025 1:21:05 AM,83502.0658822397
WEBER,12kV,Yes,430,169,105,113,12,3350,3560,6910,12,889,163481109,WEBER 1109,Stockton,1,6/2/2025 1:21:05 AM,124733.580560453
SAN JOAQUIN #3,12kV,No,920,173,22,4,1,1270,2440,3710,12,890,252531103,SAN JOAQUIN #3 1103,Yosemite,1,6/2/2025 1:21:05 AM,120772.606126875
BRENTWOOD,21kV,No,4480,158,22,21,4,13730,1520,15250,21,891,014592113,BRENTWOOD 2113,Diablo,1,6/2/2025 1:21:05 AM,147906.903850481
WATSONVILLE,21kV,No,2530,282,71,264,17,4280,2510,6790,21,892,083332101,WATSONVILLE 2101,Central coast,1,6/2/2025 1:21:05 AM,224583.527602558
MILLBRAE,12kV,No,3146,144,73,0,9,2250,3870,6120,12,893,022691102,MILLBRAE 1102,Peninsula,1,6/2/2025 1:21:05 AM,29287.3702516989
CALIFORNIA AVE,12kV,Yes,245,325,187,13,38,5460,1220,6680,12,894,252281103,CALIFORNIA AVE 1103,Fresno,1,6/2/2025 1:21:05 AM,49778.2473307575
BARTON,12kV,No,1272,221,112,1,3,1750,1210,2960,12,895,253571112,BARTON 1112,Fresno,1,6/2/2025 1:21:05 AM,32684.7090202744
JARVIS,12kV,No,4787,336,103,0,24,4290,100,4390,12,896,013501101,JARVIS 1101,Mission,1,6/2/2025 1:21:05 AM,63710.0198751631
HAMILTON A,12kV,No,1584,301,60,254,3,8170,4960,13130,12,897,102701103,ORLAND B 1103,North valley,1,6/2/2025 1:21:05 AM,209725.842374986
MARYSVILLE,12kV,No,681,74,36,0,4,440,450,890,12,898,152011104,MARYSVILLE 1104,Sacramento,1,11/11/2025 12:30:18 PM,12860.3819826376
OAKLAND L,12kV,No,2438,203,115,0,12,1300,680,1980,12,899,012111103,OAKLAND L 1103,East bay,1,6/2/2025 1:21:05 AM,27612.0879913335
STOREY,12kV,No,1480,137,16,260,0,8960,25220,34180,12,900,254611109,STOREY 1109,Yosemite,1,6/2/2025 1:21:05 AM,386623.512692691
FIGARDEN,21kV,No,2802,155,46,0,5,7290,1130,8420,21,901,254552105,FIGARDEN 2105,Fresno,1,6/2/2025 1:21:05 AM,70213.2490891562
STUART,4.16kV,No,1083,34,6,0,3,610,120,730,4,902,013840406,STUART 0406,East bay,1,6/2/2025 1:21:05 AM,7231.61710735802
FAIRVIEW,21kV,No,2920,293,152,0,20,4840,120,4960,21,903,013432208,FAIRVIEW 2208,Diablo,1,6/2/2025 1:21:05 AM,60173.976679281
LOGAN CREEK,21kV,Yes,2,4,1,2,0,0,0,0,21,904,103142103,LOGAN CREEK 2103,North valley,1,6/2/2025 1:21:05 AM,6864.01882508865
DIAMOND SPRINGS,12kV,No,2988,312,90,4,2,4750,480,5230,12,905,152261106,DIAMOND SPRINGS 1106,Sierra,1,6/2/2025 1:21:05 AM,275215.482337808
CASTRO VALLEY,12kV,No,2865,162,35,8,26,4280,390,4670,12,906,014091110,CASTRO VALLEY 1110,Mission,1,6/2/2025 1:21:05 AM,101049.866541073
BAY MEADOWS,12kV,No,5714,353,162,0,14,2520,80,2600,12,907,024011106,BAY MEADOWS 1106,Peninsula,1,6/2/2025 1:21:05 AM,68652.0682783925
RAINBOW,12kV,Yes,1439,145,21,568,18,7500,400,7900,12,908,254441106,RAINBOW 1106,Fresno,1,6/2/2025 1:21:05 AM,266857.564794108
BULLARD,12kV,No,1807,271,116,0,13,2000,580,2580,12,909,253961102,BULLARD 1102,Fresno,1,11/11/2025 12:30:23 PM,23790.0019747712
SAN BRUNO,4.16kV,No,899,73,8,0,3,430,0,430,4,910,022700401,SAN BRUNO 0401,Peninsula,1,6/2/2025 1:21:05 AM,8012.22913239931
CALPELLA,12kV,No,1675,170,39,51,7,1470,1700,3170,12,911,043411101,CALPELLA 1101,Humboldt,1,10/10/2025 9:34:35 AM,219498.57337246
NORTECH,21kV,No,2319,30,69,0,10,1670,1760,3430,21,912,082462107,NORTECH 2107,San jose,1,6/2/2025 1:21:05 AM,27943.7045333549
ASHLAN AVE,21kV,No,932,91,51,0,2,1700,120,1820,21,913,252052101,ASHLAN AVE 2101,Fresno,1,6/2/2025 1:21:05 AM,27675.6334219392
MC MULLIN,12kV,Yes,75,32,5,156,1,4620,3740,8360,12,914,254411105,MC MULLIN 1105,Fresno,1,6/2/2025 1:21:05 AM,119712.490215566
WYANDOTTE,12kV,No,511,19,2,0,0,1210,3990,5200,12,915,102911105,WYANDOTTE 1105,North valley,1,6/2/2025 1:21:05 AM,55432.0194510553
NORD,12kV,No,903,50,8,183,3,3820,990,4810,12,916,103071104,NORD 1104,North Valley,1,11/11/2025 12:30:18 PM,117905.023120942
MARINA (F),4.16kV,No,2441,57,12,0,1,40,0,40,4,917,022780407,MARINA (F) 0407,San francisco,1,6/2/2025 1:21:05 AM,5294.96850806107
SYCAMORE CREEK,12kV,No,1757,256,84,0,4,3560,120,3680,12,918,102971107,SYCAMORE CREEK 1107,North valley,1,6/2/2025 1:21:05 AM,38228.3215619244
WEBER,12kV,No,2928,155,36,4,19,3080,340,3420,12,919,163481105,WEBER 1105,Stockton,1,6/2/2025 1:21:05 AM,82.9105145205962
SAN JOSE B,12kV,No,3550,415,96,0,19,3060,120,3180,12,920,082261110,SAN JOSE B 1110,San jose,1,6/2/2025 1:21:05 AM,44437.6732562417
MORRO BAY,12kV,No,6196,449,68,21,24,7370,1070,8440,12,921,183011102,MORRO BAY 1102,Los padres,1,6/2/2025 1:21:05 AM,136622.942127373
MILLBRAE,12kV,Yes,499,105,44,0,6,1230,4970,6200,12,922,022691107,MILLBRAE 1107,Peninsula,1,6/2/2025 1:21:05 AM,13372.8010361256
BELL,12kV,No,1250,206,98,13,4,5460,1740,7200,12,923,152701107,BELL 1107,Sierra,1,6/2/2025 1:21:05 AM,130430.765892009
SF G,4.16kV,No,1098,31,9,0,0,90,20,110,4,924,022090413,SF G 0413,San francisco,1,6/2/2025 1:21:05 AM,6019.56630972309
GIFFEN,12kV,No,142,24,4,70,31,270,1230,1500,12,925,253151103,GIFFEN 1103,Fresno,1,6/2/2025 1:21:05 AM,101773.296892258
HAMMONDS,12kV,Yes,3,11,0,67,11,160,600,760,12,926,253401101,HAMMONDS 1101,Yosemite,1,6/2/2025 1:21:05 AM,71718.3307816395
VASCO,12kV,Yes,24,34,17,4,13,70,0,70,12,927,013751103,VASCO 1103,Mission,1,6/2/2025 1:21:05 AM,34032.5246426736
EAST GRAND,12kV,Yes,0,10,24,0,1,0,0,0,12,928,022571106,EAST GRAND 1106,Peninsula,1,6/2/2025 1:21:05 AM,8431.6838133495
LAYTONVILLE,12kV,No,770,150,18,15,4,220,20,240,12,929,042681102,LAYTONVILLE 1102,Humboldt,1,6/2/2025 1:21:05 AM,260503.164539845
LINCOLN,12kV,No,3203,114,18,4,5,6210,920,7130,12,930,153701102,LINCOLN 1102,Sierra,1,6/2/2025 1:21:05 AM,67568.7212075014
CORCORAN,12kV,No,1878,91,19,53,1,4080,180,4260,12,931,252171112,CORCORAN 1112,Fresno,1,6/2/2025 1:21:05 AM,113131.654614136
CANTUA,12kV,Yes,7,11,2,64,44,2050,250,2300,12,932,253591102,CANTUA 1102,Fresno,1,6/2/2025 1:21:05 AM,96256.1713551109
ALMADEN,12kV,No,3580,186,60,0,13,5530,260,5790,12,933,082311102,ALMADEN 1102,San jose,1,6/2/2025 1:21:05 AM,53334.6336728211
OROVILLE,12kV,No,1250,117,20,0,3,2000,160,2160,12,934,102521104,OROVILLE 1104,North valley,1,6/2/2025 1:21:05 AM,26943.2451177268
LIVINGSTON,12kV,No,229,39,8,287,4,5180,2980,8160,12,935,252261101,LIVINGSTON 1101,Yosemite,1,6/2/2025 1:21:05 AM,214482.125893376
WOODWARD,21kV,No,3299,157,93,1,6,7230,700,7930,21,936,255292109,WOODWARD 2109,Fresno,1,6/2/2025 1:21:05 AM,65581.8001346115
EL PATIO,12kV,No,2544,446,127,0,5,500,280,780,12,937,082921113,EL PATIO 1113,De anza,1,6/2/2025 1:21:05 AM,26456.3756137881
BEACH (Q),4.16kV,No,1566,80,14,0,2,100,0,100,4,938,022340402,BEACH (Q) 0402,San francisco,1,6/2/2025 1:21:05 AM,7734.00428399444
MONROE,12kV,Yes,2707,252,130,0,10,1770,140,1910,12,939,043301104,MONROE 1104,Sonoma,1,11/11/2025 12:30:19 PM,35018.6994244119
HILLSDALE,4.16kV,No,637,14,0,0,4,730,60,790,4,940,024110404,HILLSDALE 0404,Peninsula,1,6/2/2025 1:21:05 AM,12682.8369568259
MIDDLETOWN,12kV,No,1934,148,65,11,6,3970,250,4220,12,941,043141102,MIDDLETOWN 1102,Humboldt,1,6/2/2025 1:21:05 AM,111314.72376925
MABURY,12kV,No,4435,289,132,0,28,2530,370,2900,12,942,082191106,MABURY 1106,San jose,1,6/2/2025 1:21:05 AM,46611.7240790329
RIPON,17kV,No,2117,154,37,259,13,7720,490,8210,17,943,163801703,RIPON 1703,Stockton,1,6/2/2025 1:21:05 AM,198060.877158506
BOGUE,12kV,No,2108,346,65,2,3,3620,5520,9140,12,944,153781107,BOGUE 1107,Sacramento,1,11/11/2025 12:30:21 PM,45019.6263061857
SAN MATEO,4.16kV,No,867,87,12,0,2,170,40,210,4,945,024190409,SAN MATEO 0409,Peninsula,1,6/2/2025 1:21:05 AM,8101.33105118065
GATES,12kV,Yes,13,11,1,50,49,1800,420,2220,12,946,253931102,GATES 1102,Fresno,1,10/10/2025 9:34:35 AM,84105.716234859
JAMESON,12kV,No,1095,156,113,0,6,2730,1310,4040,12,947,063801101,JAMESON 1101,North Bay,1,11/11/2025 12:30:22 PM,37478.6866535354
SAN JOSE B,12kV,No,5139,295,104,0,50,1000,440,1440,12,948,082261107,SAN JOSE B 1107,San Jose,1,11/11/2025 12:30:24 PM,32226.5866752739
FAIRVIEW,21kV,No,4135,245,68,1,11,5500,310,5810,21,949,013432206,FAIRVIEW 2206,Diablo,1,11/11/2025 12:30:22 PM,76856.344872904
SAN MATEO,21kV,No,3430,392,157,0,25,2210,1270,3480,21,950,024192102,SAN MATEO 2102,Peninsula,1,6/2/2025 1:21:05 AM,50125.6703758633
CLAYTON,21kV,No,3200,199,31,4,,8724,9189,17913,21,951,012022212,CLAYTON 2212,Diablo,1,11/11/2025 12:30:20 PM,186739.67697188
SF E,4.16kV,No,1949,135,12,0,2,300,30,330,4,952,022070408,SF E 0408,San francisco,1,6/2/2025 1:21:05 AM,6060.21527404222
LEMOORE,12kV,No,2896,128,47,58,4,5970,1100,7070,12,953,253601103,LEMOORE 1103,Fresno,1,6/2/2025 1:21:05 AM,63398.0594306041
EL PECO,12kV,No,316,37,6,179,1,1570,10940,12510,12,954,253981106,EL PECO 1106,Yosemite,1,6/2/2025 1:21:05 AM,103086.738869341
DOBBINS,12kV,No,795,87,16,27,1,1020,660,1680,12,955,153741101,DOBBINS 1101,Sacramento,1,6/2/2025 1:21:05 AM,177014.722597664
LARKIN (Y),12kV,No,1340,256,145,0,52,190,0,190,12,956,022801136,LARKIN (Y) 1136,San francisco,1,6/2/2025 1:21:05 AM,15681.9293623184
PITTSBURG,4.16kV,Yes,290,4,0,0,2,180,0,180,4,957,012160402,PITTSBURG 0402,Diablo,1,11/11/2025 12:30:19 PM,3984.83037368978
RADUM,12kV,No,1409,47,6,0,3,2080,80,2160,12,958,013151101,RADUM 1101,Mission,1,11/11/2025 12:30:20 PM,28858.9086298584
BOWLES,12kV,Yes,438,40,10,290,2,2670,690,3360,12,959,253531101,BOWLES 1101,Fresno,1,11/11/2025 12:30:20 PM,140430.711093259
SF N,4.16kV,No,1927,32,3,0,4,580,70,650,4,960,022280408,SF N 0408,San francisco,1,6/2/2025 1:21:05 AM,11652.481804187
ALTO,12kV,No,3322,301,48,0,12,3550,410,3960,12,961,042031122,ALTO 1122,Sonoma,1,6/2/2025 1:21:05 AM,59608.15322527
21ST AVENUE,4.16kV,No,902,23,3,0,1,310,20,330,4,962,022550403,21ST AVENUE 0403,San francisco,1,6/2/2025 1:21:05 AM,4125.84565812072
AIRWAYS,12kV,Yes,1673,62,25,14,7,11290,230,11520,12,963,252041106,AIRWAYS 1106,Fresno,1,6/2/2025 1:21:05 AM,57420.6828107325
RICHMOND R,12kV,Yes,1793,152,67,2,10,3070,140,3210,12,964,013471128,RICHMOND R 1128,East bay,1,6/2/2025 1:21:05 AM,31912.8884105034
HARDING,4.16kV,No,498,38,8,0,5,110,10,120,4,965,163310401,HARDING 0401,Stockton,1,6/2/2025 1:21:05 AM,3231.10133791052
EDENVALE,21kV,No,5941,236,82,0,24,6340,200,6540,21,966,082952106,EDENVALE 2106,San jose,1,6/2/2025 1:21:05 AM,82411.6421063605
MT EDEN,12kV,No,6422,174,38,0,12,4970,330,5300,12,967,013761108,MT EDEN 1108,Mission,1,6/2/2025 1:21:05 AM,64706.6588313572
SF M,4.16kV,No,1690,88,5,0,15,510,30,540,4,968,022270405,SF M 0405,San francisco,1,6/2/2025 1:21:05 AM,9288.65915493839
RACETRACK,17kV,No,641,39,4,9,1,1040,120,1160,17,969,163761704,RACETRACK 1704,Yosemite,1,11/11/2025 12:30:20 PM,95344.4962435188
WOLFE,12kV,No,4578,130,40,0,12,5080,920,6000,12,970,083671113,WOLFE 1113,De Anza,1,11/11/2025 12:30:18 PM,58942.1418564604
MCKITTRICK,12kV,Yes,48,43,43,7,0,30,0,30,12,971,252781101,MCKITTRICK 1101,Kern,1,11/11/2025 12:30:20 PM,101786.05554719
FLINT,12kV,No,1872,145,46,2,36,4390,400,4790,12,972,152531101,FLINT 1101,Sierra,1,11/11/2025 12:30:20 PM,70713.9473043557
MARINA (F),4.16kV,No,713,33,7,0,1,110,0,110,4,973,022780401,MARINA (F) 0401,San francisco,1,6/2/2025 1:21:05 AM,4239.27472292066
NAPA,12kV,No,2711,127,28,47,2,4560,300,4860,12,974,042021112,NAPA 1112,North bay,1,6/2/2025 1:21:05 AM,131062.111709782
DINUBA,12kV,No,2619,345,117,69,11,4570,980,5550,12,975,254091102,DINUBA 1102,Fresno,1,11/11/2025 12:30:20 PM,73868.8659715605
CLAYTON,21kV,No,2501,170,36,0,,3014,3188,6202,21,976,012022214,CLAYTON 2214,Diablo,1,11/11/2025 12:30:20 PM,33398.7795903282
MC KEE,12kV,No,3723,102,29,0,6,4270,490,4760,12,977,083531112,MC KEE 1112,San jose,1,6/2/2025 1:21:05 AM,61087.1131183785
MISSION (X),12kV,No,630,10,10,0,7,0,0,0,12,978,022011121,MISSION (X) 1121,San francisco,1,6/2/2025 1:21:05 AM,2762.44856611907
WOODLAND,12kV,No,1966,47,39,0,5,4340,90,4430,12,979,062031103,WOODLAND 1103,Sacramento,1,6/2/2025 1:21:05 AM,37493.7474635787
AIRWAYS,12kV,No,2542,62,3,0,9,10990,240,11230,12,980,252041104,AIRWAYS 1104,Fresno,1,6/2/2025 1:21:05 AM,63686.9517619895
HARDWICK,12kV,No,379,83,9,437,5,10110,180,10290,12,981,253711102,HARDWICK 1102,Fresno,1,6/2/2025 1:21:05 AM,199252.413570596
HORSESHOE,12kV,No,1231,80,23,0,0,4970,210,5180,12,982,152571105,HORSESHOE 1105,Sierra,1,6/2/2025 1:21:05 AM,48892.8837200639
EAST NICOLAUS,12kV,Yes,281,81,13,186,3,1790,10530,12320,12,983,152151102,EAST NICOLAUS 1102,Sacramento,1,6/2/2025 1:21:05 AM,121941.251191408
GOOSE LAKE,12kV,Yes,43,32,2,134,1,3340,21660,25000,12,984,254201106,GOOSE LAKE 1106,Kern,1,11/11/2025 12:30:19 PM,132356.466850992
SF G,4.16kV,No,1514,50,11,0,5,70,10,80,4,985,022090408,SF G 0408,San francisco,1,6/2/2025 1:21:05 AM,7144.02986021064
18TH STREET,4.16kV,No,1112,109,17,0,1,150,0,150,4,986,022390401,18TH STREET 0401,San francisco,1,6/2/2025 1:21:05 AM,2700.89970386817
FITCH MOUNTAIN,12kV,Yes,1798,268,52,232,11,4590,1750,6340,12,987,042751113,FITCH MOUNTAIN 1113,Sonoma,1,6/2/2025 1:21:05 AM,328920.213539899
SAN JOSE A,4.16kV,No,537,76,20,0,8,170,20,190,4,988,082250408,SAN JOSE A 0408,San jose,1,6/2/2025 1:21:05 AM,9408.4261075198
PEORIA,17kV,No,2650,196,23,31,44,3100,1270,4370,17,989,163781701,PEORIA 1701,Yosemite,1,6/2/2025 1:21:05 AM,240124.819384949
WALNUT CREEK,4.16kV,No,490,14,1,0,2,890,140,1030,4,990,012200404,WALNUT CREEK 0404,Diablo,1,6/2/2025 1:21:05 AM,13348.8497714088
SYCAMORE CREEK,12kV,No,1826,393,137,10,6,4940,410,5350,12,991,102971111,SYCAMORE CREEK 1111,North valley,1,6/2/2025 1:21:05 AM,214382.925960085
VASONA,12kV,No,841,238,100,0,6,1000,30,1030,12,992,083771104,VASONA 1104,De anza,1,6/2/2025 1:21:05 AM,18575.7683755833
EIGHT MILE,21kV,Yes,69,76,11,39,2,50,1020,1070,21,993,163912106,EIGHT MILE 2106,Stockton,1,6/2/2025 1:21:05 AM,67632.1038192648
SHEPHERD,21kV,No,1422,50,10,7,3,6570,580,7150,21,994,252062109,SHEPHERD 2109,Fresno,1,6/2/2025 1:21:05 AM,65250.5234782149
CANTUA,12kV,Yes,54,9,3,33,11,0,0,0,12,995,253591105,CANTUA 1105,Fresno,1,6/2/2025 1:21:05 AM,30866.931082662
PACIFICA,12kV,No,1880,40,8,0,2,1260,80,1340,12,996,022811101,PACIFICA 1101,Peninsula,1,6/2/2025 1:21:05 AM,22097.0069718254
BIOLA,12kV,No,703,112,11,385,1,1490,720,2210,12,997,252211101,BIOLA 1101,Fresno,1,6/2/2025 1:21:05 AM,184484.179002495
NAPA,12kV,No,2397,259,48,0,8,2660,280,2940,12,998,042021103,NAPA 1103,North bay,1,6/2/2025 1:21:05 AM,36573.0791984224
WESTPARK,12kV,No,1462,207,49,0,14,3300,1270,4570,12,999,253701104,WESTPARK 1104,Kern,1,11/11/2025 12:30:18 PM,24784.3613567827
BERKELEY F,4.16kV,No,1381,78,20,0,3,620,60,680,4,1000,012060409,BERKELEY F 0409,East bay,1,6/2/2025 1:21:05 AM,8148.19669216277
OAKLAND L,12kV,Yes,727,36,17,0,,345,520,865,12,1001,012111102,OAKLAND L 1102,East Bay,1,11/11/2025 11:54:13 AM,14943.9055532306
STONE,12kV,Yes,2168,284,138,0,24,1010,240,1250,12,1002,083701104,STONE 1104,San Jose,1,11/11/2025 12:30:18 PM,25647.4517755104
CLARKSVILLE,21kV,No,4869,157,76,3,8,18340,2330,20670,21,1003,153612104,CLARKSVILLE 2104,Sierra,1,11/11/2025 12:30:21 PM,270821.204814935
OAKLAND D,12kV,Yes,115,71,57,0,4,1200,0,1200,12,1004,012041103,OAKLAND D 1103,East bay,1,6/2/2025 1:21:05 AM,6732.46233681138
MIRABEL,12kV,No,2209,144,22,52,5,3070,180,3250,12,1005,042091102,MIRABEL 1102,Sonoma,1,6/2/2025 1:21:05 AM,127259.30234216
WATSONVILLE,4.16kV,No,553,143,10,0,5,230,10,240,4,1006,083330411,WATSONVILLE 0411,Central coast,1,6/2/2025 1:21:05 AM,6552.47541978709
TYLER,12kV,Yes,493,79,18,58,3,2040,5900,7940,12,1007,103571104,TYLER 1104,North valley,1,6/2/2025 1:21:05 AM,91168.8490709554
SAN LEANDRO U,12kV,Yes,779,77,43,0,4,720,620,1340,12,1008,013111111,SAN LEANDRO U 1111,Mission,1,11/11/2025 12:30:20 PM,12052.7678921172
GRASS VALLEY,12kV,No,775,214,62,1,10,1610,600,2210,12,1009,152031101,GRASS VALLEY 1101,Sierra,1,11/11/2025 12:30:21 PM,65359.7384583742
BAKERSFIELD,12kV,No,3445,226,48,0,15,1610,140,1750,12,1010,253371114,BAKERSFIELD 1114,Kern,1,6/2/2025 1:21:05 AM,32078.8527329548
ACTON,4.16kV,No,1843,71,7,0,4,350,10,360,4,1011,022470402,ACTON 0402,San francisco,1,6/2/2025 1:21:05 AM,9890.09604526153
VACAVILLE,12kV,No,2561,83,73,1,6,2240,3040,5280,12,1012,063601105,VACAVILLE 1105,North bay,1,6/2/2025 1:21:05 AM,34151.7286650695
SERRAMONTE,12kV,No,3200,104,57,0,22,1370,110,1480,12,1013,022861103,SERRAMONTE 1103,Peninsula,1,11/11/2025 12:30:22 PM,36513.3762983269
PINEDALE,21kV,No,1951,140,80,0,7,7680,1150,8830,21,1014,252852111,PINEDALE 2111,Fresno,1,11/11/2025 12:30:24 PM,56043.7105977016
VINA,12kV,Yes,355,71,11,104,3,2000,4220,6220,12,1015,103581101,VINA 1101,North valley,1,6/2/2025 1:21:05 AM,130642.887805378
ATWATER,12kV,No,2253,52,17,10,3,4930,660,5590,12,1016,253611104,ATWATER 1104,Yosemite,1,6/2/2025 1:21:05 AM,56628.7031436952
,12kV,Yes,1073,103,19,48,7,1270,210,1480,12,1017,192251101,RIO DELL 1101,Humboldt,1,6/2/2025 1:21:05 AM,62652.817391584
HURON,12kV,Yes,1,5,0,28,5,990,1000,1990,12,1018,253161106,HURON 1106,Fresno,1,6/2/2025 1:21:05 AM,35080.9725168553
DALY CITY,12kV,No,3114,209,65,0,29,1240,320,1560,12,1019,022641105,DALY CITY 1105,Peninsula,1,6/2/2025 1:21:05 AM,43348.4093421204
CLOVIS,12kV,No,996,350,107,0,5,4440,460,4900,12,1020,254081106,CLOVIS 1106,Fresno,1,6/2/2025 1:21:05 AM,31812.108913996
MARTELL,12kV,No,781,268,128,2,20,3840,260,4100,12,1021,163011103,MARTELL 1103,Stockton,1,6/2/2025 1:21:05 AM,74799.5797852958
SUMMIT,12kV,Yes,223,57,24,0,0,20,0,20,12,1022,152591102,SUMMIT 1102,Sierra,1,6/2/2025 1:21:05 AM,27750.6137953987
SAN JOSE B,12kV,Yes,918,70,48,0,7,810,560,1370,12,1023,082261115,SAN JOSE B 1115,San jose,1,6/2/2025 1:21:05 AM,9051.84884609371
PUEBLO,12kV,No,1629,81,76,1,5,2490,180,2670,12,1024,043291103,PUEBLO 1103,North bay,1,6/2/2025 1:21:05 AM,35887.4761478802
TUPMAN,12kV,No,229,33,12,137,2,7090,10060,17150,12,1025,254561104,TUPMAN 1104,Kern,1,10/10/2025 9:34:38 AM,109259.34922896
EAST GRAND,12kV,Yes,0,157,65,0,,1957,1957,3914,12,1026,022571103,EAST GRAND 1103,Peninsula,1,10/10/2025 8:50:33 AM,14084.3581612869
JARVIS,12kV,No,4239,196,39,1,14,4020,170,4190,12,1027,013501108,JARVIS 1108,Mission,1,6/2/2025 1:21:05 AM,63731.727425055
COUNTRY CLUB,4.16kV,No,751,30,4,0,2,970,60,1030,4,1028,163120402,COUNTRY CLUB 0402,Stockton,1,6/2/2025 1:21:05 AM,13659.2632048255
OAKLAND C,12kV,Yes,1134,166,68,0,21,460,60,520,12,1029,012011113,OAKLAND C 1113,East bay,1,6/2/2025 1:21:05 AM,17232.7548088132
BUENA VISTA,12kV,Yes,14,25,18,48,1,200,740,940,12,1030,182261106,BUENA VISTA 1106,Central coast,1,6/2/2025 1:21:05 AM,29423.9018682827
MONARCH,4.16kV,Yes,497,65,14,0,5,150,0,150,4,1031,162300402,MONARCH 0402,Stockton,1,6/2/2025 1:21:05 AM,6783.04539253083
SF J,12kV,No,65,19,31,0,1,0,0,0,12,1032,022221104,SF J 1104,San francisco,1,6/2/2025 1:21:05 AM,1987.5965910236
MOUNTAIN VIEW,12kV,No,5650,242,96,0,10,1870,110,1980,12,1033,082031108,MOUNTAIN VIEW 1108,De anza,1,6/2/2025 1:21:05 AM,45386.3263030098
WESTPARK,12kV,Yes,1796,173,81,1,24,2710,160,2870,12,1034,253701103,WESTPARK 1103,Kern,1,6/2/2025 1:21:05 AM,35244.1958955817
OAKLAND C,12kV,Yes,94,75,39,0,11,340,0,340,12,1035,012011120,OAKLAND C 1120,East bay,1,6/2/2025 1:21:05 AM,13424.2023370393
CRESTA PH,12kV,Yes,2,5,0,0,,990,990,1980,12,1036,102251101,CRESTA PH 1101,North Valley,1,11/11/2025 11:54:16 AM,11342.4063377957
WILLOWS A,12kV,No,867,205,29,1,22,1250,140,1390,12,1037,102741104,WILLOWS A 1104,North valley,1,6/2/2025 1:21:05 AM,21183.2828406329
SAN LEANDRO U,12kV,No,1051,236,47,0,,1877,2796,4673,12,1038,013111104,SAN LEANDRO U 1104,Mission,1,10/10/2025 8:50:30 AM,20563.2371489637
SF G,4.16kV,No,1422,55,5,0,7,210,0,210,4,1039,022090404,SF G 0404,San francisco,1,6/2/2025 1:21:05 AM,5125.64520596609
FAIRWAY,12kV,No,2223,304,206,1,16,4460,4520,8980,12,1040,182061103,FAIRWAY 1103,Los padres,1,6/2/2025 1:21:05 AM,64636.6370678447
SPENCE,12kV,Yes,18,24,4,20,,29,29,58,12,1041,182201105,SPENCE 1105,Central Coast,1,11/11/2025 11:54:16 AM,14843.4892711871
MONTE RIO,12kV,No,3528,343,39,4,,1594,1935,3529,12,1042,042811113,MONTE RIO 1113,Sonoma,1,11/11/2025 11:54:16 AM,129351.536626546
SYCAMORE CREEK,12kV,No,1292,86,27,1,3,2940,980,3920,12,1043,102971104,SYCAMORE CREEK 1104,North valley,1,6/2/2025 1:21:05 AM,25168.5624933267
STOCKDALE,21kV,No,3645,192,102,0,13,4770,750,5520,21,1044,254072113,STOCKDALE 2113,Kern,1,6/2/2025 1:21:05 AM,66266.0124109091
CASTROVILLE,21kV,No,208,149,89,150,9,3030,1260,4290,21,1045,182352104,CASTROVILLE 2104,Central coast,1,6/2/2025 1:21:05 AM,123380.562749752
OAKLAND C,12kV,No,66,59,37,0,5,600,0,600,12,1046,012011106,OAKLAND C 1106,East bay,1,6/2/2025 1:21:05 AM,7716.10160616618
OCEANO,12kV,No,3666,412,91,6,14,5170,210,5380,12,1047,182601103,OCEANO 1103,Los padres,1,6/2/2025 1:21:05 AM,83724.4256057903
FORT ORD,21kV,No,1830,102,75,0,,3780,4467,8247,21,1048,182402105,FORT ORD 2105,Central Coast,1,11/11/2025 11:54:16 AM,49546.3068371512
BAY MEADOWS,12kV,Yes,1821,70,47,0,15,1200,100,1300,12,1049,024011103,BAY MEADOWS 1103,Peninsula,1,6/2/2025 1:21:05 AM,19460.6835579184
BELLEVUE,21kV,No,1063,135,12,71,6,4220,4140,8360,21,1050,043182101,BELLEVUE 2101,Sonoma,1,11/11/2025 12:30:24 PM,162830.062689561
SF H,12kV,Yes,2046,183,35,0,12,1010,90,1100,12,1051,022101102,SF H 1102,Peninsula,1,6/2/2025 1:21:05 AM,34533.1004332395
HURON,12kV,No,369,20,4,30,8,1020,1400,2420,12,1052,253161116,HURON 1116,Fresno,1,6/2/2025 1:21:05 AM,42472.4058187357
REEDLEY,12kV,No,2298,244,32,585,2,6860,230,7090,12,1053,252341112,REEDLEY 1112,Fresno,1,6/2/2025 1:21:05 AM,189879.956499348
COTATI,12kV,Yes,1192,161,26,102,6,11200,400,11600,12,1054,042271103,COTATI 1103,Sonoma,1,6/2/2025 1:21:05 AM,244740.834429854
EAST STOCKTON,4.16kV,No,1140,91,14,0,10,830,100,930,4,1055,163130402,EAST STOCKTON 0402,Stockton,1,6/2/2025 1:21:05 AM,20093.4970576047
FRUITVALE,12kV,No,1387,142,35,0,6,5970,230,6200,12,1056,253391103,FRUITVALE 1103,Kern,1,6/2/2025 1:21:05 AM,43686.637989309
SARATOGA,12kV,No,5716,148,37,0,8,4760,260,5020,12,1057,083371111,SARATOGA 1111,De anza,1,6/2/2025 1:21:05 AM,65286.8619742264
WILLITS,12kV,Yes,954,269,42,2,,1952,2074,4026,12,1058,042661102,WILLITS 1102,Humboldt,1,11/11/2025 11:54:16 AM,28960.5606634779
WAHTOKE,12kV,No,486,43,9,149,,5602,7550,13152,12,1059,254531111,WAHTOKE 1111,Fresno,1,11/11/2025 11:54:16 AM,64224.0745231619
GUALALA,12kV,No,2392,126,14,0,,3525,3753,7278,12,1060,042841111,GUALALA 1111,Humboldt,1,11/11/2025 11:54:16 AM,175442.911235621
HARTLEY,12kV,No,2616,424,48,66,,4263,4951,9214,12,1061,043211101,HARTLEY 1101,Humboldt,1,11/11/2025 11:54:16 AM,174272.502560722
MAPLE CREEK,12kV,Yes,97,29,14,11,,671,692,1363,12,1062,192101101,MAPLE CREEK 1101,Humboldt,1,11/11/2025 11:54:16 AM,70068.1087460438
BRIDGEVILLE,12kV,Yes,74,15,2,6,,1559,1559,3118,12,1063,192461101,BRIDGEVILLE 1101,Humboldt,1,11/11/2025 11:54:16 AM,53747.3080300849
NEWARK 12KV,12kV,No,3971,293,64,0,,6418,6905,13323,12,1064,012221103,NEWARK 12KV 1103,Mission,1,11/11/2025 11:54:16 AM,68130.6982498637
BUENA VISTA,12kV,Yes,0,14,31,1,3,0,3250,3250,12,1065,182261101,BUENA VISTA 1101,Central Coast,1,11/11/2025 12:30:24 PM,2358.98340525445
MORAGA,12kV,No,2747,115,22,0,10,4250,280,4530,12,1066,013801103,MORAGA 1103,Diablo,1,11/11/2025 12:30:24 PM,63670.7795673781
MORAGA,12kV,No,1744,123,20,2,8,3290,200,3490,12,1067,013801105,MORAGA 1105,Diablo,1,11/11/2025 12:30:24 PM,67127.7852529625
COPUS,12kV,Yes,11,15,17,55,0,0,1200,1200,12,1068,253871104,COPUS 1104,Kern,1,6/2/2025 1:21:05 AM,77369.3302207417
SAN JOSE B,12kV,No,1088,59,60,0,3,70,0,70,12,1069,082261111,SAN JOSE B 1111,San jose,1,6/2/2025 1:21:05 AM,7951.06477429354
LIVINGSTON,12kV,No,2171,180,39,183,11,3250,940,4190,12,1070,252261106,LIVINGSTON 1106,Yosemite,1,6/2/2025 1:21:05 AM,143894.010498773
SF K,12kV,Yes,4262,110,28,0,32,890,4430,5320,12,1071,022131101,SF K 1101,San francisco,1,6/2/2025 1:21:05 AM,21465.0721192919
LERDO,12kV,Yes,12,18,7,33,2,8270,3830,12100,12,1072,253491115,LERDO 1115,Kern,1,6/2/2025 1:21:05 AM,31524.8181261863
TRACY,4.16kV,No,533,32,2,0,0,720,380,1100,4,1073,162880405,TRACY 0405,Stockton,1,6/2/2025 1:21:05 AM,6898.16083679069
WEEDPATCH,12kV,No,2043,86,10,46,0,4190,1530,5720,12,1074,252971102,WEEDPATCH 1102,Kern,1,6/2/2025 1:21:05 AM,63292.6485160937
BASALT,12kV,Yes,2251,114,87,1,24,5820,4100,9920,12,1075,042461101,BASALT 1101,North bay,1,6/2/2025 1:21:05 AM,41709.441791966
COARSEGOLD,21kV,No,4079,296,30,12,3,10850,1000,11850,21,1076,254432104,COARSEGOLD 2104,Yosemite,1,6/2/2025 1:21:05 AM,541347.035855543
POTTER VALLEY P H,12kV,No,703,98,12,60,8,540,90,630,12,1077,042281105,POTTER VALLEY P H 1105,Humboldt,1,6/2/2025 1:21:05 AM,201294.311825397
DALY CITY,12kV,No,4104,207,100,0,12,820,40,860,12,1078,022641102,DALY CITY 1102,Peninsula,1,6/2/2025 1:21:05 AM,32404.103061643
BARTON,12kV,No,2624,375,69,0,18,2760,240,3000,12,1079,253571110,BARTON 1110,Fresno,1,6/2/2025 1:21:05 AM,41564.5147745415
MC FARLAND,12kV,Yes,32,17,1,63,0,1050,6850,7900,12,1080,253181105,MC FARLAND 1105,Kern,1,6/2/2025 1:21:05 AM,38473.2219837405
WEBER,12kV,Yes,0,28,63,0,0,2650,2750,5400,12,1081,163481113,WEBER 1113,Stockton,1,6/2/2025 1:21:05 AM,20585.6626231001
POTRERO PP (A),12kV,Yes,2955,213,41,0,25,830,20,850,12,1082,022031117,POTRERO PP (A) 1117,San francisco,1,6/2/2025 1:21:05 AM,18016.3014190621
COVELO,12kV,No,1103,211,24,42,0,820,120,940,12,1083,043061101,COVELO 1101,Humboldt,1,6/2/2025 1:21:05 AM,256730.379544315
MANCHESTER,12kV,No,2111,413,107,0,26,2250,920,3170,12,1084,253921109,MANCHESTER 1109,Fresno,1,6/2/2025 1:21:05 AM,42146.9944787928
SAN RAMON,21kV,No,567,221,110,0,25,6270,6850,13120,21,1085,014232105,SAN RAMON 2105,Mission,1,6/2/2025 1:21:05 AM,37709.4245321583
MC KEE,12kV,No,3909,256,79,0,15,3050,1120,4170,12,1086,083531104,MC KEE 1104,San jose,1,6/2/2025 1:21:05 AM,58255.9345582639
PEABODY,21kV,No,6197,212,40,97,13,19490,8760,28250,21,1087,063642105,PEABODY 2105,North bay,1,6/2/2025 1:21:05 AM,250601.933406788
BAKERSFIELD,12kV,No,383,357,136,0,18,1280,1600,2880,12,1088,253371115,BAKERSFIELD 1115,Kern,1,11/11/2025 12:30:19 PM,15912.2270613955
SYCAMORE CREEK,12kV,No,2238,284,68,0,10,3300,660,3960,12,1089,102971102,SYCAMORE CREEK 1102,North valley,1,6/2/2025 1:21:05 AM,38664.7026168635
MT EDEN,12kV,Yes,1056,197,130,0,15,2180,390,2570,12,1090,013761107,MT EDEN 1107,Mission,1,6/2/2025 1:21:05 AM,38409.5082616326
APPLE HILL,21kV,No,4531,308,50,57,3,7800,1290,9090,21,1091,153662102,APPLE HILL 2102,Sierra,1,6/2/2025 1:21:05 AM,865003.201358289
VASONA,12kV,No,2532,373,114,1,32,2020,260,2280,12,1092,083771101,VASONA 1101,De anza,1,6/2/2025 1:21:05 AM,45425.2553995857
SF E,4.16kV,No,1001,125,31,0,0,180,0,180,4,1093,022070401,SF E 0401,San francisco,1,6/2/2025 1:21:05 AM,12150.7560862515
WOODLAND,12kV,No,1863,216,44,7,8,3730,120,3850,12,1094,062031102,WOODLAND 1102,Sacramento,1,11/11/2025 12:30:20 PM,43283.2715152165
MAGUNDEN,21kV,No,3536,274,133,3,29,8040,230,8270,21,1095,252772109,MAGUNDEN 2109,Kern,1,6/2/2025 1:21:05 AM,40213.9521127266
MANCHESTER,12kV,No,2095,162,74,0,4,2890,210,3100,12,1096,253921110,MANCHESTER 1110,Fresno,1,6/2/2025 1:21:05 AM,38675.2484049386
MORGAN HILL,21kV,No,4894,335,133,48,21,7150,1070,8220,21,1097,083242109,MORGAN HILL 2109,San jose,1,6/2/2025 1:21:05 AM,130227.197861595
CLARKSVILLE,21kV,No,4141,297,134,1,13,13870,2220,16090,21,1098,153612110,CLARKSVILLE 2110,Sierra,1,6/2/2025 1:21:05 AM,137666.777072824
POTRERO PP (A),12kV,Yes,722,146,68,0,34,220,390,610,12,1099,022031103,POTRERO PP (A) 1103,San francisco,1,6/2/2025 1:21:05 AM,11440.6969872032
CORDELIA,12kV,No,1406,152,78,24,16,3660,350,4010,12,1100,062701110,CORDELIA 1110,North bay,1,6/2/2025 1:21:05 AM,61090.8119041767
BAKERSFIELD,21kV,No,4035,421,134,0,22,4290,1440,5730,21,1101,253372109,BAKERSFIELD 2109,Kern,1,6/2/2025 1:21:05 AM,63929.0590237194
WATSONVILLE,4.16kV,Yes,43,25,3,2,0,30,170,200,4,1102,083330413,WATSONVILLE 0413,Central coast,1,6/2/2025 1:21:05 AM,2500.91455750149
DAIRYLAND,12kV,No,135,45,5,379,1,6370,2290,8660,12,1103,252421102,DAIRYLAND 1102,Yosemite,1,6/2/2025 1:21:05 AM,165906.335073168
SF G,4.16kV,No,836,92,14,0,7,100,0,100,4,1104,022090412,SF G 0412,San francisco,1,6/2/2025 1:21:05 AM,4402.3020218905
SANGER,12kV,No,2223,76,21,21,7,5860,270,6130,12,1105,252351104,SANGER 1104,Fresno,1,6/2/2025 1:21:05 AM,53063.5875856377
MIRA VISTA,4.16kV,No,1956,32,1,0,7,890,70,960,4,1106,012330401,MIRA VISTA 0401,East bay,1,6/2/2025 1:21:05 AM,19312.8566358739
HENRIETTA,12kV,Yes,0,12,5,38,16,2050,0,2050,12,1107,252681108,HENRIETTA 1108,Fresno,1,6/2/2025 1:21:05 AM,46018.9046660075
DAVIS,12kV,No,2815,156,47,0,6,5850,80,5930,12,1108,062041111,DAVIS 1111,Sacramento,1,6/2/2025 1:21:05 AM,30032.0931093931
LAMONT,12kV,Yes,177,49,17,99,9,1610,1570,3180,12,1109,253911105,LAMONT 1105,Kern,1,6/2/2025 1:21:05 AM,74186.2961702622
,21kV,Yes,2501,100,55,21,9,14680,4000,18680,21,1110,152442110,PLEASANT GROVE 2110,Sierra,1,6/2/2025 1:21:05 AM,159957.620611139
TEMPLETON,21kV,No,3440,288,70,19,11,9630,1060,10690,21,1111,183052111,TEMPLETON 2111,Los padres,1,6/2/2025 1:21:05 AM,228199.1356445
SAN JOSE B,12kV,Yes,42,76,27,0,11,550,0,550,12,1112,082261106,SAN JOSE B 1106,San jose,1,6/2/2025 1:21:05 AM,10142.2265739584
GUERNSEY,12kV,Yes,52,12,1,149,0,4580,420,5000,12,1113,252661106,GUERNSEY 1106,Fresno,1,6/2/2025 1:21:05 AM,77901.8361892135
SF M,4.16kV,No,1533,31,0,0,4,430,60,490,4,1114,022270401,SF M 0401,San francisco,1,6/2/2025 1:21:05 AM,8612.8600588472
MARYSVILLE,12kV,No,1585,93,22,0,2,2840,2330,5170,12,1115,152011105,MARYSVILLE 1105,Sacramento,1,6/2/2025 1:21:05 AM,31377.0517301299
SERRAMONTE,12kV,No,6244,174,61,0,13,2240,610,2850,12,1116,022861104,SERRAMONTE 1104,Peninsula,1,6/2/2025 1:21:05 AM,57142.817424415
BELLE HAVEN,4.16kV,No,1267,43,17,0,5,800,120,920,4,1117,024020409,BELLE HAVEN 0409,Peninsula,1,6/2/2025 1:21:05 AM,18331.5672483884
ALHAMBRA,12kV,No,1976,141,22,4,11,4100,300,4400,12,1118,014101105,ALHAMBRA 1105,Diablo,1,10/10/2025 9:34:37 AM,124954.789914169
MANTECA,17kV,Yes,3968,185,76,1,14,9610,390,10000,17,1119,162611708,MANTECA 1708,Stockton,1,6/2/2025 1:21:05 AM,88972.5117036639
SCHINDLER,12kV,Yes,16,9,2,28,8,120,0,120,12,1120,252891116,SCHINDLER 1116,Fresno,1,6/2/2025 1:21:05 AM,53053.2526345465
GRAND ISLAND,21kV,No,4284,191,44,32,3,12540,710,13250,21,1121,062462226,GRAND ISLAND 2226,Sacramento,1,6/2/2025 1:21:05 AM,141854.401430473
JARVIS,12kV,No,6019,397,84,1,22,6070,580,6650,12,1122,013501111,JARVIS 1111,Mission,1,11/11/2025 12:30:18 PM,94862.2997685284
VALLEJO B,12kV,No,3202,152,38,0,23,2230,110,2340,12,1123,042451101,VALLEJO B 1101,North bay,1,6/2/2025 1:21:05 AM,48444.8165005692
FIREBAUGH,12kV,No,796,143,23,175,20,3430,1940,5370,12,1124,253471101,FIREBAUGH 1101,Yosemite,1,6/2/2025 1:21:05 AM,196664.18142034
VACAVILLE,12kV,No,1943,353,61,0,2,3730,610,4340,12,1125,063601103,VACAVILLE 1103,North bay,1,6/2/2025 1:21:05 AM,36184.6774734824
LARKIN (Y),12kV,Yes,1305,168,65,0,2,40,0,40,12,1126,022801103,LARKIN (Y) 1103,San francisco,1,6/2/2025 1:21:05 AM,5303.34251232675
SF E,12kV,No,3059,186,44,0,9,610,30,640,12,1127,022071105,SF E 1105,San francisco,1,6/2/2025 1:21:05 AM,21947.572057607
MALAGA,12kV,Yes,2139,76,43,48,15,8110,0,8110,12,1128,254251103,MALAGA 1103,Fresno,1,6/2/2025 1:21:05 AM,82840.6728597873
STOCKDALE,21kV,No,3784,225,80,0,10,5530,1100,6630,21,1129,254072111,STOCKDALE 2111,Kern,1,6/2/2025 1:21:05 AM,65483.5778821369
MISSION (X),12kV,No,625,155,96,0,6,0,0,0,12,1130,022011160,MISSION (X) 1160,San francisco,1,6/2/2025 1:21:05 AM,12623.4432743709
VIERRA,17kV,No,4767,147,42,94,15,16090,4470,20560,17,1131,162701707,VIERRA 1707,Stockton,1,6/2/2025 1:21:05 AM,207343.491861777
STOCKTON A,12kV,No,3048,99,37,1,7,6230,490,6720,12,1132,162371110,STOCKTON A 1110,Stockton,1,6/2/2025 1:21:05 AM,63122.4917969489
MISSION (X),12kV,No,1145,81,144,0,6,0,0,0,12,1133,022011162,MISSION (X) 1162,San francisco,1,6/2/2025 1:21:05 AM,10708.7307468128
BAY MEADOWS,21kV,Yes,1036,60,39,0,10,1300,0,1300,21,1134,024012103,BAY MEADOWS 2103,Peninsula,1,6/2/2025 1:21:05 AM,18479.2209042673
COALINGA NO 2,12kV,Yes,17,32,32,39,24,2160,1000,3160,12,1135,252381107,COALINGA NO 2 1107,Fresno,1,6/2/2025 1:21:05 AM,87260.4369484034
EL PATIO,12kV,No,4994,277,130,0,13,1840,10,1850,12,1136,082921109,EL PATIO 1109,De anza,1,6/2/2025 1:21:05 AM,41599.4038965384
MIDDLETOWN,12kV,No,498,40,8,28,0,930,5330,6260,12,1137,043141103,MIDDLETOWN 1103,Humboldt,1,11/11/2025 12:30:19 PM,105395.653338364
LARKIN (Y),12kV,Yes,929,78,26,0,3,9140,50,9190,12,1138,022801140,LARKIN (Y) 1140,San francisco,1,6/2/2025 1:21:05 AM,14166.0725504333
LARKIN (Y),12kV,No,0,4,11,0,0,0,0,0,12,1139,022801114,LARKIN (Y) 1114,San francisco,1,6/2/2025 1:21:05 AM,5606.74365782946
PINEDALE,21kV,Yes,2297,375,234,1,8,5170,930,6100,21,1140,252852106,PINEDALE 2106,Fresno,1,11/11/2025 12:30:24 PM,58995.0700452171
AIRWAYS,12kV,No,2312,57,31,0,5,4380,850,5230,12,1141,252041108,AIRWAYS 1108,Fresno,1,6/2/2025 1:21:05 AM,46822.4780756307
MARYSVILLE,12kV,Yes,898,177,51,0,14,1590,1180,2770,12,1142,152011102,MARYSVILLE 1102,Sacramento,1,6/2/2025 1:21:05 AM,20609.9691868782
SAN MATEO,4.16kV,No,1119,130,46,0,7,380,120,500,4,1143,024190407,SAN MATEO 0407,Peninsula,1,6/2/2025 1:21:05 AM,10687.8021468716
OLIVEHURST,12kV,No,1203,170,54,1,3,1570,630,2200,12,1144,152901104,OLIVEHURST 1104,Sacramento,1,6/2/2025 1:21:05 AM,40313.0957107937
RENFRO,21kV,No,4437,95,31,6,8,24220,800,25020,21,1145,254572107,RENFRO 2107,Kern,1,6/2/2025 1:21:05 AM,108463.315159158
SANTA MARIA,12kV,Yes,2708,448,97,20,17,6870,600,7470,12,1146,182671112,SANTA MARIA 1112,Los padres,1,6/2/2025 1:21:05 AM,50656.6022494026
SOLEDAD,21kV,Yes,2055,90,21,46,3,4230,6710,10940,21,1147,182052101,SOLEDAD 2101,Central coast,1,6/2/2025 1:21:05 AM,113979.379467409
HICKS,12kV,No,2067,56,27,0,17,5430,700,6130,12,1148,083431114,HICKS 1114,San jose,1,6/2/2025 1:21:05 AM,32256.4556972186
VOLTA,12kV,No,2459,160,21,8,9,1270,250,1520,12,1149,102541102,VOLTA 1102,North valley,1,6/2/2025 1:21:05 AM,333702.664692849
SAN CARLOS,4.16kV,No,1361,126,9,0,12,1940,300,2240,4,1150,024180404,SAN CARLOS 0404,Peninsula,1,6/2/2025 1:21:05 AM,18517.1693500287
SF L,4.16kV,No,427,6,1,0,8,190,20,210,4,1151,022260403,SF L 0403,San francisco,1,6/2/2025 1:21:05 AM,5067.57933091947
CHANNEL,12kV,Yes,566,60,64,1,5,520,90,610,12,1152,163071101,CHANNEL 1101,Stockton,1,6/2/2025 1:21:05 AM,23165.4750695036
SOQUEL,4.16kV,No,1300,91,9,0,2,920,60,980,4,1153,083300402,SOQUEL 0402,Central coast,1,6/2/2025 1:21:05 AM,13932.459745237
SCHINDLER,12kV,Yes,51,35,12,112,15,4720,2110,6830,12,1154,252891110,SCHINDLER 1110,Fresno,1,6/2/2025 1:21:05 AM,100339.100452156
MERIDIAN,12kV,Yes,204,60,12,169,4,740,250,990,12,1155,062541101,MERIDIAN 1101,Sacramento,1,6/2/2025 1:21:05 AM,120533.913866557
Valley Springs,12kV,Yes,20,15,7,3,2,160,50,210,12,1156,168891102,Valley Springs 1102,Stockton,1,6/2/2025 1:21:05 AM,19998.8653075806
COPPERMINE,12kV,No,232,14,0,6,0,1160,80,1240,12,1157,252411112,COPPERMINE 1112,Fresno,1,6/2/2025 1:21:05 AM,31998.0048104139
SAND CREEK,12kV,No,1534,99,10,48,0,1660,110,1770,12,1158,254601103,SAND CREEK 1103,Fresno,1,6/2/2025 1:21:05 AM,303573.289976119
OAKLAND C,12kV,Yes,233,53,29,0,10,8260,310,8570,12,1159,012011110,OAKLAND C 1110,East bay,1,6/2/2025 1:21:05 AM,6339.73445899456
EDES,12kV,No,0,69,77,2,7,630,2100,2730,12,1160,013681113,EDES 1113,East bay,1,6/2/2025 1:21:05 AM,18208.1890173421
MISSION (X),12kV,Yes,6070,187,62,0,32,3350,2460,5810,12,1161,022011116,MISSION (X) 1116,San francisco,1,6/2/2025 1:21:05 AM,21612.2656522958
HIGGINS,12kV,No,1364,41,6,2,0,3420,310,3730,12,1162,152691110,HIGGINS 1110,Sierra,1,6/2/2025 1:21:05 AM,132434.784734059
BERKELEY F,4.16kV,No,1409,71,6,0,4,650,60,710,4,1163,012060406,BERKELEY F 0406,East bay,1,6/2/2025 1:21:05 AM,8983.21279399067
SARATOGA,12kV,No,2046,84,14,1,16,10210,720,10930,12,1164,083371106,SARATOGA 1106,De anza,1,6/2/2025 1:21:05 AM,71716.399119066
ERTA,4.16kV,No,708,55,7,7,5,440,20,460,4,1165,083510404,ERTA 0404,Central coast,1,6/2/2025 1:21:05 AM,15088.303323654
OAKLAND C,12kV,Yes,383,38,15,0,5,800,0,800,12,1166,012011134,OAKLAND C 1134,East bay,1,6/2/2025 1:21:05 AM,9386.90624865457
DAIRYLAND,12kV,Yes,71,14,6,254,0,7100,1100,8200,12,1167,252421105,DAIRYLAND 1105,Yosemite,1,6/2/2025 1:21:05 AM,131954.151548838
EL CERRITO G,12kV,Yes,18,0,2,0,0,0,0,0,12,1168,012501107,EL CERRITO G 1107,East bay,1,6/2/2025 1:21:05 AM,9002.68959819876
STUART,4.16kV,Yes,335,65,8,0,1,140,10,150,4,1169,013840402,STUART 0402,East bay,1,6/2/2025 1:21:05 AM,3481.39791954092
KERMAN,12kV,No,2314,139,9,230,,6714,7966,14680,12,1170,252711102,KERMAN 1102,Fresno,1,10/10/2025 8:50:30 AM,151490.694019612
HOLLYWOOD,4.16kV,No,1475,35,6,0,1,1260,120,1380,4,1171,013170401,HOLLYWOOD 0401,East Bay,1,10/10/2025 9:34:37 AM,13027.9814847891
SAN RAMON,21kV,No,2229,285,98,0,5,2040,180,2220,21,1172,014232103,SAN RAMON 2103,Mission,1,6/2/2025 1:21:05 AM,53207.6873219523
PLUMAS,21kV,No,2693,83,13,111,6,9820,890,10710,21,1173,153732106,PLUMAS 2106,Sacramento,1,6/2/2025 1:21:05 AM,130084.936681103
UKIAH,12kV,No,1400,204,34,113,8,2160,250,2410,12,1174,042771114,UKIAH 1114,Humboldt,1,6/2/2025 1:21:05 AM,229351.434673917
SMYRNA,12kV,Yes,31,35,0,37,0,2090,9950,12040,12,1175,253551101,SMYRNA 1101,Kern,1,6/2/2025 1:21:05 AM,87129.7653551505
EL CAPITAN,21kV,No,3932,78,28,1,7,6130,340,6470,21,1176,253882110,EL CAPITAN 2110,Yosemite,1,6/2/2025 1:21:05 AM,74097.127897182
EMBARCADERO (Z),12kV,No,730,36,44,0,5,0,0,0,12,1177,022871102,EMBARCADERO (Z) 1102,San francisco,1,6/2/2025 1:21:05 AM,4047.82015233732
WINDSOR,12kV,No,1893,254,157,13,23,2640,2070,4710,12,1178,043501102,WINDSOR 1102,Sonoma,1,6/2/2025 1:21:05 AM,68434.147369735
EMBARCADERO (Z),12kV,Yes,2706,97,91,0,8,60,0,60,12,1179,022871122,EMBARCADERO (Z) 1122,San francisco,1,6/2/2025 1:21:05 AM,11587.1598540268
GEYSERVILLE,12kV,Yes,706,177,50,289,21,5980,720,6700,12,1180,042891102,GEYSERVILLE 1102,Sonoma,1,6/2/2025 1:21:05 AM,266015.673271746
COLUMBIA HILL,12kV,No,1027,123,13,13,0,1190,110,1300,12,1181,152471101,COLUMBIA HILL 1101,Sierra,1,6/2/2025 1:21:05 AM,200091.44128374
STUART,4.16kV,No,1244,42,8,0,5,520,40,560,4,1182,013840401,STUART 0401,East bay,1,6/2/2025 1:21:05 AM,6075.75315815351
FIGARDEN,21kV,No,3675,216,90,0,9,4890,810,5700,21,1183,254552108,FIGARDEN 2108,Fresno,1,6/2/2025 1:21:05 AM,69509.395900687
LLAGAS,21kV,No,5203,382,151,22,21,9630,420,10050,21,1184,083182103,LLAGAS 2103,San jose,1,6/2/2025 1:21:05 AM,127132.325290384
VALLEJO C,4.16kV,No,769,83,13,0,7,160,10,170,4,1185,042550401,VALLEJO C 0401,North bay,1,6/2/2025 1:21:05 AM,5790.30216259404
HICKS,12kV,No,2667,118,96,0,13,3030,160,3190,12,1186,083431110,HICKS 1110,San jose,1,6/2/2025 1:21:05 AM,45918.368050953
STAGG,21kV,No,3890,110,57,5,6,3160,130,3290,21,1187,162422107,STAGG 2107,Stockton,1,6/2/2025 1:21:05 AM,59958.8054296017
LE GRAND,12kV,No,674,75,16,273,1,3830,660,4490,12,1188,255361110,LE GRAND 1110,Yosemite,1,6/2/2025 1:21:05 AM,191928.255824799
LARKIN (Y),12kV,No,1889,93,74,0,13,270,70,340,12,1189,022801108,LARKIN (Y) 1108,San francisco,1,6/2/2025 1:21:05 AM,10847.2807383109
EDES,12kV,No,2916,132,26,0,11,2700,220,2920,12,1190,013681112,EDES 1112,East bay,1,6/2/2025 1:21:05 AM,64680.8732583862
SF K,4.16kV,No,1755,76,5,0,0,220,0,220,4,1191,022130410,SF K 0410,San francisco,1,6/2/2025 1:21:05 AM,6407.51065115274
MC CALL,12kV,No,2831,256,63,21,7,5540,1210,6750,12,1192,254121104,MC CALL 1104,Fresno,1,6/2/2025 1:21:05 AM,58405.5032995103
LARKIN (Y),12kV,No,1572,195,95,0,1,0,0,0,12,1193,022801102,LARKIN (Y) 1102,San francisco,1,6/2/2025 1:21:05 AM,7131.42749770752
PETALUMA C,12kV,No,2627,311,109,1,17,1920,340,2260,12,1194,042631105,PETALUMA C 1105,Sonoma,1,6/2/2025 1:21:05 AM,41338.0193654813
TIDEWATER,21kV,No,1845,263,101,1,15,4460,5090,9550,21,1195,014652106,TIDEWATER 2106,Diablo,1,10/10/2025 9:34:35 AM,121287.80352745
POTRERO PP (A),12kV,No,3307,51,85,0,34,880,0,880,12,1196,022031104,POTRERO PP (A) 1104,San francisco,1,6/2/2025 1:21:05 AM,19643.9562826773
GABILAN,12kV,No,3380,147,51,12,6,3380,2610,5990,12,1197,182331102,GABILAN 1102,Central Coast,1,10/10/2025 9:34:37 AM,57266.9044311298
ZAMORA,12kV,No,102,37,4,129,0,1330,10,1340,12,1198,063191105,ZAMORA 1105,Sacramento,1,6/2/2025 1:21:05 AM,95724.7912476776
OAKLAND C,12kV,No,1721,406,149,3,20,230,10,240,12,1199,012011115,OAKLAND C 1115,East bay,1,6/2/2025 1:21:05 AM,14707.2184340647
COTTLE,17kV,No,2196,156,26,157,6,12700,4480,17180,17,1200,163711701,COTTLE 1701,Yosemite,1,6/2/2025 1:21:05 AM,248841.323985875
TEMPORARY CARBONA,12kV,No,2154,76,14,8,3,8090,190,8280,12,1201,169951105,TEMPORARY CARBONA 1105,Stockton,1,6/2/2025 1:21:05 AM,59951.499571214
WILLOW CREEK,12kV,No,682,69,16,20,1,550,40,590,12,1202,192171101,WILLOW CREEK 1101,Humboldt,1,6/2/2025 1:21:05 AM,129355.696186622
OAKLAND L,12kV,Yes,0,40,31,0,2,0,0,0,12,1203,012111113,OAKLAND L 1113,East bay,1,6/2/2025 1:21:05 AM,4634.22076182766
EAST GRAND,12kV,No,0,162,124,0,5,970,670,1640,12,1204,022571108,EAST GRAND 1108,Peninsula,1,6/2/2025 1:21:05 AM,14938.5530584291
SF J,4.16kV,No,934,157,43,0,3,70,0,70,4,1205,022220403,SF J 0403,San francisco,1,6/2/2025 1:21:05 AM,4480.29648337158
STOCKTON A,12kV,Yes,607,83,81,0,13,120,260,380,12,1206,162371111,STOCKTON A 1111,Stockton,1,6/2/2025 1:21:05 AM,13080.490652778
MEADOW LANE,21kV,No,5034,220,63,0,,1780,1985,3765,21,1207,014302105,MEADOW LANE 2105,Diablo,1,11/11/2025 12:30:24 PM,45694.212400956
BORDEN,12kV,No,253,88,19,310,8,6860,13030,19890,12,1208,255121103,BORDEN 1103,Yosemite,1,6/2/2025 1:21:05 AM,179666.547765809
LAS PULGAS,4.16kV,No,1090,47,7,0,4,290,0,290,4,1209,024120402,LAS PULGAS 0402,Peninsula,1,6/2/2025 1:21:05 AM,8000.86526490791
CANAL,12kV,No,2607,158,65,1,6,4180,4560,8740,12,1210,252091105,CANAL 1105,Yosemite,1,6/2/2025 1:21:05 AM,51976.1195965437
SHINGLE SPRINGS,21kV,Yes,1106,173,21,4,1,3300,10470,13770,21,1211,153652110,SHINGLE SPRINGS 2110,Sierra,1,6/2/2025 1:21:05 AM,144882.007185861
ASHLAN AVE,12kV,No,727,34,5,0,,2401,2660,5061,12,1212,252051103,ASHLAN AVE 1103,Fresno,1,11/11/2025 12:30:23 PM,23820.7344360442
SAN CARLOS,4.16kV,No,218,102,35,0,2,130,0,130,4,1213,024180401,SAN CARLOS 0401,Peninsula,1,11/11/2025 12:30:24 PM,7900.61793252183
JARVIS,12kV,No,2668,139,23,2,,4476,4703,9179,12,1214,013501110,JARVIS 1110,Mission,1,11/11/2025 12:30:24 PM,52799.5309427463
CORCORAN,12kV,Yes,48,11,3,113,0,7280,3950,11230,12,1215,252171104,CORCORAN 1104,Fresno,1,6/2/2025 1:21:05 AM,55290.4253588474
BUENA VISTA,12kV,Yes,284,149,40,34,3,1570,860,2430,12,1216,182261102,BUENA VISTA 1102,Central coast,1,6/2/2025 1:21:05 AM,30521.5170485837
OAKLAND D,12kV,Yes,0,4,17,0,0,0,0,0,12,1217,012041101,OAKLAND D 1101,East bay,1,6/2/2025 1:21:05 AM,5393.15043256515
SAN CARLOS,4.16kV,No,1253,105,34,0,2,740,70,810,4,1218,024180402,SAN CARLOS 0402,Peninsula,1,11/11/2025 12:30:24 PM,10506.5666013389
SAN CARLOS,12kV,Yes,0,140,109,0,6,1440,250,1690,12,1219,024181102,SAN CARLOS 1102,Peninsula,1,11/11/2025 12:30:24 PM,9718.49160153228
JARVIS,12kV,No,274,85,69,0,,1516,1537,3053,12,1220,013501104,JARVIS 1104,Mission,1,11/11/2025 12:30:24 PM,21202.6101077819
JARVIS,12kV,No,1369,237,127,0,5,1680,50,1730,12,1221,013501109,JARVIS 1109,Mission,1,11/11/2025 12:30:24 PM,40751.2810097929
VACA DIXON,12kV,Yes,865,76,23,12,3,8600,900,9500,12,1222,063591105,VACA DIXON 1105,North bay,1,6/2/2025 1:21:05 AM,107315.888914398
WEST FRESNO,12kV,Yes,634,97,52,1,17,1040,40,1080,12,1223,253731107,WEST FRESNO 1107,Fresno,1,6/2/2025 1:21:05 AM,18524.1540524678
OAKLAND L,12kV,Yes,631,35,9,0,3,4710,0,4710,12,1224,012111107,OAKLAND L 1107,East bay,1,6/2/2025 1:21:05 AM,6843.87534114035
MESA,12kV,No,7223,406,92,98,,14446,15997,30443,12,1225,182821103,MESA 1103,Los Padres,1,11/11/2025 10:35:51 AM,265703.652706968
PALMER,12kV,No,754,109,32,62,,1167,6244,7411,12,1226,183031101,PALMER 1101,Los Padres,1,11/11/2025 10:35:54 AM,142573.522420023
BUELLTON,12kV,No,1498,417,80,47,,3219,3319,6538,12,1227,183041102,BUELLTON 1102,Los Padres,1,11/11/2025 10:49:25 AM,99922.357157468
PEACHTON,12kV,No,624,115,13,109,5,1740,270,2010,12,1228,103241101,PEACHTON 1101,North valley,1,6/2/2025 1:21:05 AM,143326.743879914
STELLING,12kV,No,344,2,0,0,,0,0,0,12,1229,083481106,STELLING 1106,De Anza,1,11/11/2025 11:54:12 AM,1996.57423797561
WOLFE,12kV,No,4533,170,84,1,,821,951,1772,12,1230,083671114,WOLFE 1114,De Anza,1,11/11/2025 11:54:12 AM,41415.9220925663
ALTO,12kV,No,4436,459,95,0,12,4930,810,5740,12,1231,042031121,ALTO 1121,Sonoma,1,6/2/2025 1:21:05 AM,105921.850982633
TRIMBLE,12kV,Yes,2,332,182,0,4,370,110,480,12,1232,083801107,TRIMBLE 1107,San jose,1,6/2/2025 1:21:05 AM,25670.0672187189
MAGUNDEN,21kV,No,2479,221,89,14,25,8590,9730,18320,21,1233,252772108,MAGUNDEN 2108,Kern,1,6/2/2025 1:21:05 AM,139897.307270235
WESTPARK,12kV,No,842,60,30,0,4,720,10,730,12,1234,253701112,WESTPARK 1112,Kern,1,6/2/2025 1:21:05 AM,16095.2642448283
BERKELEY F,4.16kV,No,1211,87,17,0,5,950,170,1120,4,1235,012060404,BERKELEY F 0404,East bay,1,6/2/2025 1:21:05 AM,8085.93855860591
SAN RAMON,21kV,No,3324,187,106,0,18,6280,2290,8570,21,1236,014232119,SAN RAMON 2119,Mission,1,6/2/2025 1:21:05 AM,72806.0966704734
EL NIDO,12kV,No,140,39,11,295,2,4980,6020,11000,12,1237,252451104,EL NIDO 1104,Yosemite,1,6/2/2025 1:21:05 AM,178734.775875072
ORO LOMA,12kV,No,1140,177,26,141,6,1930,250,2180,12,1238,255371115,ORO LOMA 1115,Yosemite,1,6/2/2025 1:21:05 AM,155863.17848001
FAIRMOUNT,4.16kV,No,1331,51,4,0,5,1130,20,1150,4,1239,012650401,FAIRMOUNT 0401,East bay,1,6/2/2025 1:21:05 AM,13809.8329335219
LAMONT,12kV,Yes,1503,171,41,26,6,6590,5560,12150,12,1240,253911106,LAMONT 1106,Kern,1,6/2/2025 1:21:05 AM,54349.7190165157
BELLE HAVEN,12kV,Yes,1,36,46,0,3,0,500,500,12,1241,024021102,BELLE HAVEN 1102,Peninsula,1,6/2/2025 1:21:05 AM,20466.5790984114
8TH AVENUE,4.16kV,No,1867,28,2,0,,322,345,667,4,1242,012670401,8TH AVENUE 0401,East Bay,1,11/11/2025 11:54:16 AM,10068.1956476771
SALT SPRINGS,21kV,Yes,343,47,7,0,9,6110,300,6410,21,1243,163692101,SALT SPRINGS 2101,Stockton,1,6/2/2025 1:21:05 AM,93475.8833208627
COTTLE,17kV,No,2820,397,101,1,16,3580,600,4180,17,1244,163711704,COTTLE 1704,Yosemite,1,6/2/2025 1:21:05 AM,52796.3209632635
NAPA,12kV,No,592,348,127,0,,340,369,709,12,1245,042021106,NAPA 1106,North Bay,1,11/11/2025 12:30:25 PM,19252.4898825982
PLUMAS,12kV,No,771,24,5,6,,2517,2679,5196,12,1246,153731102,PLUMAS 1102,Sacramento,1,11/11/2025 12:30:25 PM,26094.9862845087
PLUMAS,12kV,Yes,42,16,3,93,,781,781,1562,12,1247,153731101,PLUMAS 1101,Sacramento,1,11/11/2025 12:30:25 PM,68299.791206738
LAKEWOOD,12kV,Yes,797,79,18,0,,509,509,1018,12,1248,013531103,LAKEWOOD 1103,Diablo,1,11/11/2025 12:30:18 PM,9287.77055542264
LEMOORE,12kV,No,1047,53,8,292,4,3960,490,4450,12,1249,253601104,LEMOORE 1104,Fresno,1,6/2/2025 1:21:05 AM,107578.8215003
RANDOLPH,4.16kV,No,1150,55,3,0,4,470,50,520,4,1250,022590403,RANDOLPH 0403,San francisco,1,6/2/2025 1:21:05 AM,8010.09811248994
MC FARLAND,12kV,Yes,1427,161,34,40,5,3870,10370,14240,12,1251,253181101,MC FARLAND 1101,Kern,1,6/2/2025 1:21:05 AM,42783.5778156133
PAUL SWEET,21kV,No,5135,610,196,45,10,8080,3990,12070,21,1252,083252107,PAUL SWEET 2107,Central coast,1,6/2/2025 1:21:05 AM,126361.630838484
HARTER,12kV,No,1241,502,130,0,8,1990,690,2680,12,1253,152851107,HARTER 1107,Sacramento,1,6/2/2025 1:21:05 AM,35670.6034046908
21ST AVENUE,4.16kV,No,1312,37,8,0,2,470,30,500,4,1254,022550402,21ST AVENUE 0402,San francisco,1,6/2/2025 1:21:05 AM,7606.71051666895
OCEANO,12kV,No,4527,679,95,138,18,10360,740,11100,12,1255,182601104,OCEANO 1104,Los padres,1,6/2/2025 1:21:05 AM,287025.204265478
CHICO B,12kV,No,2429,106,23,3,2,560,10,570,12,1256,102491101,CHICO B 1101,North valley,1,6/2/2025 1:21:05 AM,20092.5687545347
MONTAGUE,21kV,No,668,124,196,0,8,790,70,860,21,1257,083892102,MONTAGUE 2102,San jose,1,6/2/2025 1:21:05 AM,24872.957568739
MONROE,12kV,No,5695,305,80,12,,4665,6228,10893,12,1258,043301106,MONROE 1106,Sonoma,1,11/11/2025 11:54:12 AM,89623.1716584529
PEABODY,21kV,No,5399,141,36,1,6,11250,820,12070,21,1259,063642112,PEABODY 2112,North bay,1,6/2/2025 1:21:05 AM,113327.60805122
WILLOW PASS,21kV,No,7028,185,44,1,35,9090,1220,10310,21,1260,013912108,WILLOW PASS 2108,Diablo,1,11/11/2025 12:30:18 PM,113519.738088315
MC FARLAND,12kV,No,1375,71,16,98,2,3780,8650,12430,12,1261,253181104,MC FARLAND 1104,Kern,1,6/2/2025 1:21:05 AM,106118.660720989
LAKEWOOD,21kV,No,2011,266,123,0,36,2550,340,2890,21,1262,013532226,LAKEWOOD 2226,Diablo,1,11/11/2025 12:30:18 PM,41469.5048117347
LAKEWOOD,21kV,No,4024,165,61,0,29,6030,490,6520,21,1263,013532107,LAKEWOOD 2107,Diablo,1,11/11/2025 12:30:18 PM,101697.968745065
RIVERBANK,17kV,No,1042,98,7,160,1,3560,5580,9140,17,1264,163191712,RIVERBANK 1712,Yosemite,1,6/2/2025 1:21:05 AM,117891.754678388
SAN JOSE B,12kV,Yes,514,29,50,0,6,0,0,0,12,1265,082261103,SAN JOSE B 1103,San jose,1,6/2/2025 1:21:05 AM,7312.7766824948
MC CALL,12kV,No,2512,118,16,80,6,5630,1280,6910,12,1266,254121102,MC CALL 1102,Fresno,1,6/2/2025 1:21:05 AM,72730.9630447816
CLOVIS,12kV,No,1717,121,104,0,5,6910,270,7180,12,1267,254081103,CLOVIS 1103,Fresno,1,6/2/2025 1:21:05 AM,52147.2254107218
OAKLAND X,12kV,No,8174,306,39,0,,2005,2119,4124,12,1268,012541102,OAKLAND X 1102,East Bay,1,11/11/2025 11:54:12 AM,16444.1687717652
BRITTON,12kV,Yes,3583,120,56,0,9,1500,350,1850,12,1269,083611107,BRITTON 1107,De Anza,1,11/11/2025 12:30:18 PM,37935.2473612103
BERESFORD,4.16kV,No,784,36,12,0,4,560,40,600,4,1270,024040402,BERESFORD 0402,Peninsula,1,11/11/2025 12:30:18 PM,10235.3281475953
VASONA,12kV,No,1590,108,42,0,4,2730,390,3120,12,1271,083771102,VASONA 1102,De Anza,1,11/11/2025 12:30:18 PM,34005.7794248879
WESTPARK,12kV,Yes,422,167,41,0,6,2290,0,2290,12,1272,253701102,WESTPARK 1102,Kern,1,11/11/2025 12:30:18 PM,12061.5722755749
BABEL,4.16kV,No,433,40,14,0,2,660,10,670,4,1273,013850401,BABEL 0401,Diablo,1,11/11/2025 12:30:23 PM,7536.58130834649
ORO LOMA,12kV,Yes,27,25,4,93,1,1470,590,2060,12,1274,255371118,ORO LOMA 1118,Yosemite,1,6/2/2025 1:21:05 AM,88368.0006713037
SILVER,4.16kV,No,1316,37,4,0,1,340,20,360,4,1275,022670401,SILVER 0401,San francisco,1,6/2/2025 1:21:05 AM,11078.2181480307
GRAND ISLAND,21kV,No,3493,260,72,138,23,7910,1400,9310,21,1276,063642107,PEABODY 2107,North bay,1,6/2/2025 1:21:05 AM,478602.135214255
EDES,12kV,No,3820,202,67,1,12,1450,510,1960,12,1277,013681103,EDES 1103,East bay,1,6/2/2025 1:21:05 AM,39859.7167874937
LOS OSITOS,21kV,Yes,539,117,10,175,,1264,4264,5528,21,1278,182082103,LOS OSITOS 2103,Central Coast,1,11/11/2025 11:54:12 AM,214426.114794622
SARATOGA,12kV,No,3283,177,64,0,18,4410,550,4960,12,1279,083371108,SARATOGA 1108,De anza,1,6/2/2025 1:21:05 AM,50588.3358697014
DIAMOND SPRINGS,12kV,No,1476,246,131,0,7,7730,1320,9050,12,1280,152261107,DIAMOND SPRINGS 1107,Sierra,1,6/2/2025 1:21:05 AM,156792.184183584
MOLINO,12kV,No,3498,276,48,108,16,6830,920,7750,12,1281,042571103,MOLINO 1103,Sonoma,1,6/2/2025 1:21:05 AM,198931.82753321
LAKEWOOD,21kV,No,4057,59,54,0,17,390,0,390,21,1282,013532225,LAKEWOOD 2225,Diablo,1,6/2/2025 1:21:05 AM,31924.6598205443
PARSONS,4.16kV,No,953,25,3,0,3,600,20,620,4,1283,013660402,PARSONS 0402,Mission,1,6/2/2025 1:21:05 AM,9929.53935150878
LAKEWOOD,12kV,No,1575,69,23,0,,1638,1751,3389,12,1284,013531102,LAKEWOOD 1102,Diablo,1,11/11/2025 12:30:18 PM,30722.8165968979
WHISMAN,12kV,Yes,0,57,80,0,,774,774,1548,12,1285,083631102,WHISMAN 1102,De Anza,1,11/11/2025 12:30:19 PM,11156.891532732
SF G,4.16kV,No,666,13,2,0,2,30,0,30,4,1286,022090402,SF G 0402,San francisco,1,6/2/2025 1:21:05 AM,3685.78229162367
WHISMAN,12kV,Yes,80,7,5,0,,2046,2046,4092,12,1287,083631109,WHISMAN 1109,De Anza,1,11/11/2025 12:30:19 PM,8149.08565212102
BURNEY,12kV,Yes,580,128,23,1,4,690,120,810,12,1288,103311102,BURNEY 1102,North Valley,1,11/11/2025 12:30:23 PM,24195.5500368152
OREGON TRAIL,12kV,Yes,797,63,12,0,3,4370,250,4620,12,1289,103521102,OREGON TRAIL 1102,North Valley,1,11/11/2025 12:30:23 PM,132152.461127669
DESCHUTES,12kV,No,1907,229,47,27,6,8620,450,9070,12,1290,103351104,DESCHUTES 1104,North Valley,1,11/11/2025 12:30:23 PM,261221.349692018
JESSUP,12kV,No,1466,131,18,6,3,2950,540,3490,12,1291,103441103,JESSUP 1103,North Valley,1,11/11/2025 12:30:23 PM,94145.7206046769
BULLARD,12kV,No,833,251,123,1,,850,873,1723,12,1292,253961110,BULLARD 1110,Fresno,1,11/11/2025 12:30:23 PM,26926.3334233006
BULLARD,12kV,No,1838,77,45,0,,353,515,868,12,1293,253961105,BULLARD 1105,Fresno,1,11/11/2025 12:30:23 PM,18413.5715401024
BULLARD,12kV,No,1492,73,25,0,,2915,3119,6034,12,1294,253961103,BULLARD 1103,Fresno,1,11/11/2025 12:30:23 PM,22513.2219229929
BULLARD,12kV,Yes,794,46,13,0,1,4830,150,4980,12,1295,253961108,BULLARD 1108,Fresno,1,11/11/2025 12:30:23 PM,10330.7821088899
BULLARD,12kV,No,725,109,61,0,,2193,2287,4480,12,1296,253961109,BULLARD 1109,Fresno,1,11/11/2025 12:30:23 PM,19026.4570918043
LONE TREE,21kV,No,3632,140,20,10,,10911,11446,22357,21,1297,013232102,LONE TREE 2102,Diablo,1,11/11/2025 12:30:23 PM,115181.092793733
BULLARD,21kV,No,2563,85,33,9,17,4910,2130,7040,21,1298,253962112,BULLARD 2112,Fresno,1,11/11/2025 12:30:23 PM,54055.7737852102
BULLARD,21kV,No,2948,167,167,3,14,9300,230,9530,21,1299,253962114,BULLARD 2114,Fresno,1,11/11/2025 12:30:23 PM,79986.31972711
BULLARD,21kV,Yes,884,255,68,0,,8986,17581,26567,21,1300,253962111,BULLARD 2111,Fresno,1,11/11/2025 12:30:23 PM,29728.6826896209
VALLEJO B,4.16kV,No,1033,101,8,0,5,790,110,900,4,1301,042450415,VALLEJO B 0415,North bay,1,6/2/2025 1:21:05 AM,15768.8874196479
ATASCADERO,12kV,No,2214,423,84,0,8,3570,360,3930,12,1302,182541101,ATASCADERO 1101,Los padres,1,6/2/2025 1:21:05 AM,78873.1839297635
MC KEE,12kV,Yes,1787,126,36,0,11,1160,120,1280,12,1303,083531109,MC KEE 1109,San jose,1,6/2/2025 1:21:05 AM,18990.9244579044
SYCAMORE CREEK,12kV,No,2454,152,44,0,4,2710,350,3060,12,1304,102971101,SYCAMORE CREEK 1101,North valley,1,6/2/2025 1:21:05 AM,38178.7154074901
SF J,4.16kV,No,2115,74,13,0,5,0,30,30,4,1305,022220402,SF J 0402,San francisco,1,6/2/2025 1:21:05 AM,5080.11527716518
FRANKLIN,12kV,No,5144,167,31,0,25,5260,240,5500,12,1306,013921104,FRANKLIN 1104,East bay,1,6/2/2025 1:21:05 AM,116233.217568163
COTATI,12kV,No,5260,322,69,28,16,3820,540,4360,12,1307,042271102,COTATI 1102,Sonoma,1,6/2/2025 1:21:05 AM,132605.784298607
MERCED,12kV,No,1612,173,36,211,28,4080,1290,5370,12,1308,252801116,MERCED 1116,Yosemite,1,6/2/2025 1:21:05 AM,169318.823794682
TASSAJARA,21kV,No,2554,419,104,1,26,6210,420,6630,21,1309,014662108,TASSAJARA 2108,Diablo,1,10/10/2025 9:34:38 AM,102864.882606999
TEMBLOR,21kV,Yes,0,15,17,7,0,6120,0,6120,21,1310,252552103,TEMBLOR 2103,Kern,1,11/11/2025 12:30:21 PM,61757.3046978804
LAWRENCE,12kV,No,1586,71,69,0,,769,1037,1806,12,1311,083421111,LAWRENCE 1111,De Anza,1,11/11/2025 11:54:12 AM,27149.5659767637
BONITA,12kV,No,77,18,1,169,,3742,3842,7584,12,1312,255391103,BONITA 1103,Yosemite,1,11/11/2025 11:54:13 AM,79768.3315813381
SAN JUSTO,12kV,Yes,486,92,14,56,,1196,1423,2619,12,1313,183181101,SAN JUSTO 1101,Central Coast,1,11/11/2025 11:54:14 AM,120363.805781909
VICTOR,12kV,No,1089,150,21,366,,3792,7116,10908,12,1314,163281102,VICTOR 1102,Stockton,1,11/11/2025 11:54:14 AM,186539.572979553
LAS GALLINAS A,12kV,No,1341,454,90,0,2,3570,920,4490,12,1315,042991103,LAS GALLINAS A 1103,Sonoma,1,11/11/2025 12:30:20 PM,30334.0228189058
VICTOR,12kV,No,1059,143,44,30,,2713,9299,12012,12,1316,163281101,VICTOR 1101,Stockton,1,11/11/2025 12:30:21 PM,50866.3639765568
SMYRNA,12kV,Yes,36,18,7,150,0,3880,7450,11330,12,1317,253551102,SMYRNA 1102,Kern,1,11/11/2025 12:30:23 PM,134059.391255237
BULLARD,12kV,No,1215,64,27,0,,3252,3443,6695,12,1318,253961104,BULLARD 1104,Fresno,1,11/11/2025 12:30:23 PM,21624.172916922
BULLARD,12kV,No,552,115,82,0,,771,817,1588,12,1319,253961107,BULLARD 1107,Fresno,1,11/11/2025 12:30:23 PM,13139.9307934251
MISSION (X),12kV,No,215,74,53,0,3,20,0,20,12,1320,022011153,MISSION (X) 1153,San francisco,1,6/2/2025 1:21:05 AM,9199.16324197646
HARDING,4.16kV,No,584,28,1,0,1,300,10,310,4,1321,163310404,HARDING 0404,Stockton,1,6/2/2025 1:21:05 AM,5624.53269227526
SF G,4.16kV,No,451,45,6,0,0,20,0,20,4,1322,022090401,SF G 0401,San francisco,1,6/2/2025 1:21:05 AM,1647.28522114903
EMBARCADERO (Z),12kV,No,1767,148,74,1,12,10,0,10,12,1323,022871118,EMBARCADERO (Z) 1118,San francisco,1,6/2/2025 1:21:05 AM,11730.0427407851
VINEYARD,21kV,No,2747,364,142,0,8,5150,670,5820,21,1324,014502105,VINEYARD 2105,Mission,1,6/2/2025 1:21:05 AM,75841.5178092654
CASTRO VALLEY,12kV,Yes,5240,241,38,0,20,3250,580,3830,12,1325,014091107,CASTRO VALLEY 1107,Mission,1,10/10/2025 9:34:38 AM,46710.020776973
VACAVILLE,12kV,No,2120,264,55,37,4,5250,430,5680,12,1326,063601108,VACAVILLE 1108,North bay,1,6/2/2025 1:21:05 AM,143164.789974804
GERBER,12kV,No,472,51,4,58,0,1440,180,1620,12,1327,103391101,GERBER 1101,North valley,1,6/2/2025 1:21:05 AM,63825.9439187026
EMBARCADERO (Z),34.5kV,No,0,2,25,0,1,1030,0,1030,34,1328,022873403,EMBARCADERO (Z) 3403,San francisco,1,6/2/2025 1:21:05 AM,7225.08421317153
GREENBRAE,12kV,No,3208,268,109,0,13,3640,160,3800,12,1329,043091102,GREENBRAE 1102,Sonoma,1,6/2/2025 1:21:05 AM,55096.4622364869
BETHEL BANK,4.16kV,Yes,8,5,1,0,0,0,0,0,4,1330,018150401,BETHEL BANK 0401,Diablo,1,6/2/2025 1:21:05 AM,1584.96456342041
BERKELEY T,4.16kV,No,62,6,0,0,2,0,0,0,4,1331,012660404,BERKELEY T 0404,East bay,1,6/2/2025 1:21:05 AM,847.970844470569
OAKLAND D,12kV,Yes,1953,221,107,1,5,790,90,880,12,1332,012041111,OAKLAND D 1111,East bay,1,6/2/2025 1:21:05 AM,20184.1182725435
BAIR,12kV,No,0,36,56,0,2,0,0,0,12,1333,024261102,BAIR 1102,Peninsula,1,10/10/2025 9:34:35 AM,10691.1573371351
DALY CITY,12kV,No,1887,103,124,0,25,520,740,1260,12,1334,022641110,DALY CITY 1110,Peninsula,1,6/2/2025 1:21:05 AM,35664.4118610721
NORD,12kV,No,1751,119,34,19,2,4350,3470,7820,12,1335,103071106,NORD 1106,North valley,1,6/2/2025 1:21:05 AM,48036.9339372777
HAMMER,12kV,No,596,258,86,0,8,2460,100,2560,12,1336,163301108,HAMMER 1108,Stockton,1,11/11/2025 12:30:23 PM,24073.6841021325
SF K,4.16kV,No,1487,84,13,0,7,250,50,300,4,1337,022130408,SF K 0408,San francisco,1,6/2/2025 1:21:05 AM,5532.12511417733
PASO ROBLES,12kV,No,433,567,146,0,16,1080,580,1660,12,1338,182611101,PASO ROBLES 1101,Los padres,1,6/2/2025 1:21:05 AM,26228.4346064179
MONROE,12kV,No,4993,200,53,1,14,4270,150,4420,12,1339,043301105,MONROE 1105,Sonoma,1,6/2/2025 1:21:05 AM,82469.4761072441
WEST FRESNO,12kV,No,926,234,84,2,12,1890,480,2370,12,1340,253731106,WEST FRESNO 1106,Fresno,1,6/2/2025 1:21:05 AM,22299.2463145857
NARROWS,21kV,No,3632,368,51,28,2,7770,23250,31020,21,1341,153132105,NARROWS 2105,Sierra,1,6/2/2025 1:21:05 AM,420481.847510669
WHISMAN,12kV,Yes,452,67,36,0,11,1260,220,1480,12,1342,083631111,WHISMAN 1111,De anza,1,6/2/2025 1:21:05 AM,13694.3901396227
DUNBAR,12kV,No,2176,145,30,63,7,3890,370,4260,12,1343,043071101,DUNBAR 1101,Sonoma,1,6/2/2025 1:21:05 AM,135174.451571622
OREGON TRAIL,12kV,No,1197,95,26,3,7,4210,510,4720,12,1344,103521104,OREGON TRAIL 1104,North Valley,1,11/11/2025 12:30:23 PM,166599.163978694
SAN RAMON,21kV,No,1165,34,36,0,19,2220,2290,4510,21,1345,014232117,SAN RAMON 2117,Mission,1,11/11/2025 12:30:18 PM,32823.4420742683
OTTER,12kV,No,364,127,31,4,0,430,300,730,12,1346,182941102,OTTER 1102,Central coast,1,6/2/2025 1:21:05 AM,128306.105791369
MISSION (X),12kV,Yes,1196,159,98,0,106,300,0,300,12,1347,022011104,MISSION (X) 1104,San francisco,1,6/2/2025 1:21:05 AM,12450.6308429819
OAKLAND C,12kV,Yes,29,3,5,0,4,0,90,90,12,1348,012011132,OAKLAND C 1132,East bay,1,6/2/2025 1:21:05 AM,5009.43769159977
GOLDTREE,12kV,Yes,12,22,10,0,,998,998,1996,12,1349,182581107,GOLDTREE 1107,Los Padres,1,11/11/2025 10:49:24 AM,7755.67662713929
WILLITS,12kV,No,1887,227,45,30,3,2160,1150,3310,12,1350,042661103,WILLITS 1103,Humboldt,1,10/10/2025 9:34:38 AM,332678.061888352
TUPMAN,12kV,No,183,68,44,94,6,2880,9950,12830,12,1351,254561103,TUPMAN 1103,Kern,1,6/2/2025 1:21:05 AM,94194.1397068615
GOLDTREE,12kV,Yes,1512,194,65,3,7,6050,10,6060,12,1352,182581105,GOLDTREE 1105,Los Padres,1,11/11/2025 10:49:24 AM,29889.3558706241
STELLING,12kV,Yes,0,0,12,0,0,290,0,290,12,1353,083481102,STELLING 1102,De Anza,1,11/11/2025 12:30:18 PM,5337.55922709608
SF K,4.16kV,No,812,128,24,0,6,80,0,80,4,1354,022130407,SF K 0407,San francisco,1,6/2/2025 1:21:05 AM,7155.76541924444
AUBURN,12kV,No,1201,158,25,0,4,1000,140,1140,12,1355,152161102,AUBURN 1102,Sierra,1,6/2/2025 1:21:05 AM,25110.9142375652
MISSION (X),12kV,No,1215,123,84,0,2,0,0,0,12,1356,022011123,MISSION (X) 1123,San francisco,1,6/2/2025 1:21:05 AM,11086.8870621773
HIGGINS,12kV,No,1607,94,14,0,6,6160,320,6480,12,1357,152691107,HIGGINS 1107,Sierra,1,6/2/2025 1:21:05 AM,75995.5028055612
PASO ROBLES,21kV,No,3293,134,45,5,2,6280,350,6630,21,1358,182611106,PASO ROBLES 1106,Los Padres,1,11/11/2025 10:49:25 AM,68155.3934308881
CUYAMA,21kV,No,42,24,2,37,2,110,300,410,21,1359,253142102,CUYAMA 2102,Kern,1,6/2/2025 1:21:05 AM,71639.0586173207
OAKLAND C,12kV,No,54,85,60,0,4,0,0,0,12,1360,012011102,OAKLAND C 1102,East bay,1,6/2/2025 1:21:05 AM,6255.82461480646
SAN LUIS OBISPO,12kV,No,2319,497,188,0,20,2370,890,3260,12,1361,182631105,SAN LUIS OBISPO 1105,Los Padres,1,11/11/2025 10:49:25 AM,36433.7158133042
PASO ROBLES,12kV,No,2728,333,77,38,3,5710,670,6380,12,1362,182611103,PASO ROBLES 1103,Los Padres,1,11/11/2025 10:49:25 AM,177916.79072414
PERRY,12kV,No,2945,517,39,50,7,2270,380,2650,12,1363,183071101,PERRY 1101,Los Padres,1,11/11/2025 10:49:26 AM,179360.420510261
SAN MIGUEL,12kV,Yes,180,72,10,62,3,1600,100,1700,12,1364,182661106,SAN MIGUEL 1106,Los Padres,1,11/11/2025 10:49:26 AM,150805.289813789
SAN MIGUEL,12kV,Yes,990,88,18,18,,3109,3301,6410,12,1365,182661105,SAN MIGUEL 1105,Los Padres,1,11/11/2025 10:49:26 AM,50551.5812579867
DIVIDE,12kV,Yes,84,27,12,3,0,20,0,20,12,1366,182571103,DIVIDE 1103,Los Padres,1,11/11/2025 10:49:27 AM,40707.2434824506
ZACA,12kV,Yes,53,49,11,54,1,60,70,130,12,1367,182681101,ZACA 1101,Los Padres,1,11/11/2025 10:49:27 AM,59257.865443432
LAS PULGAS,4.16kV,No,1518,39,8,0,7,1560,80,1640,4,1368,024120401,LAS PULGAS 0401,Peninsula,1,6/2/2025 1:21:05 AM,19097.4735226796
SF L,4.16kV,Yes,94,57,9,0,1,10,0,10,4,1369,022260409,SF L 0409,San francisco,1,6/2/2025 1:21:05 AM,4013.48060956662
VACA DIXON,12kV,Yes,1,168,219,1,6,2190,910,3100,12,1370,063591109,VACA DIXON 1109,North bay,1,6/2/2025 1:21:05 AM,40056.4941176815
EUREKA E,12kV,No,2076,110,33,0,1,570,30,600,12,1371,192331101,EUREKA E 1101,Humboldt,1,6/2/2025 1:21:05 AM,32583.0319697724
BRENTWOOD,21kV,No,3455,167,38,6,16,9050,420,9470,21,1372,014592108,BRENTWOOD 2108,Diablo,1,11/11/2025 12:30:18 PM,88824.8082227308
SF E,4.16kV,No,1247,66,7,0,1,280,40,320,4,1373,022070405,SF E 0405,San francisco,1,6/2/2025 1:21:05 AM,5765.83116827941
BRENTWOOD,21kV,No,2415,224,132,0,,8052,10006,18058,21,1374,014592109,BRENTWOOD 2109,Diablo,1,11/11/2025 12:30:18 PM,76718.8489843258
ROSSMOOR,12kV,Yes,1510,118,33,0,,996,1055,2051,12,1375,014161105,ROSSMOOR 1105,Diablo,1,11/11/2025 12:30:18 PM,29847.0436881688
LIVERMORE,12kV,No,847,61,18,0,4,480,30,510,12,1376,012141102,LIVERMORE 1102,Mission,1,11/11/2025 12:30:18 PM,11334.2292571614
SAN RAMON,21kV,No,4868,235,73,1,25,9060,910,9970,21,1377,014232107,SAN RAMON 2107,Mission,1,11/11/2025 12:30:18 PM,135923.033678758
LARKIN (Y),12kV,No,0,8,4,0,0,0,0,0,12,1378,022801130,LARKIN (Y) 1130,San francisco,1,6/2/2025 1:21:05 AM,4827.32677208305
SF E,4.16kV,No,761,150,19,0,9,100,10,110,4,1379,022070409,SF E 0409,San francisco,1,6/2/2025 1:21:05 AM,7132.01904309555
CATLETT,12kV,No,488,127,23,166,2,1930,210,2140,12,1380,153761102,CATLETT 1102,Sacramento,1,6/2/2025 1:21:05 AM,231277.313072633
KIRKER,21kV,No,2052,286,195,0,18,4290,3290,7580,21,1381,014452109,KIRKER 2109,Diablo,1,6/2/2025 1:21:05 AM,73483.613412874
PINEDALE,21kV,No,1225,272,100,0,4,2880,560,3440,21,1382,252852103,PINEDALE 2103,Fresno,1,6/2/2025 1:21:05 AM,35109.5217691525
SONOMA,12kV,No,3183,317,59,7,20,2150,410,2560,12,1383,042721102,SONOMA 1102,Sonoma,1,6/2/2025 1:21:05 AM,64831.1775826499
PARKWAY,12kV,Yes,1889,109,36,0,23,7970,270,8240,12,1384,042051101,PARKWAY 1101,North Bay,1,11/11/2025 12:30:20 PM,52635.2802755806
PARKWAY,12kV,No,3111,47,10,0,7,4620,200,4820,12,1385,042051102,PARKWAY 1102,North Bay,1,11/11/2025 12:30:20 PM,61779.7639824411
EAST NICOLAUS,12kV,Yes,188,66,10,197,7,900,1330,2230,12,1386,152151101,EAST NICOLAUS 1101,Sacramento,1,11/11/2025 12:30:21 PM,143408.829453089
LARKIN (Y),12kV,No,0,7,9,0,0,0,0,0,12,1387,022801129,LARKIN (Y) 1129,San francisco,1,6/2/2025 1:21:05 AM,4110.64012577656
PANAMA,21kV,No,4606,265,62,46,21,11760,930,12690,21,1388,253422101,PANAMA 2101,Kern,1,6/2/2025 1:21:05 AM,144475.40288981
EDES,12kV,No,1193,25,10,1,0,540,440,980,12,1389,013681110,EDES 1110,East bay,1,6/2/2025 1:21:05 AM,13058.0331138131
PUEBLO,12kV,Yes,1930,256,59,22,6,1420,280,1700,12,1390,043291102,PUEBLO 1102,North bay,1,6/2/2025 1:21:05 AM,41972.1814376755
HIGHWAY,12kV,Yes,15,49,58,0,1,4230,1290,5520,12,1391,042651107,HIGHWAY 1107,North bay,1,6/2/2025 1:21:05 AM,25635.7856701739
EL CERRITO G,12kV,Yes,1900,215,101,0,20,530,150,680,12,1392,012501109,EL CERRITO G 1109,East bay,1,6/2/2025 1:21:05 AM,26507.2271291479
NEWARK 12KV,12kV,No,3340,187,97,0,14,3160,1280,4440,12,1393,012221106,NEWARK 12KV 1106,Mission,1,6/2/2025 1:21:05 AM,51513.3453517529
GLENWOOD,4.16kV,No,665,39,11,0,1,310,30,340,4,1394,024090406,GLENWOOD 0406,Peninsula,1,11/11/2025 12:30:18 PM,6529.36337856155
SF K,4.16kV,Yes,1416,58,13,0,16,150,20,170,4,1395,022130401,SF K 0401,San francisco,1,6/2/2025 1:21:05 AM,8417.16272771289
BELMONT,4.16kV,No,1229,28,1,0,9,860,100,960,4,1396,024030402,BELMONT 0402,Peninsula,1,6/2/2025 1:21:05 AM,15752.9787884802
LAMONT,12kV,No,2074,184,38,47,7,2970,3300,6270,12,1397,253911103,LAMONT 1103,Kern,1,6/2/2025 1:21:05 AM,59497.3156170716
EIGHT MILE,21kV,No,2635,158,92,0,8,7530,520,8050,21,1398,163912104,EIGHT MILE 2104,Stockton,1,6/2/2025 1:21:05 AM,67698.9939805691
MT EDEN,12kV,No,3033,379,114,0,18,1950,670,2620,12,1399,013761104,MT EDEN 1104,Mission,1,6/2/2025 1:21:05 AM,54002.2482925176
WHEATLAND,12kV,No,510,78,7,74,0,4910,380,5290,12,1400,152811105,WHEATLAND 1105,Sacramento,1,6/2/2025 1:21:05 AM,160515.878999145
SANTA MARIA,12kV,Yes,1734,195,39,12,,656,1732,2388,12,1401,182671111,SANTA MARIA 1111,Los Padres,1,10/10/2025 8:50:29 AM,27740.7315743604
WOODSIDE,12kV,No,2828,165,39,1,20,8570,1400,9970,12,1402,024251104,WOODSIDE 1104,Peninsula,1,6/2/2025 1:21:05 AM,126753.850226646
BERKELEY F,12kV,No,1756,184,144,0,9,240,460,700,12,1403,012061102,BERKELEY F 1102,East bay,1,6/2/2025 1:21:05 AM,16767.4194254539
TEMPLETON,21kV,No,2414,520,110,11,8,3610,210,3820,21,1404,183052108,TEMPLETON 2108,Los padres,1,6/2/2025 1:21:05 AM,89973.5419305658
LAS POSITAS,21kV,No,2847,166,25,11,10,10330,2670,13000,21,1405,014402108,LAS POSITAS 2108,Mission,1,6/2/2025 1:21:05 AM,147400.726935521
HOLLISTER,21kV,No,4709,269,67,34,19,9880,730,10610,21,1406,182492101,HOLLISTER 2101,Central coast,1,6/2/2025 1:21:05 AM,101429.125896005
DUNNIGAN,12kV,Yes,89,41,19,72,3,2560,3430,5990,12,1407,063811102,DUNNIGAN 1102,Sacramento,1,6/2/2025 1:21:05 AM,84798.1309479974
EMBARCADERO (Z),34.5kV,No,102,1,17,0,0,20,0,20,34,1408,022873406,EMBARCADERO (Z) 3406,San francisco,1,6/2/2025 1:21:05 AM,7235.68909702368
WESTPARK,12kV,No,1799,179,47,0,2,1600,240,1840,12,1409,253701101,WESTPARK 1101,Kern,1,6/2/2025 1:21:05 AM,25214.1963422985
EUREKA E,12kV,Yes,1310,295,69,0,7,160,350,510,12,1410,192331105,EUREKA E 1105,Humboldt,1,6/2/2025 1:21:05 AM,16380.6052670769
DIXON,12kV,No,3240,183,111,27,5,8280,970,9250,12,1411,062061106,DIXON 1106,North bay,1,6/2/2025 1:21:05 AM,99592.202019313
EL CERRITO G,12kV,No,4753,147,32,0,30,3920,260,4180,12,1412,012501112,EL CERRITO G 1112,East bay,1,6/2/2025 1:21:05 AM,70391.709156484
KERN OIL,12kV,No,2493,158,28,0,9,3610,150,3760,12,1413,252721110,KERN OIL 1110,Kern,1,6/2/2025 1:21:05 AM,33128.0930441296
POTRERO PP (A),12kV,No,3069,274,172,0,12,1200,350,1550,12,1414,022031108,POTRERO PP (A) 1108,San francisco,1,6/2/2025 1:21:05 AM,16636.9655237512
HARRIS,12kV,Yes,4718,292,56,0,7,3240,570,3810,12,1415,192431108,HARRIS 1108,Humboldt,1,6/2/2025 1:21:05 AM,87012.3514810196
WILKINS SLOUGH,12kV,Yes,176,51,5,117,0,2540,120,2660,12,1416,062771102,WILKINS SLOUGH 1102,Sacramento,1,6/2/2025 1:21:05 AM,129628.968255011
RIVER OAKS,21kV,Yes,88,4,14,0,2,250,360,610,21,1417,082342101,RIVER OAKS 2101,San jose,1,6/2/2025 1:21:05 AM,6873.18047096
WEST FRESNO,12kV,No,2517,306,126,16,8,3380,2050,5430,12,1418,253731111,WEST FRESNO 1111,Fresno,1,6/2/2025 1:21:05 AM,78229.9904782359
WASCO,12kV,Yes,9,6,2,30,,726,2286,3012,12,1419,252961101,WASCO 1101,Kern,1,11/11/2025 12:30:19 PM,24276.887926952
POTRERO PP (A),12kV,Yes,190,1,5,0,0,8180,0,8180,12,1420,022031111,POTRERO PP (A) 1111,San francisco,1,6/2/2025 1:21:05 AM,2384.63384575883
TASSAJARA,21kV,No,2375,185,47,0,9,7660,470,8130,21,1421,014662112,TASSAJARA 2112,Diablo,1,6/2/2025 1:21:05 AM,123959.143775575
EL PATIO,12kV,No,2296,112,68,0,27,1850,60,1910,12,1422,082921108,EL PATIO 1108,De anza,1,6/2/2025 1:21:05 AM,24533.9901411889
MT EDEN,12kV,Yes,391,160,102,0,4,1810,690,2500,12,1423,013761113,MT EDEN 1113,Mission,1,6/2/2025 1:21:05 AM,26223.9701552179
BOGUE,12kV,No,2866,229,45,3,10,5060,600,5660,12,1424,153781102,BOGUE 1102,Sacramento,1,6/2/2025 1:21:05 AM,56572.620101013
SAN LEANDRO U,12kV,Yes,3475,132,55,0,19,4360,3190,7550,12,1425,013111110,SAN LEANDRO U 1110,Mission,1,6/2/2025 1:21:05 AM,45371.3158694108
BELMONT,12kV,Yes,19,115,66,0,8,1170,1580,2750,12,1426,024031106,BELMONT 1106,Peninsula,1,6/2/2025 1:21:05 AM,11522.2279141658
LINDEN,12kV,No,554,130,25,211,3,4340,610,4950,12,1427,162071103,LINDEN 1103,Stockton,1,6/2/2025 1:21:05 AM,127902.166238682
ORO LOMA,12kV,Yes,81,41,8,192,6,2550,2250,4800,12,1428,255371106,ORO LOMA 1106,Yosemite,1,6/2/2025 1:21:05 AM,127443.892748793
STOCKTON A,4.16kV,No,337,63,15,0,6,170,0,170,4,1429,162370406,STOCKTON A 0406,Stockton,1,11/11/2025 12:30:20 PM,8312.90214690943
WEST LANE,12kV,No,2108,223,46,9,20,2650,370,3020,12,1430,163621102,WEST LANE 1102,Stockton,1,6/2/2025 1:21:05 AM,44257.7284091678
POTRERO PP (A),12kV,Yes,431,355,65,0,3,320,0,320,12,1431,022031102,POTRERO PP (A) 1102,San francisco,1,6/2/2025 1:21:05 AM,7094.59412527276
SANTA MARIA,12kV,No,4484,229,49,53,10,6000,1630,7630,12,1432,182671105,SANTA MARIA 1105,Los padres,1,6/2/2025 1:21:05 AM,94077.8699718998
SANTA YNEZ,12kV,Yes,1082,152,46,50,3,2670,990,3660,12,1433,182721101,SANTA YNEZ 1101,Los padres,1,6/2/2025 1:21:05 AM,148611.701813902
SWIFT,21kV,No,2098,135,60,11,12,3200,430,3630,21,1434,083392110,SWIFT 2110,San jose,1,6/2/2025 1:21:05 AM,227363.311651636
POTRERO PP (A),12kV,Yes,286,11,1,0,8,260,0,260,12,1435,022031107,POTRERO PP (A) 1107,San francisco,1,6/2/2025 1:21:05 AM,3846.26179282932
CARQUINEZ,12kV,Yes,27,16,2,0,,0,0,0,12,1436,043281104,CARQUINEZ 1104,North Bay,1,11/11/2025 11:54:13 AM,2504.5389808147
LE GRAND,12kV,No,194,41,4,256,,2694,7738,10432,12,1437,255361112,LE GRAND 1112,Yosemite,1,11/11/2025 11:54:13 AM,139974.058475842
OAKLAND L,12kV,No,1842,238,55,1,,1036,1164,2200,12,1438,012111101,OAKLAND L 1101,East Bay,1,11/11/2025 11:54:13 AM,16216.8613635107
CROWS LANDING,12kV,No,70,36,8,113,,1284,1284,2568,12,1439,163251101,CROWS LANDING 1101,Yosemite,1,11/11/2025 12:30:19 PM,91106.0469056429
COUNTRY CLUB,12kV,Yes,581,98,34,0,,1713,1780,3493,12,1440,163121105,COUNTRY CLUB 1105,Stockton,1,11/11/2025 12:30:19 PM,11847.3061298655
BELMONT,12kV,No,3561,147,29,0,28,1050,180,1230,12,1441,024031101,BELMONT 1101,Peninsula,1,6/2/2025 1:21:05 AM,45177.5816575001
LAMMERS,12kV,No,2218,47,4,0,5,6290,160,6450,12,1442,162771105,LAMMERS 1105,Stockton,1,6/2/2025 1:21:05 AM,49627.6817627553
BAKERSFIELD,12kV,No,269,366,91,0,,831,906,1737,12,1443,253371105,BAKERSFIELD 1105,Kern,1,11/11/2025 12:30:19 PM,14577.2006352849
STOCKTON A,12kV,No,590,101,36,2,,1260,1390,2650,12,1444,162371102,STOCKTON A 1102,Stockton,1,11/11/2025 12:30:20 PM,19181.9710179235
HAYWARD O,12kV,No,2073,207,19,0,8,560,40,600,12,1445,013111151,SAN LEANDRO U 1151,Mission,1,6/2/2025 1:21:05 AM,35821.2938004421
OAKLAND J,12kV,Yes,0,43,22,0,,900,14380,15280,12,1446,012091103,OAKLAND J 1103,East Bay,1,11/11/2025 11:54:13 AM,12678.1853615538
MISSION (X),12kV,No,1837,161,118,0,6,120,0,120,12,1447,022011117,MISSION (X) 1117,San francisco,1,6/2/2025 1:21:05 AM,10004.4448930426
PUTAH CREEK,12kV,No,1963,118,42,79,5,4580,720,5300,12,1448,063681103,PUTAH CREEK 1103,Sacramento,1,6/2/2025 1:21:05 AM,101790.413461449
DUMBARTON,12kV,No,2774,231,63,0,,1883,2582,4465,12,1449,014471104,DUMBARTON 1104,Mission,1,11/11/2025 11:54:15 AM,40136.295431869
SF G,4.16kV,No,1036,42,16,0,4,60,10,70,4,1450,022090414,SF G 0414,San francisco,1,6/2/2025 1:21:05 AM,4058.37832295676
VASONA,12kV,No,4026,174,27,0,6,4120,770,4890,12,1451,083771103,VASONA 1103,De anza,1,6/2/2025 1:21:05 AM,57298.8935367365
TASSAJARA,21kV,No,2857,91,9,0,17,10260,770,11030,21,1452,014662103,TASSAJARA 2103,Diablo,1,6/2/2025 1:21:05 AM,131491.387473296
STILLWATER,12kV,No,618,88,25,0,2,640,400,1040,12,1453,103561101,STILLWATER 1101,North valley,1,6/2/2025 1:21:05 AM,76447.7944527027
ATWATER,12kV,No,2179,285,60,57,14,6340,970,7310,12,1454,253611107,ATWATER 1107,Yosemite,1,6/2/2025 1:21:05 AM,98234.7533975618
BANCROFT,4.16kV,No,1072,39,4,0,1,580,20,600,4,1455,013030401,BANCROFT 0401,East bay,1,6/2/2025 1:21:05 AM,12940.619872861
STELLING,12kV,No,470,78,41,0,5,30,0,30,12,1456,083481105,STELLING 1105,De Anza,1,11/11/2025 12:30:18 PM,8435.41283165299
OAKLAND J,12kV,No,5781,398,62,0,,5180,5716,10896,12,1457,012091102,OAKLAND J 1102,East Bay,1,11/11/2025 11:54:13 AM,62313.8011736388
OAKLAND J,12kV,No,1554,266,73,0,,349,509,858,12,1458,012091111,OAKLAND J 1111,East Bay,1,11/11/2025 12:30:20 PM,14429.8378565915
PLACERVILLE,21kV,No,4918,396,46,18,1,18910,970,19880,21,1459,153082106,PLACERVILLE 2106,Sierra,1,6/2/2025 1:21:05 AM,724883.886311287
HICKS,12kV,No,1184,33,18,0,2,1340,70,1410,12,1460,083431112,HICKS 1112,San jose,1,6/2/2025 1:21:05 AM,14747.6436244589
LIVE OAK,12kV,No,1805,208,28,371,0,6130,10930,17060,12,1461,153771104,LIVE OAK 1104,Sacramento,1,6/2/2025 1:21:05 AM,259039.533871553
ELECTRA,12kV,No,1736,138,21,10,10,5190,370,5560,12,1462,162161101,ELECTRA 1101,Stockton,1,6/2/2025 1:21:05 AM,200692.813703686
SOLEDAD,21kV,Yes,500,82,16,93,3,8490,980,9470,21,1463,182052105,SOLEDAD 2105,Central coast,1,6/2/2025 1:21:05 AM,102245.643278261
18TH STREET,4.16kV,No,1775,69,14,0,5,220,20,240,4,1464,022390402,18TH STREET 0402,San francisco,1,6/2/2025 1:21:05 AM,9066.30191476941
LOS OSITOS,12kV,No,1013,29,6,17,6,1250,80,1330,12,1465,182031105,KING CITY 1105,Central coast,1,6/2/2025 1:21:05 AM,24180.9078818875
CUYAMA,12kV,Yes,259,60,19,51,0,280,11680,11960,12,1466,253141103,CUYAMA 1103,Kern,1,6/2/2025 1:21:05 AM,155674.82458834
STOCKDALE,21kV,No,3871,226,106,0,12,8470,860,9330,21,1467,254072110,STOCKDALE 2110,Kern,1,6/2/2025 1:21:05 AM,76630.7318600677
CONTRA COSTA,21kV,No,3443,115,18,0,11,8490,460,8950,21,1468,013652108,CONTRA COSTA 2108,Diablo,1,11/11/2025 12:30:23 PM,90308.29470745
LIVERMORE,12kV,No,854,39,22,0,4,2550,30,2580,12,1469,012141101,LIVERMORE 1101,Mission,1,11/11/2025 12:30:18 PM,17504.1688882664
NORTH TOWER,12kV,No,4506,155,30,0,,5717,6068,11785,12,1470,042041108,NORTH TOWER 1108,North Bay,1,11/11/2025 11:54:14 AM,87923.147925262
SHINGLE SPRINGS,12kV,No,726,362,86,3,,3481,10745,14226,12,1471,153651103,SHINGLE SPRINGS 1103,Sierra,1,11/11/2025 11:54:14 AM,50656.7693759287
MT EDEN,12kV,No,1609,443,121,1,,2377,2864,5241,12,1472,013761101,MT EDEN 1101,Mission,1,11/11/2025 11:54:14 AM,43742.1418565565
SILVERADO,21kV,No,566,165,73,159,,6215,7636,13851,21,1473,043432103,SILVERADO 2103,North Bay,1,11/11/2025 11:54:14 AM,112064.345298322
SUISUN,12kV,Yes,224,102,54,0,5,1880,2170,4050,12,1474,062131112,SUISUN 1112,North bay,1,6/2/2025 1:21:05 AM,25498.7971670126
OAKLAND L,12kV,No,0,42,32,0,4,0,0,0,12,1475,012111114,OAKLAND L 1114,East bay,1,6/2/2025 1:21:05 AM,5263.87896716134
PETALUMA C,12kV,Yes,0,10,12,0,1,0,0,0,12,1476,042631101,PETALUMA C 1101,Sonoma,1,6/2/2025 1:21:05 AM,1304.85581352937
SULLIVAN,4.16kV,No,528,20,4,0,0,210,90,300,4,1477,022850402,SULLIVAN 0402,Peninsula,1,6/2/2025 1:21:05 AM,7889.05743752415
MADERA,12kV,No,1884,171,72,4,12,5950,160,6110,12,1478,252761104,MADERA 1104,Yosemite,1,6/2/2025 1:21:05 AM,43866.3046245884
BROWNS VALLEY,12kV,No,521,73,11,15,0,1570,110,1680,12,1479,152921101,BROWNS VALLEY 1101,Sacramento,1,6/2/2025 1:21:05 AM,138544.195734013
AIRWAYS,12kV,No,3217,79,38,19,18,13040,330,13370,12,1480,252041102,AIRWAYS 1102,Fresno,1,6/2/2025 1:21:05 AM,86153.3583369996
EVERGREEN,21kV,No,5998,342,124,0,14,4050,1590,5640,21,1481,082012105,EVERGREEN 2105,San jose,1,6/2/2025 1:21:05 AM,68545.0767371158
TRIMBLE,21kV,Yes,1583,19,59,0,2,1550,980,2530,21,1482,083802117,TRIMBLE 2117,San jose,1,6/2/2025 1:21:05 AM,20313.9083187421
SILVERADO,21kV,No,679,230,93,315,3,8080,1370,9450,21,1483,043432102,SILVERADO 2102,North bay,1,6/2/2025 1:21:05 AM,256858.527830525
LIVINGSTON,12kV,No,1066,63,4,215,1,5260,2090,7350,12,1484,252261104,LIVINGSTON 1104,Yosemite,1,6/2/2025 1:21:05 AM,111357.384654172
SF M,4.16kV,No,1229,37,0,0,18,490,40,530,4,1485,022270404,SF M 0404,San francisco,1,6/2/2025 1:21:05 AM,9164.17129468642
RIO BRAVO,12kV,No,831,135,72,33,3,1160,20,1180,12,1486,252861101,RIO BRAVO 1101,Kern,1,6/2/2025 1:21:05 AM,48492.9464331217
MOLINO,12kV,No,4422,381,71,74,22,7060,880,7940,12,1487,042571101,MOLINO 1101,Sonoma,1,6/2/2025 1:21:05 AM,190055.607423173
SUISUN,12kV,Yes,886,120,19,0,,614,614,1228,12,1488,062131110,SUISUN 1110,Sacramento,1,10/10/2025 8:50:29 AM,15037.278005303
OLIVEHURST,12kV,No,2750,147,38,116,7,7740,350,8090,12,1489,152901103,OLIVEHURST 1103,Sacramento,1,6/2/2025 1:21:05 AM,139313.931189057
HALSEY,12kV,No,2228,135,21,2,7,5670,370,6040,12,1490,152241101,HALSEY 1101,Sierra,1,6/2/2025 1:21:05 AM,173967.711796466
KEARNEY,12kV,Yes,115,34,9,128,2,12090,160,12250,12,1491,252701106,KEARNEY 1106,Fresno,1,6/2/2025 1:21:05 AM,80734.1731389956
LAMMERS,12kV,No,2851,83,8,4,4,7680,380,8060,12,1492,162771103,LAMMERS 1103,Stockton,1,6/2/2025 1:21:05 AM,82789.800581596
JOLON,12kV,No,435,94,12,64,1,1000,90,1090,12,1493,182981102,JOLON 1102,Central Coast,1,11/11/2025 12:30:22 PM,217416.111996819
SAN LEANDRO U,12kV,No,3592,265,96,0,17,2760,2460,5220,12,1494,013111109,SAN LEANDRO U 1109,Mission,1,6/2/2025 1:21:05 AM,65804.3529614247
MILPITAS,12kV,Yes,4855,99,16,0,8,5550,190,5740,12,1495,082832110,MILPITAS 2110,San jose,1,6/2/2025 1:21:05 AM,72742.3795908161
SF H,4.16kV,No,183,36,4,0,0,100,10,110,4,1496,022100403,SF H 0403,Peninsula,1,6/2/2025 1:21:05 AM,3470.96142295009
STOCKTON A,12kV,No,1788,290,86,0,12,1550,340,1890,12,1497,162371109,STOCKTON A 1109,Stockton,1,6/2/2025 1:21:05 AM,29216.8221765392
STOREY,12kV,No,1556,261,88,130,10,8170,1850,10020,12,1498,254611104,STOREY 1104,Yosemite,1,6/2/2025 1:21:05 AM,173959.040878237
MISSION (X),12kV,Yes,142,0,7,0,1,0,0,0,12,1499,022011101,MISSION (X) 1101,San francisco,1,6/2/2025 1:21:05 AM,11070.3114241237
LLAGAS,21kV,No,4133,478,164,1,16,4350,100,4450,21,1500,083182102,LLAGAS 2102,San jose,1,6/2/2025 1:21:05 AM,62997.2757903475
BARTON,12kV,Yes,771,422,120,0,6,2960,3660,6620,12,1501,253571109,BARTON 1109,Fresno,1,11/11/2025 12:30:24 PM,29261.9488153355
KIRKER,21kV,No,4251,83,39,0,21,9350,590,9940,21,1502,014452105,KIRKER 2105,Diablo,1,11/11/2025 12:30:19 PM,114674.308184456
WILLIAMS,12kV,Yes,1790,280,55,141,20,9750,10540,20290,12,1503,062051102,WILLIAMS 1102,Sacramento,1,6/2/2025 1:21:05 AM,228995.581324353
STOCKDALE,21kV,No,3474,170,112,0,8,8950,230,9180,21,1504,254072108,STOCKDALE 2108,Kern,1,6/2/2025 1:21:05 AM,74504.3178442894
VALLEY VIEW,12kV,No,4399,119,18,0,7,6560,240,6800,12,1505,014341106,VALLEY VIEW 1106,East bay,1,6/2/2025 1:21:05 AM,108636.978419316
SF K,4.16kV,No,1601,31,5,0,4,210,20,230,4,1506,022130402,SF K 0402,San francisco,1,6/2/2025 1:21:05 AM,6972.58498853399
GLENN,12kV,No,1603,178,16,171,2,4980,1260,6240,12,1507,102601101,GLENN 1101,North valley,1,6/2/2025 1:21:05 AM,301369.770227633
WEBER,12kV,Yes,0,33,70,1,2,960,3430,4390,12,1508,163481108,WEBER 1108,Stockton,1,6/2/2025 1:21:05 AM,15401.9914098398
NEWHALL,12kV,Yes,10,17,2,140,0,3760,10840,14600,12,1509,254461111,NEWHALL 1111,Yosemite,1,6/2/2025 1:21:05 AM,109387.23462698
ASHLAN AVE,12kV,No,2050,252,49,0,16,1850,90,1940,12,1510,252051106,ASHLAN AVE 1106,Fresno,1,6/2/2025 1:21:05 AM,41537.3905496769
CAMP EVERS,21kV,No,3147,176,49,5,30,6690,670,7360,21,1511,083622103,CAMP EVERS 2103,Central coast,1,6/2/2025 1:21:05 AM,142893.247518265
LLAGAS,21kV,No,187,199,171,77,8,4780,5890,10670,21,1512,083182106,LLAGAS 2106,San jose,1,6/2/2025 1:21:05 AM,95268.766193517
RED BLUFF,12kV,No,1517,91,14,12,2,3570,15160,18730,12,1513,103541101,RED BLUFF 1101,North valley,1,6/2/2025 1:21:05 AM,162705.490280058
CLARKSVILLE,21kV,Yes,2680,453,359,3,13,22740,1820,24560,21,1514,153612103,CLARKSVILLE 2103,Sierra,1,6/2/2025 1:21:05 AM,206045.087042307
COLUMBUS,12kV,No,1035,39,13,10,4,3890,740,4630,12,1515,253951105,COLUMBUS 1105,Kern,1,6/2/2025 1:21:05 AM,45678.5581623765
GARBERVILLE,12kV,Yes,1381,358,57,53,5,1090,90,1180,12,1516,192221102,GARBERVILLE 1102,Humboldt,1,6/2/2025 1:21:05 AM,310144.653452487
MILPITAS,12kV,No,3468,168,71,1,7,5050,300,5350,12,1517,082831105,MILPITAS 1105,San Jose,1,11/11/2025 12:30:23 PM,81838.1295391325
NORTH DUBLIN,21kV,No,4532,279,90,13,25,11990,1350,13340,21,1518,014052103,NORTH DUBLIN 2103,Mission,1,11/11/2025 12:30:19 PM,145324.429247296
SANTA RITA,12kV,No,206,31,3,174,1,5690,1770,7460,12,1519,253541105,SANTA RITA 1105,Yosemite,1,6/2/2025 1:21:05 AM,123853.110427154
LUCERNE,12kV,No,2982,201,20,6,3,3020,430,3450,12,1520,043351106,LUCERNE 1106,Humboldt,1,6/2/2025 1:21:05 AM,105547.939164909
SANTA ROSA A,12kV,No,5819,265,93,0,36,6460,1980,8440,12,1521,042151102,SANTA ROSA A 1102,Sonoma,1,6/2/2025 1:21:05 AM,79874.5924869171
MISSION (X),4.16kV,No,1254,160,36,0,11,110,0,110,4,1522,022010402,MISSION (X) 0402,San francisco,1,6/2/2025 1:21:05 AM,6041.32541549091
TEMPORARY CARBONA,12kV,Yes,1117,96,89,0,2,3840,120,3960,12,1523,169951102,TEMPORARY CARBONA 1102,Stockton,1,6/2/2025 1:21:05 AM,35983.4805690193
LAMMERS,12kV,No,1699,101,174,13,14,2690,2450,5140,12,1524,162771107,LAMMERS 1107,Stockton,1,6/2/2025 1:21:05 AM,52124.6060188792
HARTLEY,12kV,No,1603,122,13,11,5,3690,14180,17870,12,1525,043211102,HARTLEY 1102,Humboldt,1,6/2/2025 1:21:05 AM,76035.5043292655
VINEYARD,21kV,No,2958,482,166,0,10,4850,960,5810,21,1526,014502106,VINEYARD 2106,Mission,1,6/2/2025 1:21:05 AM,74182.0647402656
AVENAL,21kV,Yes,2742,218,66,37,10,8720,1640,10360,21,1527,255002101,AVENAL 2101,Fresno,1,6/2/2025 1:21:05 AM,149433.942803471
ORICK,12kV,No,178,67,11,3,,47,51,98,12,1528,192261102,ORICK 1102,Humboldt,1,11/11/2025 11:54:16 AM,52583.8758336408
SF E,4.16kV,No,1839,86,27,0,4,210,10,220,4,1529,022070406,SF E 0406,San francisco,1,6/2/2025 1:21:05 AM,3516.21446362991
WEST SACRAMENTO,12kV,Yes,1,153,115,4,13,1410,170,1580,12,1530,063131104,WEST SACRAMENTO 1104,Sacramento,1,6/2/2025 1:21:05 AM,41429.0104512724
MARINA (F),4.16kV,No,355,62,8,0,0,20,0,20,4,1531,022780408,MARINA (F) 0408,San francisco,1,6/2/2025 1:21:05 AM,1776.16112894043
RIO BRAVO,12kV,No,2000,140,60,61,2,5240,780,6020,12,1532,252861102,RIO BRAVO 1102,Kern,1,6/2/2025 1:21:05 AM,89024.8027030477
EL PATIO,12kV,Yes,1985,126,53,0,32,2440,1330,3770,12,1533,082921105,EL PATIO 1105,De anza,1,6/2/2025 1:21:05 AM,30560.2242732042
BRITTON,12kV,No,2038,56,91,0,,1300,2768,4068,12,1534,083611112,BRITTON 1112,De Anza,1,11/11/2025 11:54:12 AM,20630.5382840944
FIREBAUGH,12kV,No,370,66,9,180,0,2240,100,2340,12,1535,253471103,FIREBAUGH 1103,Yosemite,1,11/11/2025 12:30:19 PM,157810.350720052
LINCOLN,12kV,No,2882,325,76,31,8,9160,1200,10360,12,1536,153701101,LINCOLN 1101,Sierra,1,11/11/2025 12:30:21 PM,162645.391464016
MOUNTAIN VIEW,12kV,Yes,911,37,19,0,2,100,20,120,12,1537,082031112,MOUNTAIN VIEW 1112,De anza,1,6/2/2025 1:21:05 AM,9940.83193610064
OAKLAND D,4.16kV,No,844,55,9,0,2,510,20,530,4,1538,012040410,OAKLAND D 0410,East bay,1,6/2/2025 1:21:05 AM,6557.90368773321
CARUTHERS,12kV,No,497,58,12,309,5,6980,1010,7990,12,1539,252371101,CARUTHERS 1101,Fresno,1,6/2/2025 1:21:05 AM,166155.307466906
OAKLAND D,12kV,No,2761,377,146,0,11,1750,180,1930,12,1540,012041106,OAKLAND D 1106,East bay,1,6/2/2025 1:21:05 AM,24240.5825698097
SARATOGA,12kV,No,1315,89,25,3,3,4270,370,4640,12,1541,083371105,SARATOGA 1105,De anza,1,6/2/2025 1:21:05 AM,61389.6745981131
TRIMBLE,12kV,Yes,0,59,75,0,3,0,240,240,12,1542,083801109,TRIMBLE 1109,San jose,1,6/2/2025 1:21:05 AM,8746.37134257312
ROSSMOOR,12kV,No,2211,168,65,0,35,3090,410,3500,12,1543,014161104,ROSSMOOR 1104,Diablo,1,6/2/2025 1:21:05 AM,56549.5522484103
OAKLAND D,4.16kV,No,591,35,11,0,5,180,10,190,4,1544,012040406,OAKLAND D 0406,East bay,1,6/2/2025 1:21:05 AM,7156.57326960328
BRITTON,12kV,No,2246,188,71,0,,929,933,1862,12,1545,083611105,BRITTON 1105,De Anza,1,11/11/2025 11:54:12 AM,23166.0086551615
WESTPARK,12kV,No,173,295,71,0,,1306,1306,2612,12,1546,253701105,WESTPARK 1105,Kern,1,11/11/2025 12:30:18 PM,11428.3471627318
WESTPARK,12kV,No,393,237,64,0,,840,872,1712,12,1547,253701106,WESTPARK 1106,Kern,1,11/11/2025 12:30:18 PM,10821.8965711467
RENFRO,21kV,No,4289,170,43,43,13,22030,880,22910,21,1548,254572101,RENFRO 2101,Kern,1,6/2/2025 1:21:05 AM,154932.871736649
KIRKER,21kV,No,5115,478,139,0,,5675,6954,12629,21,1549,014452103,KIRKER 2103,Diablo,1,11/11/2025 11:54:13 AM,100926.57873326
LEMOORE,12kV,No,2223,88,26,11,9,6500,230,6730,12,1550,253601102,LEMOORE 1102,Fresno,1,6/2/2025 1:21:05 AM,51314.6532757353
KEARNEY,12kV,No,1928,117,8,185,1,4930,220,5150,12,1551,252701110,KEARNEY 1110,Fresno,1,6/2/2025 1:21:05 AM,125414.974184264
GARBERVILLE,12kV,No,313,164,19,0,,30,30,60,12,1552,192221103,GARBERVILLE 1103,Humboldt,1,11/11/2025 11:54:12 AM,7479.92094453714
SONOMA,12kV,No,2734,393,68,1,,3267,3915,7182,12,1553,042721106,SONOMA 1106,Sonoma,1,11/11/2025 11:54:12 AM,45154.3076571779
MIDWAY,12kV,No,36,23,0,152,,2272,2491,4763,12,1554,252611101,MIDWAY 1101,Kern,1,11/11/2025 11:54:13 AM,120635.518022801
TRIMBLE,12kV,No,0,13,40,0,,2448,2664,5112,12,1555,083801111,TRIMBLE 1111,San Jose,1,11/11/2025 11:54:13 AM,10621.8333185048
LINDEN,12kV,No,481,52,8,230,,5610,6076,11686,12,1556,162071104,LINDEN 1104,Stockton,1,11/11/2025 11:54:13 AM,151179.879065483
MT EDEN,12kV,Yes,1198,167,79,0,,2190,2409,4599,12,1557,013761105,MT EDEN 1105,Mission,1,11/11/2025 11:54:14 AM,24194.4076922951
CARNERAS,12kV,Yes,1,8,14,16,0,1910,5290,7200,12,1558,252321103,CARNERAS 1103,Kern,1,6/2/2025 1:21:05 AM,83354.8885517224
SAN RAFAEL,12kV,No,3462,255,47,0,15,3680,1610,5290,12,1559,042011109,SAN RAFAEL 1109,Sonoma,1,6/2/2025 1:21:05 AM,74838.9408130111
LEMOORE,12kV,No,2244,135,25,172,6,5850,810,6660,12,1560,253601101,LEMOORE 1101,Fresno,1,6/2/2025 1:21:05 AM,114865.23083677
MENLO,4.16kV,No,975,45,3,0,4,1660,180,1840,4,1561,024130403,MENLO 0403,Peninsula,1,6/2/2025 1:21:05 AM,18471.8204955928
ASHLAN AVE,12kV,No,3056,169,80,4,15,2470,620,3090,12,1562,252051109,ASHLAN AVE 1109,Fresno,1,6/2/2025 1:21:05 AM,49182.8404449271
OAKLAND J,12kV,Yes,704,256,70,1,,430,555,985,12,1563,012091115,OAKLAND J 1115,East Bay,1,11/11/2025 12:30:20 PM,20202.7795952709
NORTH TOWER,12kV,No,2963,119,19,0,,1637,1719,3356,12,1564,042041103,NORTH TOWER 1103,North Bay,1,11/11/2025 12:30:20 PM,55624.5493921455
PITTSBURG,4.16kV,Yes,2,7,0,0,,0,0,0,4,1565,012160401,PITTSBURG 0401,Diablo,1,11/11/2025 11:54:13 AM,4006.64436227089
BRIDGEVILLE,12kV,No,231,27,4,8,,119,119,238,12,1566,192461102,BRIDGEVILLE 1102,Humboldt,1,11/11/2025 12:30:24 PM,91868.0901320904
EIGHT MILE,21kV,No,3096,74,12,0,4,8480,630,9110,21,1567,163912103,EIGHT MILE 2103,Stockton,1,6/2/2025 1:21:05 AM,65591.1394337025
YOSEMITE,4.16kV,No,827,35,8,0,18,400,10,410,4,1568,022490401,YOSEMITE 0401,San francisco,1,6/2/2025 1:21:05 AM,9694.96520932912
WINDSOR,12kV,No,2477,190,41,6,5,5430,80,5510,12,1569,043501101,WINDSOR 1101,Sonoma,1,6/2/2025 1:21:05 AM,59972.4301798454
CURTIS,17kV,No,1247,444,110,0,59,3840,2340,6180,17,1570,163351701,CURTIS 1701,Yosemite,1,6/2/2025 1:21:05 AM,60691.735142325
CAYETANO,21kV,No,2852,204,60,23,9,9900,400,10300,21,1571,014422109,CAYETANO 2109,Mission,1,6/2/2025 1:21:05 AM,162105.146393774
SAN JOSE B,12kV,Yes,315,32,28,0,3,0,0,0,12,1572,082261104,SAN JOSE B 1104,San jose,1,6/2/2025 1:21:05 AM,10939.5920214277
6TH AVENUE,4.16kV,No,953,56,7,0,11,140,0,140,4,1573,022530402,6TH AVENUE 0402,San francisco,1,6/2/2025 1:21:05 AM,5522.93630055355
SAN JOSE B,12kV,No,3978,298,102,1,27,1560,120,1680,12,1574,082261105,SAN JOSE B 1105,San jose,1,6/2/2025 1:21:05 AM,39350.0105147058
ALPINE,12kV,No,273,32,4,0,0,10,0,10,12,1575,163561102,ALPINE 1102,Stockton,1,6/2/2025 1:21:05 AM,5868.45354932432
PENRYN,12kV,No,2685,151,49,27,5,11260,9590,20850,12,1576,152561107,PENRYN 1107,Sierra,1,6/2/2025 1:21:05 AM,213587.464971408
LAURELES,12kV,No,1360,174,17,51,0,1750,220,1970,12,1577,182371111,LAURELES 1111,Central coast,1,6/2/2025 1:21:05 AM,235818.109847236
DALY CITY,12kV,No,5025,148,54,2,8,2270,400,2670,12,1578,022641112,DALY CITY 1112,Peninsula,1,6/2/2025 1:21:05 AM,44896.7053934173
BRUNSWICK,12kV,No,828,493,142,2,4,1480,240,1720,12,1579,152481102,BRUNSWICK 1102,Sierra,1,6/2/2025 1:21:05 AM,179457.438388004
MILLBRAE,4.16kV,Yes,1201,85,23,0,6,690,980,1670,4,1580,022690403,MILLBRAE 0403,Peninsula,1,6/2/2025 1:21:05 AM,12029.3582722661
DIVIDE,12kV,No,5136,323,108,26,15,7160,1460,8620,12,1581,182571102,DIVIDE 1102,Los padres,1,6/2/2025 1:21:05 AM,145431.145698918
HALF MOON BAY,12kV,No,2110,383,97,67,2,2520,540,3060,12,1582,024101101,HALF MOON BAY 1101,Peninsula,1,6/2/2025 1:21:05 AM,117801.744427478
CALFLAX,12kV,Yes,8,7,0,50,13,2040,130,2170,12,1583,253441107,CALFLAX 1107,Fresno,1,6/2/2025 1:21:05 AM,55777.7362124247
STOREY,12kV,No,2920,164,82,2,20,2470,860,3330,12,1584,254611106,STOREY 1106,Yosemite,1,6/2/2025 1:21:05 AM,51687.2350012063
BELLE HAVEN,12kV,No,958,156,130,0,10,1140,60,1200,12,1585,024021104,BELLE HAVEN 1104,Peninsula,1,6/2/2025 1:21:05 AM,28715.918813585
CAPAY,12kV,Yes,357,87,7,222,3,3980,2660,6640,12,1586,102111102,CAPAY 1102,North valley,1,6/2/2025 1:21:05 AM,159598.387909006
LONE TREE,21kV,No,3427,152,102,1,22,11230,450,11680,21,1587,013232101,LONE TREE 2101,Diablo,1,6/2/2025 1:21:05 AM,105214.949390063
DUMBARTON,12kV,No,3725,293,75,0,10,2960,360,3320,12,1588,014471107,DUMBARTON 1107,Mission,1,6/2/2025 1:21:05 AM,54316.7891409459
NORTH TOWER,12kV,No,4632,158,38,0,32,3520,120,3640,12,1589,042041102,NORTH TOWER 1102,North bay,1,6/2/2025 1:21:05 AM,97284.4946721169
STUART,4.16kV,No,1275,33,4,0,5,490,220,710,4,1590,013840403,STUART 0403,East bay,1,6/2/2025 1:21:05 AM,6792.44787506191
WISHON,12kV,Yes,11,2,0,0,1,0,0,0,12,1591,251511101,WISHON 1101,Yosemite,1,6/2/2025 1:21:05 AM,14500.1005945327
LINCOLN,21kV,No,1610,48,21,0,2,6170,1870,8040,21,1592,153702108,LINCOLN 2108,Sierra,1,6/2/2025 1:21:05 AM,37677.8037333895
LARKIN (Y),12kV,No,975,89,61,0,3,20,0,20,12,1593,022801106,LARKIN (Y) 1106,San francisco,1,6/2/2025 1:21:05 AM,6491.33150519252
MARTELL,12kV,No,1974,298,60,7,5,3580,340,3920,12,1594,163011101,MARTELL 1101,Stockton,1,6/2/2025 1:21:05 AM,195364.415314144
BLACKWELL,12kV,Yes,40,28,11,52,1,13230,0,13230,12,1595,254681102,BLACKWELL 1102,Kern,1,6/2/2025 1:21:05 AM,60821.5965189382
MC CALL,12kV,No,1409,118,36,357,9,7520,6260,13780,12,1596,254121107,MC CALL 1107,Fresno,1,6/2/2025 1:21:05 AM,185354.15557785
TRACY,12kV,No,2391,121,124,0,8,3660,180,3840,12,1597,162881103,TRACY 1103,Stockton,1,6/2/2025 1:21:05 AM,46449.7663487627
HICKS,12kV,No,3382,118,18,0,5,5290,480,5770,12,1598,083431111,HICKS 1111,San jose,1,6/2/2025 1:21:05 AM,51478.6717450797
STAGG,21kV,No,4139,244,94,0,5,6280,240,6520,21,1599,162422105,STAGG 2105,Stockton,1,6/2/2025 1:21:05 AM,78035.3153385052
SAN MATEO,4.16kV,No,1346,52,9,0,2,580,30,610,4,1600,024190408,SAN MATEO 0408,Peninsula,1,10/10/2025 9:34:35 AM,14836.3920418349
LAYTONVILLE,12kV,Yes,781,192,24,11,6,220,0,220,12,1601,042681101,LAYTONVILLE 1101,Humboldt,1,10/10/2025 9:34:37 AM,196932.644283251
SANGER,12kV,Yes,1121,137,55,142,9,9670,1420,11090,12,1602,252351110,SANGER 1110,Fresno,1,6/2/2025 1:21:05 AM,81276.5423164157
SANTA YNEZ,12kV,No,1767,482,92,29,2,2050,100,2150,12,1603,182721102,SANTA YNEZ 1102,Los padres,1,6/2/2025 1:21:05 AM,101713.398387475
SARATOGA,12kV,No,5559,171,43,0,11,5510,920,6430,12,1604,083371114,SARATOGA 1114,De anza,1,6/2/2025 1:21:05 AM,63749.5444612892
TRINIDAD,12kV,No,639,108,23,3,0,700,50,750,12,1605,192231102,TRINIDAD 1102,Humboldt,1,6/2/2025 1:21:05 AM,48070.280039069
ASHLAN AVE,12kV,No,1535,140,73,0,8,2250,30,2280,12,1606,252051104,ASHLAN AVE 1104,Fresno,1,6/2/2025 1:21:05 AM,31852.3005222697
FORT ORD,21kV,No,3228,304,73,0,5,2740,150,2890,21,1607,182402107,FORT ORD 2107,Central coast,1,6/2/2025 1:21:05 AM,74811.7148499602
MT EDEN,12kV,Yes,4503,342,99,0,38,3150,3490,6640,12,1608,013761112,MT EDEN 1112,Mission,1,6/2/2025 1:21:05 AM,56188.4794403691
OAKLAND D,12kV,No,2225,140,92,0,15,1280,90,1370,12,1609,012041116,OAKLAND D 1116,East bay,1,6/2/2025 1:21:05 AM,18984.3771110844
WEIMAR,12kV,No,610,25,6,0,3,1280,90,1370,12,1610,152491102,WEIMAR 1102,Sierra,1,6/2/2025 1:21:05 AM,60869.3828298854
SF E,4.16kV,No,1499,67,8,0,1,460,30,490,4,1611,022070410,SF E 0410,San francisco,1,6/2/2025 1:21:05 AM,8024.66819083736
HAMMER,12kV,No,1898,63,19,0,0,1750,190,1940,12,1612,163301106,HAMMER 1106,Stockton,1,6/2/2025 1:21:05 AM,29530.1117783728
CLAYTON,21kV,No,3383,196,53,0,7,2860,380,3240,21,1613,012022211,CLAYTON 2211,Diablo,1,11/11/2025 12:30:20 PM,56869.2730199502
LAMMERS,12kV,No,1167,32,1,11,1,4560,5230,9790,12,1614,162771104,LAMMERS 1104,Stockton,1,6/2/2025 1:21:05 AM,36377.8750713251
MILLBRAE,12kV,No,276,80,73,0,20,1140,340,1480,12,1615,022691106,MILLBRAE 1106,Peninsula,1,6/2/2025 1:21:05 AM,13913.2107628258
TEMPLETON,21kV,No,589,329,165,68,4,5090,3190,8280,21,1616,183052112,TEMPLETON 2112,Los padres,1,6/2/2025 1:21:05 AM,111304.893308097
PHILO,12kV,No,802,167,20,73,1,840,310,1150,12,1617,042601102,PHILO 1102,Humboldt,1,6/2/2025 1:21:05 AM,226687.869381346
VIEJO,21kV,No,5597,465,144,0,15,3790,1140,4930,21,1618,182852202,VIEJO 2202,Central coast,1,6/2/2025 1:21:05 AM,139892.026190025
SHINGLE SPRINGS,21kV,No,2640,208,59,0,4,10900,8690,19590,21,1619,153652108,SHINGLE SPRINGS 2108,Sierra,1,6/2/2025 1:21:05 AM,87277.0723825051
VIEJO,21kV,No,4029,749,83,0,12,1850,260,2110,21,1620,182852203,VIEJO 2203,Central coast,1,6/2/2025 1:21:05 AM,56855.3299645639
EL PATIO,12kV,No,1410,61,39,0,,153,1137,1290,12,1621,082921114,EL PATIO 1114,De Anza,1,11/11/2025 11:54:15 AM,16569.8104242404
FREMONT,12kV,Yes,1530,145,91,0,,267,537,804,12,1622,014351111,FREMONT 1111,Mission,1,11/11/2025 11:54:15 AM,23147.5381962859
SF G,4.16kV,No,1132,35,4,0,1,90,0,90,4,1623,022090406,SF G 0406,San francisco,1,6/2/2025 1:21:05 AM,5815.45364797232
SMYRNA,12kV,Yes,27,13,0,109,0,2970,610,3580,12,1624,253551105,SMYRNA 1105,Kern,1,6/2/2025 1:21:05 AM,117066.85119589
VASCO,12kV,No,1724,48,31,0,4,1280,90,1370,12,1625,013751101,VASCO 1101,Mission,1,6/2/2025 1:21:05 AM,28498.4503316988
BAY MEADOWS,21kV,Yes,2003,98,37,0,20,1840,100,1940,21,1626,024192101,SAN MATEO 2101,Peninsula,1,6/2/2025 1:21:05 AM,34826.9418256069
ELK CREEK,12kV,No,726,129,11,34,1,640,180,820,12,1627,102781101,ELK CREEK 1101,North valley,1,6/2/2025 1:21:05 AM,370315.801913529
BAY MEADOWS,21kV,Yes,1750,92,45,0,11,1670,400,2070,21,1628,024012104,BAY MEADOWS 2104,Peninsula,1,6/2/2025 1:21:05 AM,22023.8221168025
MONTAGUE,21kV,No,2378,277,156,0,11,3730,2710,6440,21,1629,083892104,MONTAGUE 2104,San jose,1,6/2/2025 1:21:05 AM,42407.2472145129
NAPA,12kV,No,3531,188,39,51,7,2620,290,2910,12,1630,042021102,NAPA 1102,North bay,1,6/2/2025 1:21:05 AM,78580.1700265705
CAROLANDS,4.16kV,Yes,1,2,4,0,1,0,0,0,4,1631,024060402,CAROLANDS 0402,Peninsula,1,6/2/2025 1:21:05 AM,429.312920152118
FIGARDEN,21kV,No,4299,288,63,24,26,12130,350,12480,21,1632,254552110,FIGARDEN 2110,Fresno,1,6/2/2025 1:21:05 AM,115162.779352579
SF L,4.16kV,No,954,102,2,0,14,440,20,460,4,1633,022260405,SF L 0405,San francisco,1,6/2/2025 1:21:05 AM,9655.08289571879
CORNING,12kV,Yes,1321,150,30,198,5,4650,100,4750,12,1634,103331102,CORNING 1102,North Valley,1,11/11/2025 12:30:25 PM,416849.249128034
SHEPHERD,12kV,No,2033,97,58,4,14,7680,300,7980,12,1635,252062112,SHEPHERD 2112,Fresno,1,6/2/2025 1:21:05 AM,59028.3397056011
HIGHLANDS,12kV,No,2079,256,43,47,5,2560,300,2860,12,1636,043361103,HIGHLANDS 1103,Humboldt,1,6/2/2025 1:21:05 AM,260416.496187118
COTTONWOOD,12kV,No,1523,105,11,28,1,2520,550,3070,12,1637,102931101,COTTONWOOD 1101,North valley,1,6/2/2025 1:21:05 AM,220642.578020747
MIWUK,17kV,No,3578,215,23,2,30,2730,260,2990,17,1638,163661702,MIWUK 1702,Yosemite,1,6/2/2025 1:21:05 AM,164082.275403403
EMBARCADERO (Z),12kV,No,419,36,72,0,3,0,0,0,12,1639,022871110,EMBARCADERO (Z) 1110,San francisco,1,6/2/2025 1:21:05 AM,8192.72402302825
SISQUOC,12kV,No,131,36,6,113,0,1100,20,1120,12,1640,182811104,SISQUOC 1104,Los padres,1,6/2/2025 1:21:05 AM,77540.3658421793
BELLEVUE,12kV,No,1686,577,150,82,26,3460,4650,8110,12,1641,043181102,BELLEVUE 1102,Sonoma,1,10/10/2025 9:34:38 AM,148175.10350396
GRANT,12kV,Yes,965,244,70,0,2,1570,300,1870,12,1642,014381107,GRANT 1107,Mission,1,6/2/2025 1:21:05 AM,24618.8885500055
SF H,12kV,Yes,940,77,24,0,16,280,10,290,12,1643,022101101,SF H 1101,Peninsula,1,6/2/2025 1:21:05 AM,16649.4437842092
HIGHWAY,12kV,No,3837,126,29,0,1,3880,340,4220,12,1644,042651104,HIGHWAY 1104,North bay,1,6/2/2025 1:21:05 AM,68963.7709862147
CHARCA,12kV,Yes,6,9,2,90,0,900,12890,13790,12,1645,254501103,CHARCA 1103,Kern,1,6/2/2025 1:21:05 AM,73730.4391156277
MANTECA,17kV,No,4563,130,37,2,16,10300,490,10790,17,1646,162611701,MANTECA 1701,Stockton,1,6/2/2025 1:21:05 AM,101068.55064302
WISE,12kV,Yes,807,144,22,1,9,3060,210,3270,12,1647,152271101,WISE 1101,Sierra,1,6/2/2025 1:21:05 AM,48387.6258766745
TEVIS,21kV,No,3850,138,33,34,12,16900,1570,18470,21,1648,255322104,TEVIS 2104,Kern,1,6/2/2025 1:21:05 AM,149287.751036992
DIAMOND SPRINGS,12kV,No,2229,275,48,2,1,5360,13450,18810,12,1649,152261105,DIAMOND SPRINGS 1105,Sierra,1,6/2/2025 1:21:05 AM,287038.57107514
CLOVIS,12kV,No,2430,65,4,3,9,9870,260,10130,12,1650,254081104,CLOVIS 1104,Fresno,1,6/2/2025 1:21:05 AM,63134.2137366374
CORCORAN,12kV,Yes,228,51,4,131,1,5440,3060,8500,12,1651,252171116,CORCORAN 1116,Fresno,1,6/2/2025 1:21:05 AM,116203.045893601
KERN OIL,12kV,Yes,1842,79,31,1,4,2190,180,2370,12,1652,252721103,KERN OIL 1103,Kern,1,6/2/2025 1:21:05 AM,29166.1002995055
OAKLAND D,4.16kV,Yes,169,8,0,0,0,160,0,160,4,1653,012040407,OAKLAND D 0407,East bay,1,6/2/2025 1:21:05 AM,5394.04282843016
COLONY,12kV,No,293,27,2,65,0,940,80,1020,12,1654,162231101,COLONY 1101,Stockton,1,6/2/2025 1:21:05 AM,39263.2946329584
LOS GATOS,12kV,No,2035,216,50,4,2,4560,580,5140,12,1655,082021107,LOS GATOS 1107,De anza,1,6/2/2025 1:21:05 AM,208702.103444226
KERMAN,12kV,No,232,29,2,172,0,2890,410,3300,12,1656,252711104,KERMAN 1104,Fresno,1,6/2/2025 1:21:05 AM,133387.645774248
VASONA,12kV,Yes,1831,178,64,0,2,2340,270,2610,12,1657,083771108,VASONA 1108,De anza,1,6/2/2025 1:21:05 AM,30526.2608539752
AIRWAYS,12kV,No,2453,78,4,1,3,11960,470,12430,12,1658,252041101,AIRWAYS 1101,Fresno,1,6/2/2025 1:21:05 AM,62723.0767185186
OROSI,12kV,No,1425,97,24,319,3,1700,100,1800,12,1659,252841101,OROSI 1101,Fresno,1,6/2/2025 1:21:05 AM,109102.384786334
OAKLAND D,12kV,No,2931,150,73,0,7,1020,190,1210,12,1660,012041115,OAKLAND D 1115,East bay,1,6/2/2025 1:21:05 AM,18877.217488388
CHANNEL,12kV,No,1731,88,18,0,5,890,100,990,12,1661,163071102,CHANNEL 1102,Stockton,1,6/2/2025 1:21:05 AM,23233.5188005817
LARKIN (Y),12kV,No,0,13,14,0,0,0,0,0,12,1662,022801112,LARKIN (Y) 1112,San francisco,1,6/2/2025 1:21:05 AM,4814.9661645812
MT EDEN,12kV,Yes,1038,381,161,0,15,3150,2500,5650,12,1663,013761111,MT EDEN 1111,Mission,1,6/2/2025 1:21:05 AM,51945.257029624
SHADY GLEN,12kV,No,1454,254,67,0,5,2220,490,2710,12,1664,152431101,SHADY GLEN 1101,Sierra,1,6/2/2025 1:21:05 AM,95038.4127450047
SHAFTER,12kV,Yes,61,35,10,116,6,9050,13480,22530,12,1665,253651103,SHAFTER 1103,Kern,1,6/2/2025 1:21:05 AM,80246.8770729272
GONZALES,12kV,Yes,14,30,10,3,1,90,0,90,12,1666,182131102,GONZALES 1102,Central coast,1,6/2/2025 1:21:05 AM,2914.73043109562
CASSERLY,4.16kV,Yes,207,7,1,1,0,200,10,210,4,1667,083110401,CASSERLY 0401,Central coast,1,6/2/2025 1:21:05 AM,6227.3866272065
MOUNTAIN VIEW,12kV,No,4780,168,56,0,10,2450,1210,3660,12,1668,082031102,MOUNTAIN VIEW 1102,De anza,1,6/2/2025 1:21:05 AM,44779.5414976867
LIVE OAK,12kV,No,1370,128,26,136,4,4180,360,4540,12,1669,153771101,LIVE OAK 1101,Sacramento,1,6/2/2025 1:21:05 AM,108874.686477372
DINUBA,12kV,No,1045,85,23,435,6,9230,3510,12740,12,1670,254091104,DINUBA 1104,Fresno,1,6/2/2025 1:21:05 AM,158831.065876052
CLOVERDALE,12kV,No,2340,271,45,14,8,2390,1180,3570,12,1671,042821101,CLOVERDALE 1101,Sonoma,1,6/2/2025 1:21:05 AM,96731.4745321984
EAST GRAND,12kV,Yes,0,11,24,0,2,250,1080,1330,12,1672,022571112,EAST GRAND 1112,Peninsula,1,6/2/2025 1:21:05 AM,6131.67283748473
WEBER,12kV,Yes,1589,97,46,6,12,2110,150,2260,12,1673,163481114,WEBER 1114,Stockton,1,6/2/2025 1:21:05 AM,84146.9749509456
FIGARDEN,21kV,No,2259,194,50,1,5,7610,320,7930,21,1674,254552103,FIGARDEN 2103,Fresno,1,6/2/2025 1:21:05 AM,73321.4665150653
GUALALA,12kV,No,1047,226,25,4,2,790,120,910,12,1675,042841112,GUALALA 1112,Humboldt,1,6/2/2025 1:21:05 AM,111115.984949197
OCEANO,12kV,No,2321,253,46,91,7,5710,300,6010,12,1676,182601102,OCEANO 1102,Los padres,1,6/2/2025 1:21:05 AM,143780.922302046
POTRERO PP (A),12kV,No,1005,108,91,1,13,490,210,700,12,1677,022031112,POTRERO PP (A) 1112,San francisco,1,6/2/2025 1:21:05 AM,14406.8115978252
VIRGINIA,4.16kV,No,785,83,13,0,4,180,20,200,4,1678,013780401,VIRGINIA 0401,East bay,1,6/2/2025 1:21:05 AM,8760.55257336726
LLAGAS,21kV,Yes,169,63,19,68,2,2170,0,2170,21,1679,083182104,LLAGAS 2104,San jose,1,6/2/2025 1:21:05 AM,66350.765737794
OAKLAND C,12kV,No,2023,150,65,0,26,340,90,430,12,1680,012011116,OAKLAND C 1116,East bay,1,6/2/2025 1:21:05 AM,14121.3808010103
PUEBLO,12kV,No,1844,139,33,119,4,4600,670,5270,12,1681,043291105,PUEBLO 1105,North bay,1,6/2/2025 1:21:05 AM,160886.350248971
FIGARDEN,21kV,No,2520,67,21,0,5,5630,480,6110,21,1682,254552104,FIGARDEN 2104,Fresno,1,6/2/2025 1:21:05 AM,53349.380038608
EL PATIO,12kV,No,1853,291,95,0,14,980,80,1060,12,1683,082921117,EL PATIO 1117,De anza,1,6/2/2025 1:21:05 AM,21605.7965644089
GUERNSEY,12kV,Yes,59,13,4,103,2,9130,3340,12470,12,1684,252661101,GUERNSEY 1101,Fresno,1,6/2/2025 1:21:05 AM,94823.3841263161
LOS GATOS,12kV,No,2024,130,62,1,11,5070,1910,6980,12,1685,082021101,LOS GATOS 1101,De anza,1,6/2/2025 1:21:05 AM,53961.9704765283
LARKIN (Y),12kV,No,3619,376,89,0,7,1120,60,1180,12,1686,022801107,LARKIN (Y) 1107,San francisco,1,6/2/2025 1:21:05 AM,26900.5345282701
WESTPARK,12kV,No,736,297,160,3,,2600,3392,5992,12,1687,253701109,WESTPARK 1109,Kern,1,11/11/2025 11:54:12 AM,35754.866966686
DUMBARTON,12kV,No,2974,275,143,0,,3516,5055,8571,12,1688,014471109,DUMBARTON 1109,Mission,1,11/11/2025 11:54:15 AM,59926.7110959001
BOGUE,12kV,No,898,97,25,121,1,5530,1850,7380,12,1689,153781108,BOGUE 1108,Sacramento,1,11/11/2025 12:30:21 PM,82716.9056987357
STOCKDALE,12kV,No,1991,113,40,0,9,2870,50,2920,12,1690,254071106,STOCKDALE 1106,Kern,1,6/2/2025 1:21:05 AM,31993.6288720038
MANCHESTER,12kV,No,1833,128,54,0,10,2420,240,2660,12,1691,253921101,MANCHESTER 1101,Fresno,1,6/2/2025 1:21:05 AM,32348.9458772036
MARYSVILLE,12kV,No,899,424,97,0,8,860,390,1250,12,1692,152011107,MARYSVILLE 1107,Sacramento,1,6/2/2025 1:21:05 AM,29819.6194433841
HIGGINS,12kV,No,3025,65,5,3,0,4980,12760,17740,12,1693,152691104,HIGGINS 1104,Sierra,1,6/2/2025 1:21:05 AM,185533.439919568
STOCKDALE,21kV,No,3883,118,90,1,22,15540,780,16320,21,1694,254072109,STOCKDALE 2109,Kern,1,6/2/2025 1:21:05 AM,89795.2366003741
HIGHWAY,12kV,No,1142,150,74,0,8,1170,50,1220,12,1695,042651103,HIGHWAY 1103,North bay,1,6/2/2025 1:21:05 AM,27928.394987955
ASHLAN AVE,21kV,No,2091,161,44,0,3,5670,170,5840,21,1696,252052105,ASHLAN AVE 2105,Fresno,1,6/2/2025 1:21:05 AM,56865.5528589698
JANES CREEK,12kV,Yes,2134,141,29,11,4,1630,190,1820,12,1697,192391101,JANES CREEK 1101,Humboldt,1,11/11/2025 12:30:22 PM,79210.3952461166
MENLO,12kV,No,1632,101,58,0,3,1380,270,1650,12,1698,024131101,MENLO 1101,Peninsula,1,11/11/2025 12:30:23 PM,29194.196684497
SAN BRUNO,4.16kV,No,815,109,10,0,,134,159,293,4,1699,022700402,SAN BRUNO 0402,Peninsula,1,11/11/2025 11:54:13 AM,8434.99660089316
MORAGA,12kV,No,2266,157,30,0,18,5240,360,5600,12,1700,013801101,MORAGA 1101,Diablo,1,11/11/2025 12:30:24 PM,98736.0041230942
STAGG,12kV,Yes,317,106,72,0,4,1130,50,1180,12,1701,162421106,STAGG 1106,Stockton,1,6/2/2025 1:21:05 AM,17119.8333278211
OCEANO,12kV,No,2999,410,128,0,10,2150,1100,3250,12,1702,182601108,OCEANO 1108,Los padres,1,6/2/2025 1:21:05 AM,43956.5728237892
FORT ROSS,12kV,No,509,109,13,17,0,540,50,590,12,1703,042851121,FORT ROSS 1121,Sonoma,1,6/2/2025 1:21:05 AM,201259.166961052
FLORENCE,4.16kV,No,479,19,1,0,3,840,20,860,4,1704,012690401,FLORENCE 0401,East bay,1,6/2/2025 1:21:05 AM,9604.23690282248
CALPELLA,12kV,Yes,532,25,9,5,0,490,8040,8530,12,1705,043411102,CALPELLA 1102,Humboldt,1,6/2/2025 1:21:05 AM,21682.8990836625
NEWMAN,12kV,No,829,63,2,122,1,1350,1180,2530,12,1706,162741101,NEWMAN 1101,Yosemite,1,6/2/2025 1:21:05 AM,91627.4189206404
MERCED FALLS,12kV,No,1509,192,37,114,5,5400,630,6030,12,1707,252811102,MERCED FALLS 1102,Yosemite,1,6/2/2025 1:21:05 AM,315725.576648194
LAMONT,12kV,No,758,186,105,81,13,1820,930,2750,12,1708,253911107,LAMONT 1107,Kern,1,6/2/2025 1:21:05 AM,100090.052556149
PALO SECO,4.16kV,No,605,12,3,0,3,1050,80,1130,4,1709,013180401,PALO SECO 0401,East bay,1,6/2/2025 1:21:05 AM,15222.1796347334
OAKLAND K,12kV,No,2220,119,19,0,3,3730,290,4020,12,1710,012101104,OAKLAND K 1104,East bay,1,6/2/2025 1:21:05 AM,45496.6591663723
ASHLAN AVE,12kV,No,2088,97,28,13,8,7700,740,8440,12,1711,252051113,ASHLAN AVE 1113,Fresno,1,6/2/2025 1:21:05 AM,64767.5605588273
HURON,12kV,No,1407,142,59,16,5,1700,130,1830,12,1712,253161112,HURON 1112,Fresno,1,6/2/2025 1:21:05 AM,41779.903111037
EDENVALE,21kV,No,5430,174,53,0,20,7570,290,7860,21,1713,082952109,EDENVALE 2109,San jose,1,6/2/2025 1:21:05 AM,83008.4945436867
DEEPWATER,12kV,No,722,27,61,0,1,1830,2990,4820,12,1714,063621108,DEEPWATER 1108,Sacramento,1,6/2/2025 1:21:05 AM,27263.5176907185
MARTELL,12kV,No,1008,212,35,1,1,1060,130,1190,12,1715,163011102,MARTELL 1102,Stockton,1,6/2/2025 1:21:05 AM,34594.7283770312
POINT ARENA,12kV,No,714,165,16,24,2,340,280,620,12,1716,043381101,POINT ARENA 1101,Humboldt,1,6/2/2025 1:21:05 AM,163424.887394799
PANOCHE,12kV,Yes,118,89,32,84,19,2980,900,3880,12,1717,253671103,PANOCHE 1103,Yosemite,1,6/2/2025 1:21:05 AM,257462.209607233
ARVIN,12kV,No,330,17,7,63,,1251,6451,7702,12,1718,253801101,ARVIN 1101,Kern,1,11/11/2025 12:30:21 PM,60459.5866615598
DEL MAR,21kV,No,3193,174,66,0,8,7910,360,8270,21,1719,152582105,DEL MAR 2105,Sierra,1,6/2/2025 1:21:05 AM,66044.2528913744
OAKLAND L,12kV,Yes,600,17,22,0,1,40,50,90,12,1720,012111104,OAKLAND L 1104,East Bay,1,11/11/2025 12:30:20 PM,3054.89277885947
SANTA NELLA,12kV,Yes,0,8,15,0,0,490,940,1430,12,1721,254051101,SANTA NELLA 1101,Yosemite,1,11/11/2025 12:30:24 PM,4632.01019900824
EAST GRAND,12kV,No,4835,220,61,3,7,1560,100,1660,12,1722,022571104,EAST GRAND 1104,Peninsula,1,6/2/2025 1:21:05 AM,54757.3743706537
CORNING,12kV,No,2514,295,41,256,10,7100,6820,13920,12,1723,103331104,CORNING 1104,North valley,1,6/2/2025 1:21:05 AM,250713.171976566
WEST SACRAMENTO,12kV,No,2393,130,58,0,18,2130,50,2180,12,1724,063131110,WEST SACRAMENTO 1110,Sacramento,1,6/2/2025 1:21:05 AM,34417.5270839472
EAST GRAND,12kV,Yes,1,42,62,1,3,2040,80,2120,12,1725,022571102,EAST GRAND 1102,Peninsula,1,6/2/2025 1:21:05 AM,8615.95897943633
TRIMBLE,21kV,Yes,0,19,37,0,0,1350,0,1350,21,1726,083802114,TRIMBLE 2114,San jose,1,6/2/2025 1:21:05 AM,10313.9085041828
RUSSELL,4.16kV,No,1617,105,13,0,7,510,30,540,4,1727,013310401,RUSSELL 0401,East bay,1,6/2/2025 1:21:05 AM,7385.83310459143
STOCKTON ACRES,4.16kV,No,311,16,2,0,0,340,0,340,4,1728,163220401,STOCKTON ACRES 0401,Stockton,1,6/2/2025 1:21:05 AM,4885.20258928279
PETALUMA A,4.16kV,No,447,122,24,0,1,210,10,220,4,1729,042120413,PETALUMA A 0413,Sonoma,1,11/11/2025 12:30:24 PM,6237.58364935967
VACAVILLE,12kV,No,156,115,86,0,,1928,1933,3861,12,1730,063601102,VACAVILLE 1102,North Bay,1,11/11/2025 12:30:19 PM,22390.609359528
SF K,4.16kV,No,1603,37,7,0,1,320,40,360,4,1731,022130409,SF K 0409,San francisco,1,6/2/2025 1:21:05 AM,7111.61809260896
DALY CITY,12kV,No,3944,177,41,0,12,1610,590,2200,12,1732,022641104,DALY CITY 1104,Peninsula,1,6/2/2025 1:21:05 AM,41961.3447575113
WOODSIDE,12kV,No,654,46,26,0,8,1590,830,2420,12,1733,024251105,WOODSIDE 1105,Peninsula,1,6/2/2025 1:21:05 AM,31475.8810163592
ROSSMOOR,12kV,No,2163,179,47,0,8,2810,210,3020,12,1734,014161106,ROSSMOOR 1106,Diablo,1,6/2/2025 1:21:05 AM,41023.5882669336
GRANT,12kV,No,5006,239,82,0,31,2380,330,2710,12,1735,014381104,GRANT 1104,Mission,1,6/2/2025 1:21:05 AM,68639.1235139487
WESTPARK,12kV,Yes,9,233,153,1,7,190,370,560,12,1736,253701107,WESTPARK 1107,Kern,1,6/2/2025 1:21:05 AM,19818.2342105108
SYCAMORE CREEK,12kV,No,2293,78,16,2,2,7600,280,7880,12,1737,102971109,SYCAMORE CREEK 1109,North valley,1,6/2/2025 1:21:05 AM,76000.8715015003
SANGER,12kV,No,1091,103,17,217,4,5020,1540,6560,12,1738,252351114,SANGER 1114,Fresno,1,6/2/2025 1:21:05 AM,145496.284180183
SANTA ROSA A,12kV,No,3129,301,91,0,23,2520,180,2700,12,1739,042151107,SANTA ROSA A 1107,Sonoma,1,6/2/2025 1:21:05 AM,51187.0903008216
WOODWARD,21kV,Yes,1848,191,55,64,7,16870,3310,20180,21,1740,255292108,WOODWARD 2108,Fresno,1,6/2/2025 1:21:05 AM,282384.348289656
SAN CARLOS,12kV,Yes,3343,312,172,0,28,3480,1400,4880,12,1741,024181103,SAN CARLOS 1103,Peninsula,1,6/2/2025 1:21:05 AM,47869.3250336019
SPENCE,12kV,Yes,45,20,5,97,,17,17,34,12,1742,182201103,SPENCE 1103,Central Coast,1,11/11/2025 11:54:16 AM,33392.4394670726
BARTON,12kV,No,833,28,6,0,,707,887,1594,12,1743,253571106,BARTON 1106,Fresno,1,11/11/2025 11:54:16 AM,14830.193875215
VACAVILLE,12kV,No,1455,131,58,0,7,2610,70,2680,12,1744,063601110,VACAVILLE 1110,North Bay,1,11/11/2025 12:30:19 PM,33721.7358598522
ARBUCKLE,12kV,No,474,79,12,148,,9690,15603,25293,12,1745,062081101,ARBUCKLE 1101,Sacramento,1,11/11/2025 12:30:19 PM,133873.595080916
HARDING,4.16kV,No,565,78,25,0,2,320,20,340,4,1746,163310405,HARDING 0405,Stockton,1,6/2/2025 1:21:05 AM,6225.12759821952
FIREBAUGH,12kV,No,1631,218,63,138,17,4470,420,4890,12,1747,253471102,FIREBAUGH 1102,Yosemite,1,6/2/2025 1:21:05 AM,123047.995957887
OAKLAND C,12kV,No,3003,445,187,0,37,910,1260,2170,12,1748,012011133,OAKLAND C 1133,East Bay,1,10/10/2025 9:34:38 AM,20191.7561865448
DEEPWATER,12kV,No,2261,71,38,3,2,5510,270,5780,12,1749,063621109,DEEPWATER 1109,Sacramento,1,6/2/2025 1:21:05 AM,49537.7892372549
SNEATH LANE,12kV,Yes,3907,113,64,0,27,1330,120,1450,12,1750,022721106,SNEATH LANE 1106,Peninsula,1,6/2/2025 1:21:05 AM,45418.4511498027
WEBER,12kV,Yes,202,16,24,0,2,890,290,1180,12,1751,163481101,WEBER 1101,Stockton,1,6/2/2025 1:21:05 AM,12878.2073822639
JARVIS,12kV,Yes,265,49,53,0,2,1640,1970,3610,12,1752,013501106,JARVIS 1106,Mission,1,6/2/2025 1:21:05 AM,13487.8232994921
POINT MORETTI,12kV,Yes,680,105,19,13,2,1170,160,1330,12,1753,082931101,POINT MORETTI 1101,Central coast,1,6/2/2025 1:21:05 AM,122649.584327294
FULTON,12kV,No,1807,351,136,107,16,7410,850,8260,12,1754,042561102,FULTON 1102,Sonoma,1,6/2/2025 1:21:05 AM,220789.427413577
KESWICK,12kV,Yes,448,86,18,1,0,930,30,960,12,1755,103451101,KESWICK 1101,North Valley,1,10/10/2025 9:34:37 AM,133264.882665582
MERCED,12kV,Yes,149,25,11,199,,8565,16119,24684,12,1756,252801114,MERCED 1114,Yosemite,1,11/11/2025 11:54:16 AM,120970.030826089
OAKLAND D,12kV,Yes,2922,294,59,0,18,2060,360,2420,12,1757,012041112,OAKLAND D 1112,East bay,1,6/2/2025 1:21:05 AM,25180.8049553258
PLUMAS,21kV,No,1957,85,20,106,3,8930,1500,10430,21,1758,153732107,PLUMAS 2107,Sacramento,1,6/2/2025 1:21:05 AM,126181.605978613
FAIRHAVEN,12kV,No,460,130,12,1,0,1020,680,1700,12,1759,192451103,FAIRHAVEN 1103,Humboldt,1,6/2/2025 1:21:05 AM,21547.6297124781
HUNTERS POINT (P),12kV,No,4017,169,47,1,20,1230,90,1320,12,1760,022331108,HUNTERS POINT (P) 1108,San francisco,1,6/2/2025 1:21:05 AM,28077.097481833
GREEN VALLEY,21kV,No,2433,252,46,402,7,4660,500,5160,21,1761,083192101,GREEN VALLEY 2101,Central coast,1,6/2/2025 1:21:05 AM,337085.589829001
RINCON,12kV,No,1896,74,19,18,6,5210,970,6180,12,1762,043321103,RINCON 1103,Sonoma,1,6/2/2025 1:21:05 AM,126459.722510461
OTTER,12kV,No,539,47,2,0,2,670,50,720,12,1763,182941101,OTTER 1101,Central coast,1,6/2/2025 1:21:05 AM,61310.6316920128
ALHAMBRA,12kV,No,2905,179,51,0,8,2450,130,2580,12,1764,014101102,ALHAMBRA 1102,Diablo,1,6/2/2025 1:21:05 AM,41530.1895762182
OAKLAND J,4.16kV,No,976,44,5,0,,218,229,447,4,1765,012090408,OAKLAND J 0408,East Bay,1,11/11/2025 12:30:20 PM,10250.7105224887
DEL MONTE,12kV,No,3294,127,24,0,10,2670,120,2790,12,1766,182222101,DEL MONTE 2101,Central coast,1,6/2/2025 1:21:05 AM,53995.2328488664
ARLINGTON,4.16kV,No,669,12,1,0,2,830,70,900,4,1767,013700401,ARLINGTON 0401,East bay,1,6/2/2025 1:21:05 AM,8612.59724522137
LAKEWOOD,21kV,No,2362,149,98,0,,3383,3518,6901,21,1768,013532112,LAKEWOOD 2112,Diablo,1,11/11/2025 12:30:18 PM,52964.0045065725
SONOMA,12kV,No,1810,378,65,23,4,4290,420,4710,12,1769,042721103,SONOMA 1103,Sonoma,1,6/2/2025 1:21:05 AM,75657.466143852
SF N,4.16kV,No,808,16,3,0,6,450,30,480,4,1770,022280403,SF N 0403,San francisco,1,6/2/2025 1:21:05 AM,8517.43773821965
ALMADEN,12kV,No,3177,161,101,0,12,3610,90,3700,12,1771,083431108,HICKS 1108,San jose,1,6/2/2025 1:21:05 AM,39348.2835358803
MARICOPA,12kV,Yes,29,32,39,8,1,1960,5000,6960,12,1772,254211101,MARICOPA 1101,Kern,1,11/11/2025 12:30:24 PM,74362.722438572
EVERGREEN,21kV,No,5304,389,168,0,18,4930,160,5090,21,1773,082012102,EVERGREEN 2102,San jose,1,6/2/2025 1:21:05 AM,67012.788896424
SPRING GAP,17kV,No,1347,110,21,0,18,170,0,170,17,1774,162831702,SPRING GAP 1702,Yosemite,1,6/2/2025 1:21:05 AM,94711.778924668
MT EDEN,12kV,No,5281,148,23,0,15,3710,340,4050,12,1775,013761109,MT EDEN 1109,Mission,1,6/2/2025 1:21:05 AM,53754.1165448801
SAN JOSE A,12kV,Yes,0,7,13,0,3,390,0,390,12,1776,082251113,SAN JOSE A 1113,San jose,1,6/2/2025 1:21:05 AM,3322.19854000716
WESTLAKE,4.16kV,Yes,763,12,0,0,2,90,20,110,4,1777,022600401,WESTLAKE 0401,Peninsula,1,6/2/2025 1:21:05 AM,3899.19622082822
PLEASANT GROVE,21kV,No,3325,322,321,0,18,8820,720,9540,21,1778,152442104,PLEASANT GROVE 2104,Sierra,1,6/2/2025 1:21:05 AM,100544.986317335
OAKLAND D,12kV,Yes,1796,195,65,0,8,11150,6070,17220,12,1779,012041130,OAKLAND D 1130,East bay,1,6/2/2025 1:21:05 AM,17540.9102872818
CORRAL,12kV,No,2054,63,3,10,4,5700,490,6190,12,1780,162991103,CORRAL 1103,Stockton,1,6/2/2025 1:21:05 AM,166135.856520322
MORMON,12kV,Yes,1764,107,26,49,8,4630,5120,9750,12,1781,163211103,MORMON 1103,Stockton,1,6/2/2025 1:21:05 AM,59325.3820671715
KINGSBURG,12kV,No,1772,289,79,21,8,4890,910,5800,12,1782,252241102,KINGSBURG 1102,Fresno,1,6/2/2025 1:21:05 AM,48203.6749184466
OAKLAND X,4.16kV,No,181,2,0,0,,410,455,865,4,1783,012540402,OAKLAND X 0402,East Bay,1,11/11/2025 12:30:19 PM,5683.03922603628
EDENVALE,21kV,No,5533,233,87,63,34,8240,1230,9470,21,1784,082952105,EDENVALE 2105,San Jose,1,11/11/2025 12:30:19 PM,144401.302603169
DALY CITY,12kV,No,4793,265,53,0,63,840,1900,2740,12,1785,022641106,DALY CITY 1106,Peninsula,1,6/2/2025 1:21:05 AM,46761.1483067196
CLARKSVILLE,21kV,No,2939,91,12,2,3,12320,990,13310,21,1786,153612109,CLARKSVILLE 2109,Sierra,1,6/2/2025 1:21:05 AM,114590.728119504
MESA,12kV,Yes,1001,56,26,111,4,3640,470,4110,12,1787,182821104,MESA 1104,Los padres,1,6/2/2025 1:21:05 AM,82060.8399115279
TRIMBLE,12kV,Yes,1,399,178,1,6,580,650,1230,12,1788,083801103,TRIMBLE 1103,San jose,1,6/2/2025 1:21:05 AM,23241.5893519806
WAHTOKE,12kV,No,1477,122,47,18,1,5360,1740,7100,12,1789,254531109,WAHTOKE 1109,Fresno,1,6/2/2025 1:21:05 AM,41315.7684779318
SUISUN,12kV,No,2188,202,114,0,8,3550,130,3680,12,1790,062131103,SUISUN 1103,North bay,1,6/2/2025 1:21:05 AM,46867.4350285555
SAN JOSE B,12kV,Yes,21,53,33,0,5,1000,0,1000,12,1791,082261101,SAN JOSE B 1101,San jose,1,6/2/2025 1:21:05 AM,6694.60151670316
LOS ALTOS,12kV,No,1520,239,62,0,6,4430,300,4730,12,1792,082241104,LOS ALTOS 1104,De anza,1,6/2/2025 1:21:05 AM,31511.205430957
NAPA,12kV,No,2932,339,87,3,13,2340,330,2670,12,1793,042021110,NAPA 1110,North bay,1,6/2/2025 1:21:05 AM,50594.347545837
GUSTINE,12kV,No,1536,328,49,371,3,4970,15110,20080,12,1794,163111102,GUSTINE 1102,Yosemite,1,6/2/2025 1:21:05 AM,289794.00112111
WEBER,12kV,Yes,1317,126,59,9,31,2070,1210,3280,12,1795,163481111,WEBER 1111,Stockton,1,6/2/2025 1:21:05 AM,55784.5698257415
WEST FRESNO,12kV,No,2911,328,62,1,28,2300,1650,3950,12,1796,253731109,WEST FRESNO 1109,Fresno,1,6/2/2025 1:21:05 AM,46387.7973610198
STONE,12kV,No,3084,384,135,0,12,2680,210,2890,12,1797,083701110,STONE 1110,San jose,1,6/2/2025 1:21:05 AM,40068.2122984258
TASSAJARA,21kV,No,5938,151,19,0,13,6850,470,7320,21,1798,014662113,TASSAJARA 2113,Diablo,1,6/2/2025 1:21:05 AM,136246.513454337
WHISMAN,12kV,No,1237,552,125,0,,925,1543,2468,12,1799,083631106,WHISMAN 1106,De Anza,1,11/11/2025 12:30:19 PM,24697.7563452047
SAN ARDO,12kV,No,379,121,14,139,,348,359,707,12,1800,182191102,SAN ARDO 1102,Central Coast,1,11/11/2025 12:30:19 PM,252172.773918189
WHISMAN,12kV,Yes,97,19,35,0,3,1800,640,2440,12,1801,083631104,WHISMAN 1104,De Anza,1,11/11/2025 12:30:19 PM,14073.2377245712
NEWBURG,12kV,No,2315,181,71,15,3,2480,100,2580,12,1802,192151131,NEWBURG 1131,Humboldt,1,11/11/2025 12:30:19 PM,81789.7038783193
SEMITROPIC,12kV,Yes,17,11,4,84,2,4270,1280,5550,12,1803,252901104,SEMITROPIC 1104,Kern,1,11/11/2025 12:30:19 PM,55628.860208445
SEMITROPIC,12kV,No,1861,110,40,121,1,8970,1970,10940,12,1804,252901110,SEMITROPIC 1110,Kern,1,11/11/2025 12:30:19 PM,105865.344890868
BAY MEADOWS,12kV,No,1770,247,92,0,22,290,280,570,12,1805,024011107,BAY MEADOWS 1107,Peninsula,1,11/11/2025 12:30:19 PM,20948.1226757531
BAIR,12kV,Yes,0,45,32,0,0,20,0,20,12,1806,024261103,BAIR 1103,Peninsula,1,11/11/2025 12:30:19 PM,13221.1703230719
OAKLAND C,12kV,Yes,978,57,22,2,4,920,140,1060,12,1807,012011121,OAKLAND C 1121,East bay,1,6/2/2025 1:21:05 AM,8568.38459130438
SAN RAMON,21kV,No,5899,152,24,0,18,11200,890,12090,21,1808,014232101,SAN RAMON 2101,Mission,1,6/2/2025 1:21:05 AM,110942.662908892
CALFLAX,12kV,Yes,5,10,1,28,17,120,1000,1120,12,1809,253441102,CALFLAX 1102,Fresno,1,6/2/2025 1:21:05 AM,41128.1639730963
PIT NO 5,12kV,Yes,81,32,1,1,7,2060,0,2060,12,1810,101321101,PIT NO 5 1101,North Valley,1,10/10/2025 9:34:37 AM,75809.4022455912
CAYETANO,21kV,No,1822,177,120,4,11,4300,390,4690,21,1811,014422111,CAYETANO 2111,Mission,1,11/11/2025 12:30:23 PM,72987.0548564042
HORSESHOE,12kV,No,1893,131,39,0,3,9010,420,9430,12,1812,152571106,HORSESHOE 1106,Sierra,1,6/2/2025 1:21:05 AM,91065.1799042287
RICE,12kV,Yes,79,31,10,129,2,1150,890,2040,12,1813,062831101,RICE 1101,Sacramento,1,6/2/2025 1:21:05 AM,113808.263992872
MC KEE,12kV,No,3209,177,71,0,11,3630,300,3930,12,1814,083531111,MC KEE 1111,San jose,1,6/2/2025 1:21:05 AM,69935.2971853527
RESEARCH,21kV,No,2953,279,72,0,32,6200,360,6560,21,1815,014692101,RESEARCH 2101,Diablo,1,6/2/2025 1:21:05 AM,86931.7730780405
KINGSBURG,12kV,No,1842,101,65,35,9,4900,290,5190,12,1816,252241112,KINGSBURG 1112,Fresno,1,6/2/2025 1:21:05 AM,51165.2546195061
CRESSEY,21kV,No,160,35,6,221,15,12820,12160,24980,21,1817,254702104,CRESSEY 2104,Yosemite,1,6/2/2025 1:21:05 AM,181223.825959326
MOUNTAIN VIEW,12kV,Yes,776,56,58,2,11,700,10,710,12,1818,082031103,MOUNTAIN VIEW 1103,De anza,1,6/2/2025 1:21:05 AM,15073.3762639441
BAHIA,12kV,No,3303,194,37,3,,8884,10210,19094,12,1819,043251104,BAHIA 1104,North Bay,1,11/11/2025 12:30:19 PM,110015.450464747
NEWMAN,12kV,Yes,1428,99,29,106,,5522,6144,11666,12,1820,162741106,NEWMAN 1106,Yosemite,1,11/11/2025 12:30:19 PM,113928.105214864
OAKLAND J,4.16kV,No,798,25,2,0,,132,132,264,4,1821,012090409,OAKLAND J 0409,East Bay,1,11/11/2025 12:30:20 PM,9134.08276605993
SF J,12kV,No,36,36,11,0,0,0,0,0,12,1822,022221105,SF J 1105,San francisco,1,6/2/2025 1:21:05 AM,2828.08735073442
VACA DIXON,12kV,Yes,1433,102,24,0,6,8540,650,9190,12,1823,063591102,VACA DIXON 1102,North bay,1,6/2/2025 1:21:05 AM,34736.2467146379
EMBARCADERO (Z),12kV,No,120,18,29,0,2,1200,0,1200,12,1824,022871111,EMBARCADERO (Z) 1111,San francisco,1,6/2/2025 1:21:05 AM,5151.91305306091
VACAVILLE,12kV,No,2546,108,53,0,6,3700,360,4060,12,1825,063601106,VACAVILLE 1106,North bay,1,6/2/2025 1:21:05 AM,39391.0811285092
LARKIN (Y),12kV,No,5773,268,89,0,16,410,540,950,12,1826,022801119,LARKIN (Y) 1119,San francisco,1,6/2/2025 1:21:05 AM,17163.9748260182
LOCKHEED NO 1,12kV,Yes,5,10,43,0,20,260,0,260,12,1827,082991105,LOCKHEED NO 1 1105,De anza,1,6/2/2025 1:21:05 AM,13491.1180049669
WYANDOTTE,12kV,No,2771,115,18,3,0,6830,4430,11260,12,1828,102911110,WYANDOTTE 1110,North valley,1,6/2/2025 1:21:05 AM,127160.755302838
WATSONVILLE,4.16kV,Yes,47,6,0,0,4,10,0,10,4,1829,083330414,WATSONVILLE 0414,Central coast,1,6/2/2025 1:21:05 AM,2738.35276122012
FOOTHILL,12kV,Yes,243,55,11,65,8,490,190,680,12,1830,182951101,FOOTHILL 1101,Los padres,1,6/2/2025 1:21:05 AM,82421.5964157185
STELLING,12kV,No,3552,237,49,5,5,4980,580,5560,12,1831,083481110,STELLING 1110,De anza,1,6/2/2025 1:21:05 AM,143732.927840829
LAWRENCE,12kV,No,5357,158,70,0,16,1670,380,2050,12,1832,083421112,LAWRENCE 1112,De anza,1,6/2/2025 1:21:05 AM,43934.8099398475
STROUD,12kV,Yes,48,28,7,68,9,2290,530,2820,12,1833,253661102,STROUD 1102,Fresno,1,6/2/2025 1:21:05 AM,71296.8732828862
BRENTWOOD,21kV,No,3278,186,117,1,5,8900,460,9360,21,1834,014592104,BRENTWOOD 2104,Diablo,1,6/2/2025 1:21:05 AM,91036.7025299001
DAVIS,12kV,No,3463,193,67,2,12,3580,310,3890,12,1835,062041109,DAVIS 1109,Sacramento,1,11/11/2025 12:30:19 PM,58927.1987872151
LARKIN (Y),12kV,No,2806,242,120,0,2,10,0,10,12,1836,022801101,LARKIN (Y) 1101,San francisco,1,6/2/2025 1:21:05 AM,8801.41428620854
MILLBRAE,4.16kV,No,455,140,31,0,2,440,360,800,4,1837,022690401,MILLBRAE 0401,Peninsula,1,6/2/2025 1:21:05 AM,6818.02270389781
PLACER,12kV,Yes,35,2,0,0,1,60,0,60,12,1838,152461102,PLACER 1102,Sierra,1,6/2/2025 1:21:05 AM,4452.99204564321
PAUL SWEET,21kV,No,6583,407,53,0,10,4370,270,4640,21,1839,083252101,PAUL SWEET 2101,Central coast,1,6/2/2025 1:21:05 AM,67541.1402032935
HARTER,12kV,No,1672,169,69,0,8,4640,3010,7650,12,1840,152851102,HARTER 1102,Sacramento,1,11/11/2025 12:30:24 PM,42444.3022479801
TEMPORARY CARBONA,12kV,No,2553,141,34,38,16,7660,3200,10860,12,1841,169951101,TEMPORARY CARBONA 1101,Stockton,1,6/2/2025 1:21:05 AM,167602.510528653
RICE,12kV,Yes,47,27,5,73,0,280,6700,6980,12,1842,062831104,RICE 1104,Sacramento,1,6/2/2025 1:21:05 AM,70317.9675643989
BOWLES,12kV,No,784,109,13,135,4,2240,200,2440,12,1843,253531103,BOWLES 1103,Fresno,1,6/2/2025 1:21:05 AM,61396.4768799328
SF N,12kV,No,714,48,13,0,3,310,0,310,12,1844,022281101,SF N 1101,San francisco,1,6/2/2025 1:21:05 AM,5217.35264991185
DAVIS,12kV,No,2907,162,87,1,4,3130,70,3200,12,1845,062041108,DAVIS 1108,Sacramento,1,6/2/2025 1:21:05 AM,47046.0519415976
LAKEVILLE,12kV,No,1159,103,20,69,17,2470,180,2650,12,1846,043371102,LAKEVILLE 1102,Sonoma,1,6/2/2025 1:21:05 AM,131877.815820744
CHOWCHILLA,12kV,No,2268,152,32,239,6,5890,4830,10720,12,1847,254101101,CHOWCHILLA 1101,Yosemite,1,6/2/2025 1:21:05 AM,158308.952460362
ASHLAN AVE,21kV,No,1203,176,89,0,4,2680,180,2860,21,1848,252052118,ASHLAN AVE 2118,Fresno,1,6/2/2025 1:21:05 AM,32881.2522196282
TERMINOUS,12kV,Yes,223,49,10,35,4,980,1390,2370,12,1849,163021102,TERMINOUS 1102,Stockton,1,6/2/2025 1:21:05 AM,48286.1786714483
MORGAN HILL,21kV,No,4027,235,48,60,6,9780,2300,12080,21,1850,083242105,MORGAN HILL 2105,San jose,1,6/2/2025 1:21:05 AM,246200.983883725
CLOVIS,21kV,No,1739,230,94,0,10,4250,930,5180,21,1851,254082110,CLOVIS 2110,Fresno,1,6/2/2025 1:21:05 AM,40160.0655177589
LARKIN (Y),12kV,No,17,152,83,0,1,240,0,240,12,1852,022801124,LARKIN (Y) 1124,San francisco,1,6/2/2025 1:21:05 AM,5090.11289539346
SISQUOC,12kV,Yes,150,49,12,90,0,810,0,810,12,1853,182811103,SISQUOC 1103,Los padres,1,6/2/2025 1:21:05 AM,100735.348314947
TEVIS,21kV,No,2586,189,185,0,24,12870,3570,16440,21,1854,255322105,TEVIS 2105,Kern,1,6/2/2025 1:21:05 AM,83297.758501957
CLOVIS,12kV,No,2111,229,123,8,12,7620,350,7970,12,1855,254081107,CLOVIS 1107,Fresno,1,6/2/2025 1:21:05 AM,68391.7064409426
PANOCHE,12kV,Yes,8,8,2,55,18,0,5050,5050,12,1856,253671102,PANOCHE 1102,Yosemite,1,11/11/2025 12:30:21 PM,87620.2744880518
WHEELER RIDGE,12kV,Yes,56,22,6,100,21,940,1840,2780,12,1857,253481103,WHEELER RIDGE 1103,Kern,1,11/11/2025 12:30:22 PM,80931.2616373367
OAKLAND I,4.16kV,No,1370,68,9,0,4,210,20,230,4,1858,012080402,OAKLAND I 0402,East bay,1,6/2/2025 1:21:05 AM,11389.243332198
REDBUD,12kV,No,1902,135,26,30,7,1430,320,1750,12,1859,043191101,REDBUD 1101,Humboldt,1,11/11/2025 12:30:22 PM,189432.719082148
VALLEY HOME,17kV,No,243,42,1,178,0,3960,660,4620,17,1860,162981704,VALLEY HOME 1704,Yosemite,1,11/11/2025 12:30:19 PM,80179.6238025556
STAGG,21kV,No,2710,50,8,0,3,3940,200,4140,21,1861,162422108,STAGG 2108,Stockton,1,11/11/2025 12:30:23 PM,50573.0571457777
OAKHURST,12kV,No,1746,285,86,5,4,3260,780,4040,12,1862,254421101,OAKHURST 1101,Yosemite,1,6/2/2025 1:21:05 AM,217252.309753305
MONTAGUE,21kV,No,0,12,45,0,2,560,850,1410,21,1863,083892107,MONTAGUE 2107,San jose,1,6/2/2025 1:21:05 AM,15097.4437760684
SALINAS,12kV,No,1410,266,59,0,16,840,510,1350,12,1864,182011101,SALINAS 1101,Central coast,1,6/2/2025 1:21:05 AM,25971.894343666
PEASE,12kV,No,2121,164,25,144,3,8510,520,9030,12,1865,153751104,PEASE 1104,Sacramento,1,6/2/2025 1:21:05 AM,149451.207678397
NORCO,12kV,Yes,2,24,31,35,10,1810,1260,3070,12,1866,254691101,NORCO 1101,Kern,1,11/11/2025 12:30:21 PM,70799.9470520089
HAMMER,12kV,No,1102,44,12,0,,1709,1752,3461,12,1867,163301109,HAMMER 1109,Stockton,1,11/11/2025 12:30:23 PM,17477.9626305798
MT EDEN,12kV,Yes,0,21,20,0,0,120,0,120,12,1868,013761110,MT EDEN 1110,Mission,1,6/2/2025 1:21:05 AM,6283.05273963778
SAN LUIS OBISPO,12kV,No,1764,538,187,39,38,3900,1070,4970,12,1869,182631107,SAN LUIS OBISPO 1107,Los padres,1,6/2/2025 1:21:05 AM,150628.758945528
CHOWCHILLA,12kV,No,161,44,14,181,4,4160,10900,15060,12,1870,254101106,CHOWCHILLA 1106,Yosemite,1,6/2/2025 1:21:05 AM,112735.737019388
TEMPLETON,21kV,No,3187,384,97,192,4,8460,3900,12360,21,1871,183052113,TEMPLETON 2113,Los padres,1,6/2/2025 1:21:05 AM,696399.973057464
CASTRO VALLEY,12kV,No,5880,222,39,0,18,5970,720,6690,12,1872,014091105,CASTRO VALLEY 1105,Mission,1,6/2/2025 1:21:05 AM,71430.007584972
STOCKTON A,4.16kV,No,402,123,24,0,11,40,70,110,4,1873,162370410,STOCKTON A 0410,Stockton,1,11/11/2025 12:30:20 PM,13154.8329274266
LOS COCHES,12kV,Yes,22,11,4,63,0,40,0,40,12,1874,182151101,LOS COCHES 1101,Central Coast,1,11/11/2025 12:30:21 PM,49245.2415011206
FULTON,12kV,Yes,1502,230,93,89,11,5600,1800,7400,12,1875,042561105,FULTON 1105,Sonoma,1,6/2/2025 1:21:05 AM,121663.741246067
RIO BRAVO,12kV,Yes,0,5,18,1,3,450,8240,8690,12,1876,252861104,RIO BRAVO 1104,Kern,1,6/2/2025 1:21:05 AM,21805.9792326194
MALAGA,12kV,No,1483,34,12,5,3,4730,1990,6720,12,1877,254251101,MALAGA 1101,Fresno,1,6/2/2025 1:21:05 AM,47116.5209892201
SAN BERNARD,12kV,Yes,3,12,2,22,5,0,9700,9700,12,1878,253191104,SAN BERNARD 1104,Kern,1,6/2/2025 1:21:05 AM,18329.4772910544
FOOTHILL,12kV,No,2390,134,60,3,13,4460,11360,15820,12,1879,182951102,FOOTHILL 1102,Los padres,1,6/2/2025 1:21:05 AM,54999.0983289999
CLAYTON,12kV,No,758,15,2,0,,1510,1618,3128,12,1880,012021103,CLAYTON 1103,Diablo,1,11/11/2025 12:30:20 PM,16065.5944135157
PARKWAY,12kV,No,2284,182,94,0,22,3550,420,3970,12,1881,042051103,PARKWAY 1103,North Bay,1,11/11/2025 12:30:20 PM,42314.4489941116
PEORIA,17kV,No,2941,193,45,31,43,9340,900,10240,17,1882,163781704,PEORIA 1704,Yosemite,1,6/2/2025 1:21:05 AM,286926.927964397
LAKEWOOD,21kV,Yes,1207,62,10,0,2,1790,1110,2900,21,1883,013532227,LAKEWOOD 2227,Diablo,1,11/11/2025 12:30:18 PM,26433.6414123748
ALPAUGH,12kV,No,202,50,12,119,1,120,760,880,12,1884,254001104,ALPAUGH 1104,Fresno,1,6/2/2025 1:21:05 AM,110018.273222168
SF E,12kV,No,4430,195,56,0,8,1020,350,1370,12,1885,022071107,SF E 1107,San francisco,1,6/2/2025 1:21:05 AM,32074.9909359187
MANCHESTER,12kV,No,2473,398,75,0,11,2220,680,2900,12,1886,253921108,MANCHESTER 1108,Fresno,1,6/2/2025 1:21:05 AM,31594.8495986153
COLUSA,12kV,No,346,54,12,1,0,1050,7800,8850,12,1887,062021103,COLUSA 1103,Sacramento,1,6/2/2025 1:21:05 AM,11063.5718309871
DALY CITY,12kV,Yes,1913,57,55,0,20,470,320,790,12,1888,022641101,DALY CITY 1101,Peninsula,1,6/2/2025 1:21:05 AM,17216.2874535587
CLOVIS,21kV,No,3695,413,177,0,15,2490,1050,3540,21,1889,254082111,CLOVIS 2111,Fresno,1,6/2/2025 1:21:05 AM,54496.4991256391
WAHTOKE,12kV,No,1460,88,71,55,3,4700,100,4800,12,1890,254531110,WAHTOKE 1110,Fresno,1,6/2/2025 1:21:05 AM,54596.8419363017
CARUTHERS,12kV,Yes,879,115,33,182,2,6700,3560,10260,12,1891,252371102,CARUTHERS 1102,Fresno,1,6/2/2025 1:21:05 AM,150363.527624102
SF K,4.16kV,Yes,851,35,3,0,4,110,0,110,4,1892,022130403,SF K 0403,San francisco,1,6/2/2025 1:21:05 AM,6849.72892548644
DUMBARTON,12kV,No,4508,106,38,0,12,5110,840,5950,12,1893,014471108,DUMBARTON 1108,Mission,1,6/2/2025 1:21:05 AM,77351.225780938
WYANDOTTE,12kV,No,2805,198,9,39,0,7420,4480,11900,12,1894,102911107,WYANDOTTE 1107,North valley,1,6/2/2025 1:21:05 AM,332042.181894459
OAKLAND J,12kV,Yes,3929,242,69,3,,528,670,1198,12,1895,012091108,OAKLAND J 1108,East Bay,1,10/10/2025 8:50:30 AM,27481.5656981189
WEST FRESNO,12kV,No,2807,130,35,3,18,2410,150,2560,12,1896,253731104,WEST FRESNO 1104,Fresno,1,6/2/2025 1:21:05 AM,58208.7268374886
EDENVALE,21kV,No,697,145,86,0,10,2280,10,2290,21,1897,082952107,EDENVALE 2107,San jose,1,6/2/2025 1:21:05 AM,28758.2524687113
SAN LUIS OBISPO,12kV,No,3608,280,151,0,18,4260,1300,5560,12,1898,182631102,SAN LUIS OBISPO 1102,Los Padres,1,11/11/2025 10:49:24 AM,48758.7004881097
PINEDALE,21kV,No,889,811,183,0,,4402,5134,9536,21,1899,252852109,PINEDALE 2109,Fresno,1,11/11/2025 12:30:24 PM,41205.0618356488
PINEDALE,21kV,No,2375,198,183,0,19,2690,210,2900,21,1900,252852110,PINEDALE 2110,Fresno,1,11/11/2025 12:30:24 PM,41801.4283970605
PINEDALE,21kV,No,796,226,167,0,8,4300,930,5230,21,1901,252852107,PINEDALE 2107,Fresno,1,11/11/2025 12:30:24 PM,30337.3113909367
MILLBRAE,4.16kV,No,1403,79,10,0,,632,690,1322,4,1902,022690404,MILLBRAE 0404,Peninsula,1,11/11/2025 11:54:12 AM,14813.3672913191
MORAGA,12kV,No,892,201,43,0,12,2020,210,2230,12,1903,013801102,MORAGA 1102,Diablo,1,11/11/2025 12:30:24 PM,36649.4532876737
OAKLAND C,12kV,No,28,32,27,0,4,0,350,350,12,1904,012011104,OAKLAND C 1104,East bay,1,6/2/2025 1:21:05 AM,5661.33746527151
INDUSTRIAL ACRES,4.16kV,No,170,15,12,1,2,20,0,20,4,1905,182300415,INDUSTRIAL ACRES 0415,Central coast,1,6/2/2025 1:21:05 AM,3552.3109624745
CLAY,12kV,Yes,0,0,2,0,1,0,0,0,12,1906,163341102,CLAY 1102,Stockton,1,11/11/2025 12:30:21 PM,4667.4105333263
FRENCH GULCH,12kV,Yes,11,20,7,0,0,20,0,20,12,1907,103381102,FRENCH GULCH 1102,North valley,1,6/2/2025 1:21:05 AM,46607.1099820359
GREEN VALLEY,21kV,No,4199,407,152,105,17,5020,520,5540,21,1908,083192102,GREEN VALLEY 2102,Central coast,1,6/2/2025 1:21:05 AM,131134.542513848
TARAVAL,4.16kV,No,1139,33,4,0,5,220,10,230,4,1909,022500402,TARAVAL 0402,San francisco,1,6/2/2025 1:21:05 AM,7323.41280968888
CASTRO,4.16kV,No,1038,21,0,0,3,550,40,590,4,1910,022480402,CASTRO 0402,San francisco,1,6/2/2025 1:21:05 AM,9138.71016143229
CLAYTON,21kV,No,4264,192,50,3,13,13200,1080,14280,21,1911,012022215,CLAYTON 2215,Diablo,1,6/2/2025 1:21:05 AM,141378.633580633
EAST GRAND,4.16kV,No,1365,26,1,1,7,290,0,290,4,1912,022570404,EAST GRAND 0404,Peninsula,1,6/2/2025 1:21:05 AM,9769.70575024469
CALFLAX,12kV,Yes,40,5,1,42,22,0,0,0,12,1913,253441103,CALFLAX 1103,Fresno,1,6/2/2025 1:21:05 AM,58217.4276730928
HIGHLANDS,12kV,No,3231,341,73,6,9,3990,530,4520,12,1914,043361102,HIGHLANDS 1102,Humboldt,1,6/2/2025 1:21:05 AM,143255.824062334
BERKELEY F,12kV,No,2863,380,178,0,20,820,140,960,12,1915,012061103,BERKELEY F 1103,East bay,1,6/2/2025 1:21:05 AM,25804.1613414085
ALTO,12kV,No,3649,381,60,0,7,4310,310,4620,12,1916,042031124,ALTO 1124,Sonoma,1,6/2/2025 1:21:05 AM,80358.8422301183
SAN JOSE B,12kV,Yes,434,167,98,0,17,3450,900,4350,12,1917,082261117,SAN JOSE B 1117,San jose,1,6/2/2025 1:21:05 AM,22722.3654414139
CAMDEN,12kV,No,920,101,14,603,3,8730,1830,10560,12,1918,252301103,CAMDEN 1103,Fresno,1,6/2/2025 1:21:05 AM,258809.712829535
INDUSTRIAL ACRES,4.16kV,Yes,10,85,17,0,0,10,0,10,4,1919,182300411,INDUSTRIAL ACRES 0411,Central coast,1,6/2/2025 1:21:05 AM,4461.67716537363
EMBARCADERO (Z),34.5kV,No,0,2,21,0,1,1500,0,1500,34,1920,022873409,EMBARCADERO (Z) 3409,San francisco,1,6/2/2025 1:21:05 AM,2707.1044923581
PEABODY,21kV,No,2383,91,25,0,6,3680,70,3750,21,1921,063642104,PEABODY 2104,North bay,1,6/2/2025 1:21:05 AM,56216.8793069609
ROB ROY,21kV,No,5759,389,49,147,23,8670,1720,10390,21,1922,083692104,ROB ROY 2104,Central coast,1,6/2/2025 1:21:05 AM,394776.766422529
LAKEVILLE,12kV,Yes,1374,113,93,41,6,3470,4310,7780,12,1923,043371101,LAKEVILLE 1101,Sonoma,1,11/11/2025 12:30:19 PM,74463.6100723651
CHESTER,12kV,No,529,135,15,0,,245,292,537,12,1924,103181102,CHESTER 1102,North Valley,1,11/11/2025 12:30:19 PM,61113.3555602116
OAKLAND X,12kV,No,2480,170,24,0,,621,726,1347,12,1925,012541114,OAKLAND X 1114,East Bay,1,11/11/2025 12:30:19 PM,13345.6357593894
BAHIA,12kV,No,2870,439,57,0,,2333,2433,4766,12,1926,043251105,BAHIA 1105,North Bay,1,11/11/2025 12:30:19 PM,49715.8871410658
BAHIA,12kV,No,4162,95,27,0,,7985,8400,16385,12,1927,043251101,BAHIA 1101,North Bay,1,11/11/2025 12:30:19 PM,93049.8253373628
DUMBARTON,12kV,No,4413,247,115,2,27,3940,460,4400,12,1928,014471102,DUMBARTON 1102,Mission,1,6/2/2025 1:21:05 AM,79040.4990392214
BAKERSFIELD,12kV,No,2126,87,20,0,4,1440,40,1480,12,1929,253371106,BAKERSFIELD 1106,Kern,1,6/2/2025 1:21:05 AM,23968.9283861332
SF G,12kV,Yes,1165,95,58,0,5,40,260,300,12,1930,022091102,SF G 1102,San francisco,1,6/2/2025 1:21:05 AM,9198.24444946907
LARKIN (Y),12kV,No,202,97,73,0,5,90,0,90,12,1931,022801126,LARKIN (Y) 1126,San francisco,1,6/2/2025 1:21:05 AM,5568.83859078473
BERKELEY F,4.16kV,Yes,0,3,2,0,0,0,0,0,4,1932,012060401,BERKELEY F 0401,East bay,1,6/2/2025 1:21:05 AM,2752.48703011973
STELLING,12kV,No,3091,105,36,0,10,4770,870,5640,12,1933,083481109,STELLING 1109,De anza,1,6/2/2025 1:21:05 AM,65086.0447871307
NEWARK 21KV,21kV,No,0,41,144,0,14,3200,2250,5450,21,1934,012232111,NEWARK 21KV 2111,Mission,1,6/2/2025 1:21:05 AM,28662.4379863427
PORTOLA,4.16kV,Yes,1193,7,0,0,3,860,70,930,4,1935,022610401,PORTOLA 0401,San francisco,1,6/2/2025 1:21:05 AM,10516.7598969268
NORIEGA,4.16kV,No,831,31,4,0,8,150,0,150,4,1936,022510402,NORIEGA 0402,San francisco,1,6/2/2025 1:21:05 AM,3887.72800648445
PETALUMA A,4.16kV,No,588,65,3,0,,463,507,970,4,1937,042120411,PETALUMA A 0411,Sonoma,1,11/11/2025 12:30:24 PM,6948.99138583315
ORO FINO,12kV,No,1868,27,6,1,6,420,30,450,12,1938,103031101,ORO FINO 1101,North valley,1,6/2/2025 1:21:05 AM,69799.8796604284
STAGG,21kV,No,3028,357,112,20,9,5900,1100,7000,21,1939,162422104,STAGG 2104,Stockton,1,6/2/2025 1:21:05 AM,122053.298645953
DALY CITY,12kV,Yes,2582,98,20,0,8,790,40,830,12,1940,022641107,DALY CITY 1107,Peninsula,1,6/2/2025 1:21:05 AM,22544.2095377557
BERKELEY F,12kV,No,5034,300,73,0,18,2320,210,2530,12,1941,012061105,BERKELEY F 1105,East bay,1,6/2/2025 1:21:05 AM,37726.195462246
BLACKWELL,21kV,Yes,1,16,14,10,4,0,2000,2000,21,1942,254682101,BLACKWELL 2101,Kern,1,6/2/2025 1:21:05 AM,45130.3431509203
HIGHWAY,12kV,No,600,270,184,6,14,1490,9700,11190,12,1943,042651102,HIGHWAY 1102,North bay,1,6/2/2025 1:21:05 AM,65297.6648991629
EAST GRAND,12kV,No,2054,488,190,16,34,2920,60,2980,12,1944,022571107,EAST GRAND 1107,Peninsula,1,6/2/2025 1:21:05 AM,44021.3706273434
FAIRWAY,12kV,Yes,3029,272,110,3,10,4180,12290,16470,12,1945,182061104,FAIRWAY 1104,Los Padres,1,11/11/2025 10:49:24 AM,76889.1157477126
ARCATA,12kV,Yes,135,46,12,4,8,520,0,520,12,1946,192021123,ARCATA 1123,Humboldt,1,6/2/2025 1:21:05 AM,13070.5734608807
ANTLER,12kV,No,794,117,21,0,7,370,10,380,12,1947,103271101,ANTLER 1101,North valley,1,6/2/2025 1:21:05 AM,193576.374719762
LARKIN (Y),12kV,No,64,52,42,0,2,0,0,0,12,1948,022801131,LARKIN (Y) 1131,San francisco,1,6/2/2025 1:21:05 AM,4922.04290889126
LAWRENCE,12kV,Yes,58,4,8,0,,8,38,46,12,1949,083421109,LAWRENCE 1109,De Anza,1,11/11/2025 11:54:12 AM,9086.02851105245
LAWRENCE,12kV,No,1410,58,52,0,,3086,3273,6359,12,1950,083421113,LAWRENCE 1113,De Anza,1,11/11/2025 11:54:12 AM,25670.3874552342
EL CAPITAN,21kV,No,4302,323,132,1,10,5210,290,5500,21,1951,253882109,EL CAPITAN 2109,Yosemite,1,6/2/2025 1:21:05 AM,84774.3604104008
SAN PABLO,12kV,No,2033,158,151,0,14,1720,580,2300,12,1952,014371106,SAN PABLO 1106,East bay,1,6/2/2025 1:21:05 AM,38401.0942009628
MONARCH,4.16kV,No,719,26,4,0,4,400,20,420,4,1953,162300403,MONARCH 0403,Stockton,1,6/2/2025 1:21:05 AM,9600.28928470103
STANISLAUS,17kV,No,1926,220,19,7,29,2340,220,2560,17,1954,162821701,STANISLAUS 1701,Stockton,1,6/2/2025 1:21:05 AM,233159.442329676
LOYOLA,12kV,No,2745,160,40,3,26,9800,1040,10840,12,1955,082161102,LOYOLA 1102,De anza,1,6/2/2025 1:21:05 AM,146089.558471877
BRUNSWICK,12kV,No,2337,340,69,1,10,2140,250,2390,12,1956,152481107,BRUNSWICK 1107,Sierra,1,6/2/2025 1:21:05 AM,49842.7261064347
MORMON,12kV,No,887,107,19,303,4,5430,2840,8270,12,1957,163211101,MORMON 1101,Stockton,1,6/2/2025 1:21:05 AM,140489.785695934
TOKAY,12kV,Yes,4,1,0,12,2,230,0,230,12,1958,168881101,TOKAY 1101,Stockton,1,6/2/2025 1:21:05 AM,25470.3080237825
BASALT,12kV,Yes,0,180,115,1,4,580,100,680,12,1959,042461105,BASALT 1105,North bay,1,6/2/2025 1:21:05 AM,21717.9207677741
PACIFICA,12kV,Yes,3534,348,94,2,25,2890,330,3220,12,1960,022811102,PACIFICA 1102,Peninsula,1,6/2/2025 1:21:05 AM,58021.505214158
REDWOOD CITY,4.16kV,No,1291,48,15,0,4,200,0,200,4,1961,024160405,REDWOOD CITY 0405,Peninsula,1,6/2/2025 1:21:05 AM,10568.4571370315
EAST GRAND,12kV,No,1281,292,119,0,17,1280,170,1450,12,1962,022571105,EAST GRAND 1105,Peninsula,1,6/2/2025 1:21:05 AM,28709.6740479664
MISSION (X),12kV,Yes,1688,68,5,0,20,290,10,300,12,1963,022011118,MISSION (X) 1118,San francisco,1,6/2/2025 1:21:05 AM,21965.7546010419
SHEPHERD,21kV,Yes,600,80,22,31,4,2620,170,2790,21,1964,252062111,SHEPHERD 2111,Fresno,1,6/2/2025 1:21:05 AM,153824.241282502
OCEANO,12kV,No,6314,554,110,9,22,4300,360,4660,12,1965,182601105,OCEANO 1105,Los padres,1,6/2/2025 1:21:05 AM,89948.7121939115
STELLING,12kV,No,3630,134,42,0,,7147,8772,15919,12,1966,083481111,STELLING 1111,De Anza,1,11/11/2025 11:54:12 AM,78407.3634816076
WOODLAND,12kV,No,2330,89,15,2,7,4240,330,4570,12,1967,062031112,WOODLAND 1112,Sacramento,1,6/2/2025 1:21:05 AM,43776.2124874043
PANORAMA,12kV,No,1369,125,18,7,2,2620,140,2760,12,1968,103461101,PANORAMA 1101,North valley,1,6/2/2025 1:21:05 AM,86800.2677877711
EL CAPITAN,12kV,No,1723,136,42,1,5,1540,50,1590,12,1969,253881105,EL CAPITAN 1105,Yosemite,1,6/2/2025 1:21:05 AM,36460.4448002586
SALINAS,12kV,Yes,176,102,34,3,8,1720,0,1720,12,1970,182011108,SALINAS 1108,Central coast,1,6/2/2025 1:21:05 AM,12966.5389278558
MONTAGUE,21kV,Yes,143,63,42,0,7,430,0,430,21,1971,083892103,MONTAGUE 2103,San jose,1,6/2/2025 1:21:05 AM,12269.5488396745
WYANDOTTE,12kV,Yes,2695,246,101,1,6,3450,4060,7510,12,1972,102911102,WYANDOTTE 1102,North valley,1,6/2/2025 1:21:05 AM,67623.5999177751
CASTRO,4.16kV,No,1627,105,9,0,0,500,40,540,4,1973,022480401,CASTRO 0401,San francisco,1,6/2/2025 1:21:05 AM,6255.78234844588
MALAGA,12kV,Yes,17,21,11,1,2,400,8810,9210,12,1974,254251107,MALAGA 1107,Fresno,1,6/2/2025 1:21:05 AM,6408.39572768286
KING CITY,12kV,Yes,1366,255,39,0,3,890,50,940,12,1975,182031101,KING CITY 1101,Central coast,1,6/2/2025 1:21:05 AM,19931.9164938979
CAYUCOS,12kV,No,597,146,13,61,3,500,150,650,12,1976,182551101,CAYUCOS 1101,Los padres,1,6/2/2025 1:21:05 AM,105945.062328485
RICHMOND R,12kV,Yes,742,82,40,2,23,710,2940,3650,12,1977,013471124,RICHMOND R 1124,East Bay,1,10/10/2025 9:34:37 AM,16991.7157361465
SAN BRUNO,4.16kV,No,1110,45,2,0,,477,483,960,4,1978,022700403,SAN BRUNO 0403,Peninsula,1,11/11/2025 11:54:13 AM,11108.8439071976
HORSESHOE,12kV,No,1220,76,18,0,,6200,6507,12707,12,1979,152571102,HORSESHOE 1102,Sierra,1,11/11/2025 11:54:13 AM,62567.7355721007
OAKLAND D,12kV,No,3590,352,190,0,28,2470,580,3050,12,1980,012041132,OAKLAND D 1132,East bay,1,6/2/2025 1:21:05 AM,32693.3810214993
PARLIER,12kV,Yes,553,60,10,236,2,2930,240,3170,12,1981,252291103,PARLIER 1103,Fresno,1,6/2/2025 1:21:05 AM,83692.1916759628
PHILO,12kV,No,893,180,21,59,10,1190,400,1590,12,1982,042601101,PHILO 1101,Humboldt,1,6/2/2025 1:21:05 AM,206639.523218409
KERMAN,12kV,No,2140,288,108,220,12,5380,1580,6960,12,1983,252711103,KERMAN 1103,Fresno,1,6/2/2025 1:21:05 AM,137424.051209391
LAKEWOOD,21kV,No,4080,90,13,2,,10266,10964,21230,21,1984,013532110,LAKEWOOD 2110,Diablo,1,11/11/2025 11:54:12 AM,104059.850251787
AMES,12kV,No,0,8,46,0,,1042,3184,4226,12,1985,083901101,AMES 1101,De Anza,1,11/11/2025 11:54:12 AM,14124.6244686805
AMES,12kV,Yes,0,48,51,0,,1917,1917,3834,12,1986,083901102,AMES 1102,De Anza,1,11/11/2025 11:54:12 AM,18900.7428328643
FAIRWAY,12kV,Yes,545,233,159,41,,4114,5162,9276,12,1987,182061107,FAIRWAY 1107,Los Padres,1,11/11/2025 11:54:12 AM,61810.3887836537
BERKELEY T,4.16kV,No,1529,108,26,0,7,160,40,200,4,1988,012660401,BERKELEY T 0401,East bay,1,6/2/2025 1:21:05 AM,6812.11570461271
BIOLA,12kV,Yes,176,37,8,266,3,5060,1010,6070,12,1989,252211103,BIOLA 1103,Fresno,1,6/2/2025 1:21:05 AM,164933.031218968
SAN LUIS OBISPO,12kV,Yes,1954,231,67,122,9,7540,450,7990,12,1990,182631104,SAN LUIS OBISPO 1104,Los padres,1,6/2/2025 1:21:05 AM,230155.140439028
SYCAMORE CREEK,12kV,No,2682,319,60,1,8,3210,920,4130,12,1991,102971105,SYCAMORE CREEK 1105,North valley,1,6/2/2025 1:21:05 AM,42998.1229617272
NORD,12kV,No,2072,247,59,9,2,4800,340,5140,12,1992,103071105,NORD 1105,North valley,1,6/2/2025 1:21:05 AM,48896.9333017371
ROSSMOOR,12kV,No,2875,317,35,0,28,5690,730,6420,12,1993,014161101,ROSSMOOR 1101,Diablo,1,6/2/2025 1:21:05 AM,80589.5776797514
GRASS VALLEY,12kV,No,1323,153,26,8,5,2770,300,3070,12,1994,152031103,GRASS VALLEY 1103,Sierra,1,6/2/2025 1:21:05 AM,194872.531992309
EL PATIO,12kV,No,5694,243,119,1,23,3170,160,3330,12,1995,082921107,EL PATIO 1107,De anza,1,6/2/2025 1:21:05 AM,46405.9451672208
STOCKDALE,12kV,No,1683,267,133,1,5,5550,970,6520,12,1996,254071105,STOCKDALE 1105,Kern,1,6/2/2025 1:21:05 AM,44269.4022639451
EMBARCADERO (Z),34.5kV,No,0,9,49,0,2,0,0,0,34,1997,022873408,EMBARCADERO (Z) 3408,San francisco,1,6/2/2025 1:21:05 AM,3616.81679015156
KERMAN,12kV,No,739,143,12,591,,4076,6266,10342,12,1998,252711101,KERMAN 1101,Fresno,1,11/11/2025 11:54:13 AM,293345.928331697
KEARNEY,12kV,No,1075,127,13,343,,2461,2543,5004,12,1999,252701104,KEARNEY 1104,Fresno,1,11/11/2025 11:54:13 AM,149232.818682099
WOODWARD,21kV,No,1517,123,50,0,,3321,3609,6930,21,2000,255292103,WOODWARD 2103,Fresno,1,11/11/2025 12:30:21 PM,34892.8569157768
ALPAUGH,12kV,Yes,18,12,1,86,0,670,4500,5170,12,2001,254001103,ALPAUGH 1103,Fresno,1,6/2/2025 1:21:05 AM,57077.2751450689
MADISON,12kV,Yes,311,70,20,191,1,3380,1290,4670,12,2002,063171105,MADISON 1105,Sacramento,1,10/10/2025 9:34:37 AM,180455.629117568
CARRIZO PLAINS,12kV,No,255,39,3,28,,273,273,546,12,2003,253461101,CARRIZO PLAINS 1101,Kern,1,11/11/2025 11:54:13 AM,211331.685197987
TRIMBLE,21kV,Yes,1986,53,53,2,,798,1201,1999,21,2004,083802115,TRIMBLE 2115,San Jose,1,11/11/2025 11:54:13 AM,20742.6159665768
PLEASANT GROVE,21kV,No,5202,134,105,0,10,13850,1250,15100,21,2005,152442108,PLEASANT GROVE 2108,Sierra,1,11/11/2025 12:30:22 PM,115173.135118606
MAGUNDEN,12kV,No,1665,74,13,0,,1823,1981,3804,12,2006,252771105,MAGUNDEN 1105,Kern,1,11/11/2025 11:54:14 AM,25839.646816826
ARVIN,12kV,No,41,9,4,51,,9,17,26,12,2007,253801103,ARVIN 1103,Kern,1,11/11/2025 11:54:14 AM,40990.8820394005
DINUBA,12kV,No,1230,100,16,539,,8335,8618,16953,12,2008,254091105,DINUBA 1105,Fresno,1,11/11/2025 11:54:14 AM,94790.6316670176
FMC,12kV,No,563,61,57,0,,325,337,662,12,2009,083871108,FMC 1108,San Jose,1,11/11/2025 11:54:14 AM,17012.0893231729
BAKERSFIELD,12kV,Yes,273,212,61,0,,710,2179,2889,12,2010,253371107,BAKERSFIELD 1107,Kern,1,11/11/2025 12:30:19 PM,11933.0111254575
BAKERSFIELD,12kV,No,870,56,14,1,,1844,1961,3805,12,2011,253371101,BAKERSFIELD 1101,Kern,1,11/11/2025 12:30:19 PM,17428.4815187402
LOCKHEED NO 2,12kV,Yes,0,17,20,0,,1215,1215,2430,12,2012,083001106,LOCKHEED NO 2 1106,De Anza,1,11/11/2025 12:30:19 PM,8722.08654067467
DAIRYLAND,12kV,Yes,72,15,2,224,1,3700,0,3700,12,2013,252421112,DAIRYLAND 1112,Yosemite,1,11/11/2025 12:30:23 PM,126706.848660646
DAIRYLAND,12kV,Yes,88,21,2,163,0,3750,650,4400,12,2014,252421111,DAIRYLAND 1111,Yosemite,1,11/11/2025 12:30:23 PM,56283.3234760053
FRENCH GULCH,12kV,No,217,29,3,0,,65,65,130,12,2015,103381101,FRENCH GULCH 1101,North Valley,1,11/11/2025 11:54:15 AM,37949.5327954201
HATTON,12kV,No,1541,503,90,9,,1813,2136,3949,12,2016,182291102,HATTON 1102,Central Coast,1,11/11/2025 11:54:15 AM,71706.774431872
DOLAN ROAD,12kV,Yes,236,15,4,5,,886,1316,2202,12,2017,182381104,DOLAN ROAD 1104,Central Coast,1,11/11/2025 11:54:15 AM,15660.5138806573
NOTRE DAME,12kV,No,244,97,34,0,,1794,2920,4714,12,2018,102041101,NOTRE DAME 1101,North Valley,1,11/11/2025 12:30:22 PM,16922.1601310097
PLACERVILLE,12kV,Yes,746,104,34,0,,1708,2750,4458,12,2019,153081111,PLACERVILLE 1111,Sierra,1,11/11/2025 12:30:22 PM,38739.5150449531
LARKIN (Y),12kV,No,0,7,13,0,0,0,0,0,12,2020,022801116,LARKIN (Y) 1116,San francisco,1,6/2/2025 1:21:05 AM,5141.15233342838
ASHLAN AVE,21kV,No,1724,165,63,0,4,4750,120,4870,21,2021,252052119,ASHLAN AVE 2119,Fresno,1,6/2/2025 1:21:05 AM,43821.8959089874
SANTA TERESA,21kV,Yes,1479,114,86,0,4,4990,880,5870,21,2022,082962101,SANTA TERESA 2101,San jose,1,6/2/2025 1:21:05 AM,41988.2889143735
DIVIDE,12kV,Yes,1155,71,18,4,3,2450,1050,3500,12,2023,182571101,DIVIDE 1101,Los Padres,1,11/11/2025 10:49:27 AM,49779.632155255
OAKLAND J,12kV,No,7195,392,78,0,,3125,3613,6738,12,2024,012091116,OAKLAND J 1116,East Bay,1,11/11/2025 11:54:13 AM,54329.7068384066
LIVERMORE,12kV,No,957,138,36,0,6,1790,140,1930,12,2025,012141103,LIVERMORE 1103,Mission,1,11/11/2025 12:30:18 PM,19588.2917896356
DAVIS,12kV,No,3639,141,16,5,3,5240,160,5400,12,2026,062041103,DAVIS 1103,Sacramento,1,11/11/2025 12:30:19 PM,57231.4253352056
EMBARCADERO (Z),12kV,Yes,2018,12,35,0,1,0,0,0,12,2027,022871117,EMBARCADERO (Z) 1117,San francisco,1,6/2/2025 1:21:05 AM,5753.12366627716
MIDWAY,12kV,No,26,37,27,79,,3009,3109,6118,12,2028,252611103,MIDWAY 1103,Kern,1,11/11/2025 11:54:13 AM,67099.8697130672
FAMOSO,12kV,Yes,3,12,7,15,2,6960,1650,8610,12,2029,252461105,FAMOSO 1105,Kern,1,6/2/2025 1:21:05 AM,20601.1922465835
RENFRO,21kV,No,2113,76,36,2,11,10170,1250,11420,21,2030,254572102,RENFRO 2102,Kern,1,10/10/2025 9:34:36 AM,57182.2358426702
TYLER,12kV,Yes,291,76,32,0,26,850,990,1840,12,2031,103571103,TYLER 1103,North valley,1,6/2/2025 1:21:05 AM,16128.863315271
ATASCADERO,12kV,No,2905,301,65,1,7,3250,150,3400,12,2032,182541102,ATASCADERO 1102,Los padres,1,6/2/2025 1:21:05 AM,55358.9637791281
SOBRANTE,12kV,No,1828,281,86,0,31,3680,570,4250,12,2033,014671101,SOBRANTE 1101,Diablo,1,6/2/2025 1:21:05 AM,59027.4692184035
BARRETT,4.16kV,No,1540,50,4,0,2,510,30,540,4,2034,013020402,BARRETT 0402,East bay,1,6/2/2025 1:21:05 AM,14407.6573960119
OLETA,12kV,No,845,147,30,108,3,2730,400,3130,12,2035,163541102,OLETA 1102,Stockton,1,6/2/2025 1:21:05 AM,215121.816043572
NEWMAN,12kV,No,1533,99,17,94,2,5690,220,5910,12,2036,162741105,NEWMAN 1105,Yosemite,1,6/2/2025 1:21:05 AM,103283.075478138
CLOVIS,12kV,Yes,1052,99,40,46,3,4080,180,4260,12,2037,254081102,CLOVIS 1102,Fresno,1,6/2/2025 1:21:05 AM,74589.6709664129
PARADISE,12kV,No,1886,254,50,3,10,5990,380,6370,12,2038,102831103,PARADISE 1103,North valley,1,6/2/2025 1:21:05 AM,172558.715780423
LAWRENCE,12kV,Yes,479,23,23,0,5,1090,780,1870,12,2039,083421102,LAWRENCE 1102,De anza,1,6/2/2025 1:21:05 AM,7472.73915032222
DEL MAR,21kV,No,1784,74,138,0,10,8240,320,8560,21,2040,152582106,DEL MAR 2106,Sierra,1,6/2/2025 1:21:05 AM,63373.1489274291
BAKERSFIELD,12kV,No,2711,231,68,0,9,1110,170,1280,12,2041,253371118,BAKERSFIELD 1118,Kern,1,11/11/2025 12:30:19 PM,39091.3350792437
IGNACIO,12kV,No,1813,132,44,0,6,1900,120,2020,12,2042,042481103,IGNACIO 1103,Sonoma,1,6/2/2025 1:21:05 AM,36580.668060207
LAMONT,12kV,Yes,94,82,57,164,25,2780,0,2780,12,2043,253911104,LAMONT 1104,Kern,1,6/2/2025 1:21:05 AM,152066.9419781
RESERVATION ROAD,12kV,No,1810,147,30,119,9,2740,6390,9130,12,2044,182731102,RESERVATION ROAD 1102,Central coast,1,6/2/2025 1:21:05 AM,170631.340632422
LAWRENCE,12kV,Yes,100,3,9,0,2,0,0,0,12,2045,083421107,LAWRENCE 1107,De anza,1,6/2/2025 1:21:05 AM,11113.5652457866
PARLIER,12kV,No,1353,96,39,266,4,5060,560,5620,12,2046,252291104,PARLIER 1104,Fresno,1,6/2/2025 1:21:05 AM,112655.968066055
MADERA,12kV,Yes,449,41,26,74,1,4710,440,5150,12,2047,252761116,MADERA 1116,Yosemite,1,6/2/2025 1:21:05 AM,50114.4520302962
VALLEY HOME,17kV,No,269,51,11,301,2,9080,1920,11000,17,2048,162981703,VALLEY HOME 1703,Yosemite,1,6/2/2025 1:21:05 AM,267666.049803267
EMBARCADERO (Z),34.5kV,No,0,37,50,0,14,960,0,960,34,2049,022873410,EMBARCADERO (Z) 3410,San francisco,1,6/2/2025 1:21:05 AM,6181.86818948227
SANTA ROSA A,12kV,No,3138,283,43,8,18,7140,790,7930,12,2050,042151104,SANTA ROSA A 1104,Sonoma,1,6/2/2025 1:21:05 AM,152312.007810505
MALAGA,12kV,Yes,438,181,99,66,7,1180,1230,2410,12,2051,254251108,MALAGA 1108,Fresno,1,6/2/2025 1:21:05 AM,51560.2590662755
ASHLAN AVE,21kV,No,1024,166,53,0,4,3220,120,3340,21,2052,252052110,ASHLAN AVE 2110,Fresno,1,6/2/2025 1:21:05 AM,37304.8693807595
COLUMBUS,12kV,No,1502,48,66,0,11,3370,2900,6270,12,2053,253951104,COLUMBUS 1104,Kern,1,6/2/2025 1:21:05 AM,31116.1584644982
PAUL SWEET,21kV,Yes,2568,128,79,4,12,11910,1860,13770,21,2054,083252102,PAUL SWEET 2102,Central coast,1,6/2/2025 1:21:05 AM,55851.8435708978
EL DORADO PH,21kV,No,1494,133,17,1,1,610,210,820,21,2055,152762102,EL DORADO PH 2102,Sierra,1,6/2/2025 1:21:05 AM,77275.2214274534
EUREKA E,12kV,No,3466,260,47,0,15,1670,230,1900,12,2056,192331104,EUREKA E 1104,Humboldt,1,6/2/2025 1:21:05 AM,61617.006330021
ALTO,12kV,No,2193,114,24,0,12,2910,220,3130,12,2057,042031123,ALTO 1123,Sonoma,1,6/2/2025 1:21:05 AM,38828.9225367067
TRACY,12kV,No,592,283,79,0,14,710,540,1250,12,2058,162881104,TRACY 1104,Stockton,1,6/2/2025 1:21:05 AM,12475.3857553494
CHICO A,12kV,No,1543,315,106,0,13,1300,130,1430,12,2059,102051102,CHICO A 1102,North valley,1,6/2/2025 1:21:05 AM,34882.8631566553
NOVATO,12kV,No,2146,301,52,5,12,12180,3200,15380,12,2060,042211104,NOVATO 1104,Sonoma,1,6/2/2025 1:21:05 AM,99050.8744159968
ROSSMOOR,12kV,No,2392,100,48,0,8,2350,480,2830,12,2061,014161107,ROSSMOOR 1107,Diablo,1,11/11/2025 12:30:18 PM,42429.2283478067
MIDDLE RIVER,12kV,Yes,22,19,3,29,3,450,0,450,12,2062,162091103,MIDDLE RIVER 1103,Stockton,1,11/11/2025 12:30:22 PM,58514.7320068029
PEABODY,21kV,No,3556,127,55,0,9,8100,1580,9680,21,2063,063642108,PEABODY 2108,North bay,1,6/2/2025 1:21:05 AM,95145.2638745847
OAKLAND J,12kV,Yes,583,156,73,2,,2772,2826,5598,12,2064,012091112,OAKLAND J 1112,East Bay,1,11/11/2025 11:54:13 AM,17511.9103059213
ZAMORA,12kV,No,437,102,19,210,3,2580,80,2660,12,2065,063191107,ZAMORA 1107,Sacramento,1,6/2/2025 1:21:05 AM,160804.560709989
CALIFORNIA AVE,12kV,No,2894,194,63,0,6,3680,270,3950,12,2066,252281114,CALIFORNIA AVE 1114,Fresno,1,6/2/2025 1:21:05 AM,43869.1481756077
DIXON,12kV,Yes,1883,183,81,46,14,6510,1280,7790,12,2067,062061105,DIXON 1105,North bay,1,6/2/2025 1:21:05 AM,89855.6116555187
SANTA ROSA A,12kV,No,4309,169,17,1,18,6260,610,6870,12,2068,042151110,SANTA ROSA A 1110,Sonoma,1,6/2/2025 1:21:05 AM,82391.8758227047
VACA DIXON,12kV,No,2226,148,62,5,5,6080,480,6560,12,2069,063591106,VACA DIXON 1106,North bay,1,6/2/2025 1:21:05 AM,72354.9717009826
OCEANO,12kV,No,4981,642,92,45,10,2880,610,3490,12,2070,182601106,OCEANO 1106,Los padres,1,6/2/2025 1:21:05 AM,76801.3937934712
MANTECA,17kV,Yes,952,240,196,0,18,4720,3290,8010,17,2071,162611707,MANTECA 1707,Stockton,1,6/2/2025 1:21:05 AM,35822.8111442677
SANTA MARIA,12kV,No,2005,248,87,84,3,2430,1550,3980,12,2072,182671110,SANTA MARIA 1110,Los padres,1,6/2/2025 1:21:05 AM,120562.582865388
KERN OIL,12kV,Yes,1483,114,68,0,2,8930,220,9150,12,2073,252721108,KERN OIL 1108,Kern,1,6/2/2025 1:21:05 AM,39471.1051826947
MARYSVILLE,12kV,Yes,1079,77,26,4,6,1730,2530,4260,12,2074,152011103,MARYSVILLE 1103,Sacramento,1,6/2/2025 1:21:05 AM,30961.7605069909
LERDO,12kV,Yes,19,26,4,101,1,2440,2650,5090,12,2075,253491116,LERDO 1116,Kern,1,6/2/2025 1:21:05 AM,65151.7657288564
HICKS,12kV,No,2747,199,58,0,10,5050,380,5430,12,2076,083431109,HICKS 1109,San jose,1,6/2/2025 1:21:05 AM,46442.8406259675
WILDWOOD,12kV,Yes,105,30,2,2,0,800,0,800,12,2077,103611101,WILDWOOD 1101,North valley,1,6/2/2025 1:21:05 AM,68241.826611088
PEORIA,17kV,Yes,0,0,0,0,,0,0,0,0,2078,163781705,PEORIA 1705,Yosemite,1,11/11/2025 11:54:14 AM,101322.172498418
BAKERSFIELD,21kV,No,3547,866,191,0,20,2200,870,3070,21,2079,253372106,BAKERSFIELD 2106,Kern,1,6/2/2025 1:21:05 AM,66344.5547302866
EVERGREEN,21kV,No,3573,233,162,1,18,4540,920,5460,21,2080,082012101,EVERGREEN 2101,San jose,1,6/2/2025 1:21:05 AM,66835.4270585571
STAFFORD,12kV,No,3762,182,34,11,3,6590,400,6990,12,2081,043201102,STAFFORD 1102,Sonoma,1,6/2/2025 1:21:05 AM,108964.425073043
KERN POWER,21kV,No,1969,137,153,0,,7977,10326,18303,21,2082,255262101,KERN POWER 2101,Kern,1,11/11/2025 11:54:14 AM,53224.9995949896
KERN POWER,21kV,No,1012,76,89,3,,1566,1635,3201,21,2083,255262102,KERN POWER 2102,Kern,1,11/11/2025 11:54:14 AM,25552.5801609158
TERMINOUS,12kV,Yes,122,43,2,144,,722,728,1450,12,2084,163021103,TERMINOUS 1103,Stockton,1,11/11/2025 11:54:14 AM,82877.320138098
BUCKS CREEK,12kV,No,275,51,1,0,,0,0,0,12,2085,102211103,BUCKS CREEK 1103,North Valley,1,11/11/2025 11:54:14 AM,131032.898839012
LAMMERS,12kV,Yes,23,24,27,5,,11709,11870,23579,12,2086,162771101,LAMMERS 1101,Stockton,1,11/11/2025 11:54:14 AM,28963.7111405063
WILKINS SLOUGH,12kV,Yes,38,21,4,89,,444,1084,1528,12,2087,062771101,WILKINS SLOUGH 1101,Sacramento,1,11/11/2025 11:54:14 AM,109824.919321527
PIKE CITY,12kV,Yes,15,10,1,0,,0,0,0,12,2088,152201102,PIKE CITY 1102,Sierra,1,11/11/2025 11:54:14 AM,19904.9415058027
CHALLENGE,12kV,No,604,91,8,0,,37,37,74,12,2089,103201101,CHALLENGE 1101,North Valley,1,11/11/2025 11:54:14 AM,103539.090542974
EL CERRITO G,12kV,Yes,1218,122,36,0,6,530,6170,6700,12,2090,012501104,EL CERRITO G 1104,East bay,1,6/2/2025 1:21:05 AM,20922.0654097999
HAAS,21kV,Yes,6,7,0,0,58,0,0,0,21,2091,259932101,HAAS 2101,Fresno,1,6/2/2025 1:21:05 AM,29888.7818503907
AIRWAYS,12kV,No,3265,134,15,69,3,14510,660,15170,12,2092,252041107,AIRWAYS 1107,Fresno,1,6/2/2025 1:21:05 AM,162418.143242101
SAN MATEO,4.16kV,No,1671,137,16,0,11,400,190,590,4,2093,024190404,SAN MATEO 0404,Peninsula,1,6/2/2025 1:21:05 AM,12069.3756396932
OAKLAND L,12kV,Yes,3394,304,138,0,8,460,110,570,12,2094,012111105,OAKLAND L 1105,East bay,1,6/2/2025 1:21:05 AM,20517.6569609289
OAKLAND K,12kV,Yes,2039,124,19,0,13,3210,410,3620,12,2095,012101101,OAKLAND K 1101,East bay,1,6/2/2025 1:21:05 AM,34173.9237208664
EL CAPITAN,12kV,No,2120,161,42,108,17,3890,2700,6590,12,2096,253881104,EL CAPITAN 1104,Yosemite,1,6/2/2025 1:21:05 AM,138572.471450737
LOS ALTOS,12kV,No,1126,184,60,0,,1209,1263,2472,12,2097,082241105,LOS ALTOS 1105,De Anza,1,11/11/2025 11:54:14 AM,13407.2439342907
LOS ALTOS,12kV,No,736,15,0,1,,1842,2014,3856,12,2098,082241103,LOS ALTOS 1103,De Anza,1,11/11/2025 11:54:14 AM,16555.5967308781
OAKLAND D,12kV,Yes,241,14,19,0,3,20,0,20,12,2099,012041117,OAKLAND D 1117,East bay,1,6/2/2025 1:21:05 AM,8129.36014859767
GIRVAN,12kV,No,1139,128,16,7,0,4500,390,4890,12,2100,103401101,GIRVAN 1101,North valley,1,6/2/2025 1:21:05 AM,241327.654933891
KERN POWER,21kV,No,3365,454,361,0,18,9820,1340,11160,21,2101,255262103,KERN POWER 2103,Kern,1,10/10/2025 9:34:37 AM,89778.2637718076
GREEN VALLEY,21kV,No,5304,727,218,132,29,7660,3680,11340,21,2102,083192103,GREEN VALLEY 2103,Central coast,1,6/2/2025 1:21:05 AM,179378.072265291
OAKLAND L,12kV,No,4925,439,126,0,16,1130,40,1170,12,2103,012111108,OAKLAND L 1108,East bay,1,6/2/2025 1:21:05 AM,24362.9315383539
CHICO A,12kV,No,1884,225,36,0,,683,865,1548,12,2104,102051103,CHICO A 1103,North Valley,1,11/11/2025 11:54:14 AM,14157.2855187615
ALMADEN,12kV,No,2903,50,28,0,,5243,5524,10767,12,2105,082311101,ALMADEN 1101,San Jose,1,10/10/2025 8:50:29 AM,44137.7280594509
NEWARK 21KV,21kV,No,1922,505,286,1,12,7490,330,7820,21,2106,012232105,NEWARK 21KV 2105,Mission,1,10/10/2025 9:34:38 AM,51397.7172913767
ORO LOMA,12kV,Yes,98,26,2,138,1,1120,600,1720,12,2107,255371108,ORO LOMA 1108,Yosemite,1,6/2/2025 1:21:05 AM,116965.563068208
PENRYN,12kV,No,1651,415,124,3,8,5430,500,5930,12,2108,152561106,PENRYN 1106,Sierra,1,6/2/2025 1:21:05 AM,75556.1214124952
WALDO,4.16kV,No,738,50,4,0,2,680,60,740,4,2109,013350402,WALDO 0402,East bay,1,6/2/2025 1:21:05 AM,7293.46006459383
CLARK ROAD,12kV,Yes,1068,120,18,20,32,3740,330,4070,12,2110,103091102,CLARK ROAD 1102,North valley,1,6/2/2025 1:21:05 AM,307351.434360242
FRENCH CAMP,12kV,Yes,1,3,8,1,0,0,220,220,12,2111,163291103,FRENCH CAMP 1103,Stockton,1,6/2/2025 1:21:05 AM,2992.2217048433
LAS POSITAS,21kV,No,5340,151,14,0,8,8880,380,9260,21,2112,014402106,LAS POSITAS 2106,Mission,1,6/2/2025 1:21:05 AM,91597.021182887
SAN CARLOS,4.16kV,No,1044,147,16,0,1,1490,160,1650,4,2113,024180406,SAN CARLOS 0406,Peninsula,1,6/2/2025 1:21:05 AM,14395.4962004963
POTRERO PP (A),12kV,Yes,1470,58,18,0,11,440,30,470,12,2114,022031116,POTRERO PP (A) 1116,San francisco,1,6/2/2025 1:21:05 AM,5423.66193005751
WILKINS SLOUGH,12kV,Yes,30,18,1,66,1,1650,550,2200,12,2115,062771103,WILKINS SLOUGH 1103,Sacramento,1,6/2/2025 1:21:05 AM,71955.3626526012
COLUMBUS,12kV,Yes,1631,41,9,0,4,4390,4010,8400,12,2116,253951103,COLUMBUS 1103,Kern,1,6/2/2025 1:21:05 AM,24451.290861317
CRESSEY,21kV,Yes,620,118,13,441,2,6830,2260,9090,21,2117,254702103,CRESSEY 2103,Yosemite,1,6/2/2025 1:21:05 AM,315023.310222352
WEEDPATCH,12kV,No,590,97,21,178,5,3980,21100,25080,12,2118,252971106,WEEDPATCH 1106,Kern,1,6/2/2025 1:21:05 AM,128761.634958421
STOCKDALE,12kV,No,1375,66,53,0,24,3250,1250,4500,12,2119,254071110,STOCKDALE 1110,Kern,1,6/2/2025 1:21:05 AM,35921.8271079882
CORDELIA,12kV,No,1820,123,21,21,2,3510,220,3730,12,2120,062701112,CORDELIA 1112,North bay,1,6/2/2025 1:21:05 AM,96253.6526697681
STOREY,12kV,No,2516,166,102,15,10,7000,1710,8710,12,2121,254611105,STOREY 1105,Yosemite,1,6/2/2025 1:21:05 AM,84453.4246261722
SAN RAMON,21kV,No,2013,225,186,0,14,3810,1370,5180,21,2122,014232106,SAN RAMON 2106,Mission,1,11/11/2025 12:30:18 PM,55177.7860223814
NEWARK 12KV,12kV,Yes,463,61,55,0,,3842,5256,9098,12,2123,012221105,NEWARK 12KV 1105,Mission,1,11/11/2025 11:54:16 AM,24957.4022559805
SF K,4.16kV,No,1449,91,10,0,4,130,10,140,4,2124,022130405,SF K 0405,San francisco,1,6/2/2025 1:21:05 AM,6712.01993064553
BURNEY,12kV,No,1382,156,31,13,5,1140,8630,9770,12,2125,103311101,BURNEY 1101,North valley,1,6/2/2025 1:21:05 AM,129049.156888946
STAGG,21kV,No,3427,371,102,0,2,2800,70,2870,21,2126,162422103,STAGG 2103,Stockton,1,6/2/2025 1:21:05 AM,49876.0438982215
EL CERRITO G,12kV,No,1556,211,47,0,6,1130,140,1270,12,2127,012501110,EL CERRITO G 1110,East bay,1,6/2/2025 1:21:05 AM,32154.4943635152
WOLFE,12kV,No,1844,72,30,0,5,2740,90,2830,12,2128,083671106,WOLFE 1106,De Anza,1,11/11/2025 12:30:18 PM,30979.0595749227
BORONDA,12kV,No,551,102,27,16,,239,566,805,12,2129,182461101,BORONDA 1101,Central Coast,1,11/11/2025 11:54:15 AM,19168.5289910786
RIPON,17kV,No,3357,178,106,14,,12201,13685,25886,17,2130,163801704,RIPON 1704,Stockton,1,11/11/2025 11:54:15 AM,88181.8967730778
SANTA ROSA A,12kV,Yes,893,311,56,0,,793,862,1655,12,2131,042151109,SANTA ROSA A 1109,Sonoma,1,11/11/2025 11:54:15 AM,24528.200689642
SANTA ROSA A,12kV,No,1270,401,137,0,,843,958,1801,12,2132,042151101,SANTA ROSA A 1101,Sonoma,1,11/11/2025 11:54:15 AM,19771.5301387551
COTATI,12kV,No,1711,262,54,7,,2287,2552,4839,12,2133,042271104,COTATI 1104,Sonoma,1,11/11/2025 11:54:15 AM,59674.7858493041
ANDERSON,12kV,No,810,83,14,15,,1698,2009,3707,12,2134,103261103,ANDERSON 1103,North Valley,1,11/11/2025 11:54:15 AM,78405.9696595625
COTTONWOOD,12kV,No,1637,141,19,17,,4836,5328,10164,12,2135,102931102,COTTONWOOD 1102,North Valley,1,11/11/2025 11:54:15 AM,207063.724285893
BULLARD,12kV,Yes,1598,76,55,7,,1149,1521,2670,12,2136,253961113,BULLARD 1113,Fresno,1,11/11/2025 11:54:15 AM,25061.9809055207
WEST FRESNO,12kV,Yes,768,117,17,0,,10671,10744,21415,12,2137,253731105,WEST FRESNO 1105,Fresno,1,11/11/2025 11:54:15 AM,17528.9827581376
WEST FRESNO,12kV,Yes,217,158,66,0,,1648,1682,3330,12,2138,253731108,WEST FRESNO 1108,Fresno,1,11/11/2025 11:54:15 AM,17055.1527543929
HILLSDALE,4.16kV,No,683,25,3,0,0,260,0,260,4,2139,024110403,HILLSDALE 0403,Peninsula,1,6/2/2025 1:21:05 AM,7510.60873160089
EL NIDO,12kV,No,139,31,6,243,,4925,10715,15640,12,2140,252451103,EL NIDO 1103,Yosemite,1,11/11/2025 11:54:16 AM,99515.7032715677
FELLOWS,21kV,Yes,39,58,28,3,,2538,2538,5076,21,2141,254242104,FELLOWS 2104,Kern,1,11/11/2025 11:54:16 AM,151274.0416409
SAN BENITO,21kV,No,1137,94,12,52,,2959,3143,6102,21,2142,182742104,SAN BENITO 2104,Central Coast,1,11/11/2025 11:54:15 AM,115359.896358163
TUPMAN,12kV,Yes,0,6,2,51,,0,0,0,12,2143,254561105,TUPMAN 1105,Kern,1,11/11/2025 11:54:16 AM,48164.112340864
MERCED,12kV,No,1912,217,56,157,,2630,4200,6830,12,2144,252801108,MERCED 1108,Yosemite,1,11/11/2025 11:54:16 AM,161204.751609415
BERKELEY F,4.16kV,Yes,0,23,13,0,1,0,0,0,4,2145,012060407,BERKELEY F 0407,East bay,1,6/2/2025 1:21:05 AM,2451.5800923995
JERSEY ISLAND,4.16kV,Yes,2,4,0,0,,0,0,0,4,2146,018320401,JERSEY ISLAND 0401,Diablo,1,11/11/2025 11:54:15 AM,5667.09475845627
BALFOUR,12kV,No,291,88,21,89,,1367,1566,2933,12,2147,014321101,BALFOUR 1101,Diablo,1,11/11/2025 11:54:15 AM,107561.02592665
CUYAMA,12kV,Yes,19,7,1,17,1,300,0,300,12,2148,253141104,CUYAMA 1104,Kern,1,6/2/2025 1:21:05 AM,36044.6709169039
BELMONT,12kV,Yes,1856,105,36,0,18,3480,3540,7020,12,2149,024031109,BELMONT 1109,Peninsula,1,6/2/2025 1:21:05 AM,35376.0999532069
WESTPARK,12kV,No,2420,252,67,0,14,3110,210,3320,12,2150,253701108,WESTPARK 1108,Kern,1,6/2/2025 1:21:05 AM,44112.7913893095
RAINBOW,12kV,Yes,1123,73,28,40,4,3080,1020,4100,12,2151,254441105,RAINBOW 1105,Fresno,1,6/2/2025 1:21:05 AM,58108.661068121
FRUITLAND,12kV,No,637,97,12,11,0,400,10,410,12,2152,192311142,FRUITLAND 1142,Humboldt,1,6/2/2025 1:21:05 AM,143234.984273254
SAN JOSE B,12kV,No,3310,495,173,1,36,2090,780,2870,12,2153,082261112,SAN JOSE B 1112,San jose,1,6/2/2025 1:21:05 AM,36591.9716405584
BOWLES,12kV,Yes,329,54,6,192,2,2010,180,2190,12,2154,253531104,BOWLES 1104,Fresno,1,11/11/2025 12:30:20 PM,83500.379339204
CUYAMA,21kV,Yes,139,39,2,117,0,8720,7980,16700,21,2155,253142101,CUYAMA 2101,Kern,1,11/11/2025 12:30:24 PM,126942.826994528
BRUNSWICK,12kV,No,2734,328,89,0,8,5480,2400,7880,12,2156,152481110,BRUNSWICK 1110,Sierra,1,6/2/2025 1:21:05 AM,100936.973663707
SF G,4.16kV,No,2274,74,13,0,6,150,0,150,4,2157,022090407,SF G 0407,San francisco,1,6/2/2025 1:21:05 AM,4301.82007789297
LARKIN (Y),12kV,No,2,24,27,0,2,0,0,0,12,2158,022801133,LARKIN (Y) 1133,San francisco,1,6/2/2025 1:21:05 AM,4265.42792984165
MOUNTAIN VIEW,12kV,No,3387,259,91,1,14,2630,260,2890,12,2159,082031106,MOUNTAIN VIEW 1106,De anza,1,6/2/2025 1:21:05 AM,34386.3090705272
STOCKTON A,12kV,No,1895,274,71,0,18,1060,50,1110,12,2160,162371104,STOCKTON A 1104,Stockton,1,11/11/2025 12:30:20 PM,35691.0247000214
BAIR,12kV,Yes,479,102,69,0,15,1160,760,1920,12,2161,024261105,BAIR 1105,Peninsula,1,6/2/2025 1:21:05 AM,16973.4783512152
LOYOLA,4.16kV,No,1075,29,4,0,1,2130,110,2240,4,2162,082160403,LOYOLA 0403,De anza,1,6/2/2025 1:21:05 AM,18519.1260466309
BELLE HAVEN,12kV,Yes,566,24,16,0,1,1890,20,1910,12,2163,024021107,BELLE HAVEN 1107,Peninsula,1,6/2/2025 1:21:05 AM,10758.4378743182
KIRKER,21kV,No,3201,157,50,0,14,2800,1040,3840,21,2164,014452107,KIRKER 2107,Diablo,1,6/2/2025 1:21:05 AM,61318.8627686653
RICHMOND R,12kV,Yes,99,35,12,0,,9813,9813,19626,12,2165,013471120,RICHMOND R 1120,East Bay,1,11/11/2025 11:54:14 AM,8811.60760665036
DUMBARTON,12kV,No,0,11,25,0,,0,96,96,12,2166,014471112,DUMBARTON 1112,Mission,1,11/11/2025 11:54:15 AM,14331.5472978014
SAN JOSE A,4.16kV,No,989,47,2,0,3,940,40,980,4,2167,082250410,SAN JOSE A 0410,San jose,1,6/2/2025 1:21:05 AM,11761.4340925966
OAKLAND C,12kV,No,2242,268,141,6,20,1450,300,1750,12,2168,012011114,OAKLAND C 1114,East bay,1,6/2/2025 1:21:05 AM,14666.7192020458
PUTAH CREEK,12kV,Yes,992,122,33,173,4,8000,7900,15900,12,2169,063681105,PUTAH CREEK 1105,Sacramento,1,6/2/2025 1:21:05 AM,189533.23787895
BAKERSFIELD,12kV,No,2422,188,29,0,12,4070,240,4310,12,2170,253371102,BAKERSFIELD 1102,Kern,1,6/2/2025 1:21:05 AM,35928.9719419744
JARVIS,12kV,Yes,917,223,92,0,9,1250,1110,2360,12,2171,013501103,JARVIS 1103,Mission,1,6/2/2025 1:21:05 AM,28582.787590338
DEL MONTE,21kV,No,4060,738,193,0,34,2430,110,2540,21,2172,182222102,DEL MONTE 2102,Central coast,1,6/2/2025 1:21:05 AM,75403.3286246012
CLARK ROAD,12kV,Yes,0,14,3,0,11,4260,490,4750,12,2173,103091101,CLARK ROAD 1101,North valley,1,6/2/2025 1:21:05 AM,8581.27417994282
BELLE HAVEN,4.16kV,No,1570,48,13,0,8,1130,140,1270,4,2174,024020406,BELLE HAVEN 0406,Peninsula,1,6/2/2025 1:21:05 AM,18989.4367798299
SCHINDLER,12kV,Yes,117,42,16,76,49,4490,1000,5490,12,2175,252891114,SCHINDLER 1114,Fresno,1,6/2/2025 1:21:05 AM,119905.824678907
CARLOTTA,12kV,Yes,996,105,7,37,4,640,20,660,12,2176,192291121,CARLOTTA 1121,Humboldt,1,11/11/2025 12:30:22 PM,114615.323278474
MONROE,21kV,Yes,2435,162,86,0,11,9750,580,10330,21,2177,043302107,MONROE 2107,Sonoma,1,11/11/2025 12:30:19 PM,46343.4338517575
NORTECH,21kV,Yes,2,21,27,0,9,900,0,900,21,2178,082462109,NORTECH 2109,San Jose,1,11/11/2025 12:30:18 PM,12225.1818998625
PAUL SWEET,21kV,No,2796,328,57,20,12,4090,520,4610,21,2179,083252106,PAUL SWEET 2106,Central Coast,1,11/11/2025 12:30:18 PM,120626.760149472
TARAVAL,4.16kV,No,1413,79,8,0,4,270,40,310,4,2180,022500403,TARAVAL 0403,San francisco,1,6/2/2025 1:21:05 AM,8023.235303117
BERKELEY T,4.16kV,No,562,28,8,0,4,120,0,120,4,2181,012660403,BERKELEY T 0403,East bay,1,6/2/2025 1:21:05 AM,2533.57852956466
FIGARDEN,21kV,No,3588,96,72,4,5,10290,860,11150,21,2182,254552107,FIGARDEN 2107,Fresno,1,6/2/2025 1:21:05 AM,87192.2315452139
AIRWAYS,12kV,No,2170,394,145,8,8,7140,630,7770,12,2183,252041103,AIRWAYS 1103,Fresno,1,6/2/2025 1:21:05 AM,63807.5756359403
MARINA (F),12kV,Yes,1846,243,41,0,3,320,40,360,12,2184,022781103,MARINA (F) 1103,San francisco,1,6/2/2025 1:21:05 AM,9183.11894600749
CARQUINEZ,12kV,Yes,2595,318,49,0,10,4780,30,4810,12,2185,043281105,CARQUINEZ 1105,North bay,1,6/2/2025 1:21:05 AM,29981.8149170271
BRENTWOOD,21kV,No,2876,469,210,0,19,8820,300,9120,21,2186,014592106,BRENTWOOD 2106,Diablo,1,6/2/2025 1:21:05 AM,94639.4126084446
BRITTON,12kV,No,1490,71,67,0,10,730,310,1040,12,2187,083611114,BRITTON 1114,De anza,1,6/2/2025 1:21:05 AM,26704.1951155991
SF M,4.16kV,No,1295,48,9,0,9,690,40,730,4,2188,022270403,SF M 0403,San francisco,1,6/2/2025 1:21:05 AM,8198.4370277672
SOLEDAD,21kV,No,2566,206,50,39,19,3330,190,3520,21,2189,182052104,SOLEDAD 2104,Central coast,1,6/2/2025 1:21:05 AM,69927.3884087836
SALINAS,12kV,No,6781,194,67,1,12,6500,1140,7640,12,2190,182011105,SALINAS 1105,Central coast,1,6/2/2025 1:21:05 AM,91398.237733194
LAKEWOOD,21kV,No,1089,182,54,0,,138,165,303,21,2191,013532111,LAKEWOOD 2111,Diablo,1,11/11/2025 12:30:18 PM,16007.7200027523
BANCROFT,4.16kV,No,930,37,4,0,4,720,40,760,4,2192,013030402,BANCROFT 0402,East bay,1,6/2/2025 1:21:05 AM,10208.2340234251
LARKIN (Y),12kV,Yes,0,13,7,0,0,0,0,0,12,2193,022801134,LARKIN (Y) 1134,San francisco,1,6/2/2025 1:21:05 AM,4355.26426167638
BELLE HAVEN,4.16kV,No,1151,42,6,0,6,700,100,800,4,2194,024020408,BELLE HAVEN 0408,Peninsula,1,6/2/2025 1:21:05 AM,12186.9303063235
SAN JOSE B,12kV,No,2212,138,94,0,22,100,920,1020,12,2195,082261102,SAN JOSE B 1102,San jose,1,6/2/2025 1:21:05 AM,12215.3537916746
EDES,12kV,Yes,1298,126,88,0,13,460,1070,1530,12,2196,013681114,EDES 1114,East bay,1,6/2/2025 1:21:05 AM,19873.8148602611
HAMILTON A,12kV,Yes,399,55,21,91,3,2060,3340,5400,12,2197,102121101,HAMILTON A 1101,North valley,1,6/2/2025 1:21:05 AM,79322.9831904994
TIVY VALLEY,12kV,Yes,333,40,3,98,0,3470,410,3880,12,2198,252941106,TIVY VALLEY 1106,Fresno,1,6/2/2025 1:21:05 AM,67756.0578145505
BARTON,12kV,No,2765,85,10,0,9,3480,190,3670,12,2199,253571111,BARTON 1111,Fresno,1,6/2/2025 1:21:05 AM,51911.1355428749
MC MULLIN,12kV,No,155,40,7,202,0,2100,360,2460,12,2200,254411104,MC MULLIN 1104,Fresno,1,6/2/2025 1:21:05 AM,125414.709781913
SAN CARLOS,4.16kV,No,1199,27,3,0,1,1760,180,1940,4,2201,024180403,SAN CARLOS 0403,Peninsula,1,6/2/2025 1:21:05 AM,14280.3272615871
COUNTRY CLUB,12kV,Yes,950,78,46,0,2,1000,90,1090,12,2202,163121102,COUNTRY CLUB 1102,Stockton,1,11/11/2025 12:30:19 PM,10020.0598777136
MANTECA,17kV,No,2817,125,62,0,15,5650,240,5890,17,2203,162611706,MANTECA 1706,Stockton,1,11/11/2025 12:30:21 PM,50803.2078990919
EMBARCADERO (Z),12kV,No,1,2,23,0,1,0,0,0,12,2204,022871103,EMBARCADERO (Z) 1103,San francisco,1,6/2/2025 1:21:05 AM,5329.90081579137
EAST GRAND,12kV,Yes,3034,365,149,0,18,1640,880,2520,12,2205,022571101,EAST GRAND 1101,Peninsula,1,6/2/2025 1:21:05 AM,32893.946735556
GRAND ISLAND,21kV,No,1807,333,75,65,19,2920,280,3200,21,2206,062462225,GRAND ISLAND 2225,Sacramento,1,6/2/2025 1:21:05 AM,152591.630663495
BIG BASIN,12kV,No,2104,207,29,0,4,1870,150,2020,12,2207,082841101,BIG BASIN 1101,Central coast,1,6/2/2025 1:21:05 AM,116490.469898145
EL CERRITO G,12kV,No,5373,157,16,0,9,8400,600,9000,12,2208,012501105,EL CERRITO G 1105,East bay,1,6/2/2025 1:21:05 AM,109947.415639113
WHEELER RIDGE,12kV,Yes,70,55,18,121,26,860,26600,27460,12,2209,253481101,WHEELER RIDGE 1101,Kern,1,6/2/2025 1:21:05 AM,100931.156035545
CALIFORNIA AVE,12kV,Yes,5,108,111,0,,1107,1107,2214,12,2210,252281111,CALIFORNIA AVE 1111,Fresno,1,11/11/2025 11:54:16 AM,22101.5388238267
SOBRANTE,12kV,Yes,915,49,17,0,,2120,2218,4338,12,2211,014671103,SOBRANTE 1103,Diablo,1,11/11/2025 11:54:16 AM,39807.0504414867
CALIFORNIA AVE,12kV,Yes,11,185,48,2,,445,566,1011,12,2212,252281104,CALIFORNIA AVE 1104,Fresno,1,11/11/2025 12:30:24 PM,14880.7736803419
SF H,4.16kV,No,790,30,8,0,3,170,10,180,4,2213,022100404,SF H 0404,Peninsula,1,6/2/2025 1:21:05 AM,5810.18114237762
SAN JOSE A,4.16kV,No,360,116,9,0,2,110,20,130,4,2214,082250407,SAN JOSE A 0407,San jose,1,6/2/2025 1:21:05 AM,4484.48035549496
FORT BRAGG A,12kV,No,2503,131,18,2,6,1940,640,2580,12,2215,042761104,FORT BRAGG A 1104,Humboldt,1,6/2/2025 1:21:05 AM,84717.3817063118
CLAYTON,21kV,No,4796,205,69,0,,5309,5697,11006,21,2216,012022217,CLAYTON 2217,Diablo,1,11/11/2025 12:30:19 PM,93746.3475148383
SYCAMORE CREEK,12kV,No,1267,47,6,1,2,3620,80,3700,12,2217,102971103,SYCAMORE CREEK 1103,North valley,1,6/2/2025 1:21:05 AM,27291.2221122128
COLUMBUS,12kV,No,1769,146,76,0,11,5590,220,5810,12,2218,253951110,COLUMBUS 1110,Kern,1,6/2/2025 1:21:05 AM,38698.962568329
MISSION (X),12kV,No,3198,363,129,1,19,1010,10,1020,12,2219,022011124,MISSION (X) 1124,San francisco,1,6/2/2025 1:21:05 AM,18872.3854291109
MIDDLETOWN,12kV,No,1766,271,32,30,7,2470,2650,5120,12,2220,043141101,MIDDLETOWN 1101,Humboldt,1,6/2/2025 1:21:05 AM,276741.683155563
BORDEN,12kV,No,1700,74,18,46,10,6010,90,6100,12,2221,255121102,BORDEN 1102,Yosemite,1,6/2/2025 1:21:05 AM,71361.0840046614
WOLFE,12kV,No,2097,139,71,0,6,2300,940,3240,12,2222,083671109,WOLFE 1109,De anza,1,6/2/2025 1:21:05 AM,35725.2662942446
CHOWCHILLA,12kV,No,459,76,18,220,7,3880,5240,9120,12,2223,254101104,CHOWCHILLA 1104,Yosemite,1,6/2/2025 1:21:05 AM,165292.912807966
COUNTRY CLUB,12kV,No,1465,30,7,0,4,1160,100,1260,12,2224,163121106,COUNTRY CLUB 1106,Stockton,1,11/11/2025 12:30:19 PM,19422.1884713817
FREMONT,12kV,Yes,701,182,52,0,,431,1336,1767,12,2225,014351112,FREMONT 1112,Mission,1,11/11/2025 12:30:23 PM,17866.4775725595
FREMONT,12kV,No,3949,247,127,0,10,1690,1240,2930,12,2226,014351108,FREMONT 1108,Mission,1,11/11/2025 12:30:23 PM,40964.0531986266
OAKLAND L,12kV,No,0,26,15,0,9,600,0,600,12,2227,012111111,OAKLAND L 1111,East bay,1,6/2/2025 1:21:05 AM,4371.77614444149
EL PATIO,12kV,No,307,116,12,0,,215,215,430,12,2228,082921101,EL PATIO 1101,De Anza,1,11/11/2025 12:30:23 PM,6043.00982990914
EL PATIO,12kV,No,5109,202,73,0,18,3710,600,4310,12,2229,082921112,EL PATIO 1112,De Anza,1,11/11/2025 12:30:23 PM,49883.3893964668
EL PATIO,12kV,No,3409,232,59,0,,2537,2735,5272,12,2230,082921104,EL PATIO 1104,De Anza,1,11/11/2025 12:30:23 PM,39098.6298707908
FREMONT,12kV,No,5568,244,46,0,,2053,2906,4959,12,2231,014351103,FREMONT 1103,Mission,1,11/11/2025 12:30:23 PM,51392.1823988069
FREMONT,12kV,No,1137,44,7,0,,528,528,1056,12,2232,014351105,FREMONT 1105,Mission,1,11/11/2025 12:30:23 PM,9420.34172989144
MILPITAS,21kV,Yes,3093,99,41,0,12,930,30,960,21,2233,082832112,MILPITAS 2112,San Jose,1,11/11/2025 12:30:23 PM,33654.3247997803
EL PATIO,12kV,No,3971,147,74,0,9,2500,1180,3680,12,2234,082921103,EL PATIO 1103,De Anza,1,11/11/2025 12:30:23 PM,37828.3729121416
MILPITAS,12kV,No,713,149,114,0,6,1960,320,2280,12,2235,082831103,MILPITAS 1103,San Jose,1,11/11/2025 12:30:23 PM,30307.854389126
MILPITAS,12kV,No,3786,223,59,2,20,2880,300,3180,12,2236,082831101,MILPITAS 1101,San Jose,1,11/11/2025 12:30:23 PM,53810.0350155186
MILPITAS,12kV,No,1490,151,163,0,9,1470,270,1740,12,2237,082831106,MILPITAS 1106,San Jose,1,11/11/2025 12:30:23 PM,36283.112341581
PACIFICA,12kV,No,2738,73,12,3,2,2100,250,2350,12,2238,022811103,PACIFICA 1103,Peninsula,1,11/11/2025 12:30:23 PM,37419.1730562692
COUNTRY CLUB,12kV,No,1290,75,17,1,4,1690,550,2240,12,2239,163121104,COUNTRY CLUB 1104,Stockton,1,11/11/2025 12:30:19 PM,22622.5638032586
PACIFICA,12kV,Yes,1178,74,45,2,3,830,50,880,12,2240,022811104,PACIFICA 1104,Peninsula,1,11/11/2025 12:30:23 PM,20491.7782835453
ERTA,4.16kV,No,408,62,10,0,0,100,0,100,4,2241,083510403,ERTA 0403,Central coast,1,6/2/2025 1:21:05 AM,7979.30497765222
PERRY,12kV,No,1428,146,43,21,1,1550,90,1640,12,2242,183071104,PERRY 1104,Los padres,1,6/2/2025 1:21:05 AM,146491.683731977
STOCKTON A,12kV,No,2585,148,49,0,20,5720,490,6210,12,2243,162371107,STOCKTON A 1107,Stockton,1,6/2/2025 1:21:05 AM,55442.16423837
OAKHURST,12kV,No,2970,643,67,1,12,3270,610,3880,12,2244,254421103,OAKHURST 1103,Yosemite,1,6/2/2025 1:21:05 AM,279077.958266919
CONTRA COSTA,21kV,No,1529,212,63,0,14,1600,3620,5220,21,2245,013652105,CONTRA COSTA 2105,Diablo,1,11/11/2025 12:30:23 PM,53036.4727758403
WILSON,12kV,No,1723,154,36,347,8,6020,2540,8560,12,2246,254301103,WILSON 1103,Yosemite,1,6/2/2025 1:21:05 AM,246932.934167922
VIERRA,17kV,No,1603,102,187,0,9,6200,4330,10530,17,2247,162701706,VIERRA 1706,Stockton,1,6/2/2025 1:21:05 AM,54250.319241487
STOCKDALE,21kV,No,5399,92,68,2,11,24500,6470,30970,21,2248,254072112,STOCKDALE 2112,Kern,1,6/2/2025 1:21:05 AM,133846.837273148
OAKLAND D,12kV,No,4159,406,75,0,13,2310,320,2630,12,2249,012041134,OAKLAND D 1134,East bay,1,6/2/2025 1:21:05 AM,27633.5601276271
MOUNTAIN VIEW,12kV,No,3208,115,53,0,7,1710,2620,4330,12,2250,082031110,MOUNTAIN VIEW 1110,De anza,1,6/2/2025 1:21:05 AM,31079.0399031648
MENLO,4.16kV,No,817,40,3,0,3,1420,120,1540,4,2251,024130401,MENLO 0401,Peninsula,1,6/2/2025 1:21:05 AM,15687.2686970142
SAN RAFAEL,12kV,No,4099,353,54,0,,6126,6809,12935,12,2252,042011104,SAN RAFAEL 1104,North Bay,1,10/10/2025 8:50:32 AM,68787.4644371413
ANTELOPE,12kV,Yes,7,40,7,46,5,860,5550,6410,12,2253,252021101,ANTELOPE 1101,Kern,1,6/2/2025 1:21:05 AM,79987.4378488702
COUNTRY CLUB,12kV,No,1624,47,10,0,3,1740,100,1840,12,2254,163121101,COUNTRY CLUB 1101,Stockton,1,11/11/2025 12:30:19 PM,27952.5581043824
PEACHTON,12kV,Yes,378,77,10,169,3,2630,600,3230,12,2255,103241102,PEACHTON 1102,North Valley,1,11/11/2025 12:30:22 PM,142417.695413201
COALINGA NO 1,12kV,No,1169,95,33,13,16,5240,1890,7130,12,2256,252161109,COALINGA NO 1 1109,Fresno,1,11/11/2025 12:30:19 PM,67379.9642420742
WASCO,12kV,Yes,1488,161,59,3,3,5290,60,5350,12,2257,252961102,WASCO 1102,Kern,1,11/11/2025 12:30:19 PM,35980.3376109291
EL PECO,12kV,Yes,63,23,4,174,0,2090,1050,3140,12,2258,253981102,EL PECO 1102,Yosemite,1,11/11/2025 12:30:19 PM,106095.821177353
NARROWS,21kV,No,3307,132,14,14,0,6650,550,7200,21,2259,153132102,NARROWS 2102,Sierra,1,11/11/2025 12:30:24 PM,255619.117668729
CONTRA COSTA,21kV,No,3715,257,93,2,,8469,9378,17847,21,2260,013652107,CONTRA COSTA 2107,Diablo,1,11/11/2025 12:30:23 PM,97672.6366663308
CONTRA COSTA,21kV,No,3030,288,66,0,7,6980,390,7370,21,2261,013652115,CONTRA COSTA 2115,Diablo,1,11/11/2025 12:30:23 PM,83850.55059545
CONTRA COSTA,21kV,No,4162,173,39,0,34,4250,280,4530,21,2262,013652104,CONTRA COSTA 2104,Diablo,1,11/11/2025 12:30:23 PM,68849.1913930706
CONTRA COSTA,21kV,No,2914,391,57,0,16,2080,200,2280,21,2263,013652103,CONTRA COSTA 2103,Diablo,1,11/11/2025 12:30:23 PM,50789.5369770799
ELECTRA,12kV,No,512,147,39,1,,1184,1610,2794,12,2264,162161102,ELECTRA 1102,Stockton,1,11/11/2025 12:30:24 PM,52332.6854605891
NEWARK 12KV,12kV,Yes,1099,124,101,0,10,480,230,710,12,2265,012221101,NEWARK 12KV 1101,Mission,1,11/11/2025 12:30:24 PM,26028.5054508675
OAKLAND I,4.16kV,No,722,26,3,1,,151,186,337,4,2266,012080401,OAKLAND I 0401,East Bay,1,11/11/2025 12:30:20 PM,7416.22138929688
KING CITY,12kV,Yes,143,56,20,112,5,5060,4380,9440,12,2267,182031106,KING CITY 1106,Central Coast,1,11/11/2025 12:30:20 PM,149575.14740289
SF J,12kV,Yes,173,1,8,0,5,220,0,220,12,2268,022221108,SF J 1108,San francisco,1,6/2/2025 1:21:05 AM,10632.897258254
EL CERRITO G,12kV,No,2286,207,62,0,25,1600,340,1940,12,2269,012501101,EL CERRITO G 1101,East bay,1,6/2/2025 1:21:05 AM,30008.2187778861
TRIMBLE,21kV,No,213,133,141,0,10,3900,5400,9300,21,2270,083802116,TRIMBLE 2116,San jose,1,6/2/2025 1:21:05 AM,31884.5131271414
MANCHESTER,12kV,Yes,1495,75,40,1,11,1660,80,1740,12,2271,253921107,MANCHESTER 1107,Fresno,1,6/2/2025 1:21:05 AM,21800.6018566868
EAST GRAND,12kV,Yes,3,308,123,0,7,530,1270,1800,12,2272,022571110,EAST GRAND 1110,Peninsula,1,6/2/2025 1:21:05 AM,17593.5791916729
REDWOOD CITY,12kV,No,2389,228,159,0,20,1050,940,1990,12,2273,024161103,REDWOOD CITY 1103,Peninsula,1,6/2/2025 1:21:05 AM,24609.940268393
MISSION (X),12kV,No,796,5,10,0,13,40,0,40,12,2274,022011114,MISSION (X) 1114,San francisco,1,6/2/2025 1:21:05 AM,4085.32447411712
TRES VIAS,12kV,No,1021,109,16,92,7,6450,2300,8750,12,2275,103251101,TRES VIAS 1101,North valley,1,6/2/2025 1:21:05 AM,152348.743605596
GRAND ISLAND,21kV,Yes,615,186,35,290,3,1790,2340,4130,21,2276,062462227,GRAND ISLAND 2227,Sacramento,1,6/2/2025 1:21:05 AM,331324.913732331
EAST MARYSVILLE,12kV,No,1697,55,12,0,1,2210,120,2330,12,2277,152331107,EAST MARYSVILLE 1107,Sacramento,1,6/2/2025 1:21:05 AM,24941.2859181799
SF G,4.16kV,Yes,241,23,7,0,0,0,0,0,4,2278,022090410,SF G 0410,San francisco,1,6/2/2025 1:21:05 AM,2363.95669027193
HOPLAND,12kV,Yes,952,199,43,120,7,4190,17480,21670,12,2279,042251101,HOPLAND 1101,Humboldt,1,6/2/2025 1:21:05 AM,280962.681205828
PETALUMA C,12kV,No,3654,434,126,43,26,5800,750,6550,12,2280,042631109,PETALUMA C 1109,Sonoma,1,10/10/2025 9:34:35 AM,179205.768182584
MC CALL,12kV,Yes,1404,113,13,461,2,7520,260,7780,12,2281,254121101,MC CALL 1101,Fresno,1,6/2/2025 1:21:05 AM,212407.030916628
SAN ARDO,12kV,Yes,44,30,4,67,1,80,410,490,12,2282,182191101,SAN ARDO 1101,Central coast,1,6/2/2025 1:21:05 AM,113094.391060631
BIG BASIN,12kV,Yes,1515,171,13,1,3,1320,190,1510,12,2283,082841102,BIG BASIN 1102,Central coast,1,6/2/2025 1:21:05 AM,156609.931205714
GONZALES,12kV,No,352,64,11,154,7,2660,1060,3720,12,2284,182131104,GONZALES 1104,Central coast,1,6/2/2025 1:21:05 AM,110533.735026764
FAMOSO,12kV,Yes,15,17,9,120,0,530,9290,9820,12,2285,252461101,FAMOSO 1101,Kern,1,11/11/2025 12:30:20 PM,78764.2225231199
MORGAN HILL,21kV,No,1792,458,172,53,9,4030,980,5010,21,2286,083242110,MORGAN HILL 2110,San jose,1,6/2/2025 1:21:05 AM,104064.345165832
ALMADEN,12kV,No,3910,146,68,0,15,4460,2090,6550,12,2287,082311111,ALMADEN 1111,San jose,1,6/2/2025 1:21:05 AM,54755.1021273632
6TH AVENUE,4.16kV,No,1248,84,14,0,2,60,0,60,4,2288,022530401,6TH AVENUE 0401,San francisco,1,6/2/2025 1:21:05 AM,4339.77472134962
OAKLAND C,12kV,Yes,242,94,41,0,3,440,0,440,12,2289,012011117,OAKLAND C 1117,East bay,1,6/2/2025 1:21:05 AM,15354.7238197799
FAMOSO,12kV,Yes,36,45,10,62,6,1230,10800,12030,12,2290,252461103,FAMOSO 1103,Kern,1,11/11/2025 12:30:20 PM,62229.9713351761
WOODLAND,12kV,No,3293,182,35,0,6,3760,870,4630,12,2291,062031109,WOODLAND 1109,Sacramento,1,11/11/2025 12:30:20 PM,41721.3947971485
CHICO B,12kV,No,544,299,97,0,17,650,230,880,12,2292,102491106,CHICO B 1106,North Valley,1,11/11/2025 12:30:20 PM,10883.4350885923
SF J,12kV,No,21,70,24,0,0,0,0,0,12,2293,022221106,SF J 1106,San francisco,1,6/2/2025 1:21:05 AM,3286.29014852657
COUNTRY CLUB,12kV,No,1679,93,40,0,3,1000,60,1060,12,2294,163121103,COUNTRY CLUB 1103,Stockton,1,6/2/2025 1:21:05 AM,17529.4310506692
OAKLAND D,12kV,Yes,1843,122,24,0,8,170,640,810,12,2295,012041107,OAKLAND D 1107,East bay,1,6/2/2025 1:21:05 AM,12133.6630732187
STELLING,12kV,Yes,274,6,3,0,1,710,110,820,12,2296,083481112,STELLING 1112,De anza,1,6/2/2025 1:21:05 AM,5814.6577425067
EMBARCADERO (Z),12kV,No,188,22,30,0,2,70,0,70,12,2297,022871106,EMBARCADERO (Z) 1106,San francisco,1,6/2/2025 1:21:05 AM,3581.84004707918
EMBARCADERO (Z),12kV,No,4331,406,116,0,25,710,10,720,12,2298,022871123,EMBARCADERO (Z) 1123,San francisco,1,6/2/2025 1:21:05 AM,19632.214190808
CLOVIS,12kV,No,2379,70,8,37,2,9890,440,10330,12,2299,254081108,CLOVIS 1108,Fresno,1,6/2/2025 1:21:05 AM,75166.4116358599
HARTER,12kV,Yes,771,152,81,2,6,2820,1200,4020,12,2300,152851106,HARTER 1106,Sacramento,1,6/2/2025 1:21:05 AM,24131.7803392547
EL CERRITO G,12kV,No,2771,158,45,0,18,2140,910,3050,12,2301,012501111,EL CERRITO G 1111,East bay,1,6/2/2025 1:21:05 AM,46337.838828288
MOUNTAIN VIEW,12kV,Yes,1553,55,28,0,8,4330,220,4550,12,2302,082031109,MOUNTAIN VIEW 1109,De anza,1,6/2/2025 1:21:05 AM,39364.6295222496
CHEROKEE,12kV,Yes,655,88,29,160,5,1710,470,2180,12,2303,163651102,CHEROKEE 1102,Stockton,1,11/11/2025 12:30:20 PM,80248.263442616
YOSEMITE,4.16kV,No,840,22,0,0,12,190,10,200,4,2304,022490402,YOSEMITE 0402,San francisco,1,6/2/2025 1:21:05 AM,6061.10943886316
WINDSOR,12kV,No,1329,98,17,18,3,2190,150,2340,12,2305,043501103,WINDSOR 1103,Sonoma,1,6/2/2025 1:21:05 AM,50795.4988511949
JESSUP,12kV,No,2040,267,69,2,1,3430,3450,6880,12,2306,103441102,JESSUP 1102,North valley,1,6/2/2025 1:21:05 AM,214325.515877454
OROVILLE,4.16kV,No,218,19,3,1,0,120,30,150,4,2307,102520403,OROVILLE 0403,North valley,1,6/2/2025 1:21:05 AM,4484.43555356479
STONE,12kV,No,3032,552,160,0,7,1660,480,2140,12,2308,083701109,STONE 1109,San jose,1,6/2/2025 1:21:05 AM,35023.0542632379
MESA,12kV,No,1625,249,65,153,8,3490,12210,15700,12,2309,182821101,MESA 1101,Los padres,1,6/2/2025 1:21:05 AM,182431.627274119
PEASE,12kV,No,1537,44,8,14,2,4350,80,4430,12,2310,153751101,PEASE 1101,Sacramento,1,6/2/2025 1:21:05 AM,45837.2326737809
BERESFORD,4.16kV,Yes,95,105,32,0,5,70,0,70,4,2311,024040401,BERESFORD 0401,Peninsula,1,6/2/2025 1:21:05 AM,3751.73966160409
BIG LAGOON,12kV,No,130,16,0,0,2,90,0,90,12,2312,192361101,BIG LAGOON 1101,Humboldt,1,6/2/2025 1:21:05 AM,12268.4595434304
MOUNTAIN VIEW,12kV,No,2404,257,66,0,13,4700,660,5360,12,2313,082031107,MOUNTAIN VIEW 1107,De anza,1,6/2/2025 1:21:05 AM,53130.4327540475
FRENCH CAMP,12kV,No,2990,59,5,10,16,7300,610,7910,12,2314,163291104,FRENCH CAMP 1104,Stockton,1,6/2/2025 1:21:05 AM,61599.3899038185
MALAGA,12kV,Yes,13,76,47,3,12,2010,6780,8790,12,2315,254251111,MALAGA 1111,Fresno,1,6/2/2025 1:21:05 AM,19588.2272847528
LOS OSITOS,21kV,Yes,76,36,5,115,2,2740,3130,5870,21,2316,182082102,LOS OSITOS 2102,Central coast,1,6/2/2025 1:21:05 AM,104136.003603237
LOS MOLINOS,12kV,Yes,866,77,8,84,,3051,4560,7611,12,2317,103481101,LOS MOLINOS 1101,North Valley,1,10/10/2025 8:50:33 AM,120526.718876545
SF N,4.16kV,No,1854,29,1,0,1,240,10,250,4,2318,022280401,SF N 0401,San francisco,1,6/2/2025 1:21:05 AM,6736.78609743303
EL PATIO,12kV,No,1277,87,28,0,3,2750,140,2890,12,2319,082921119,EL PATIO 1119,De anza,1,6/2/2025 1:21:05 AM,28269.4611584531
EDENVALE,12kV,No,3597,108,16,0,6,6200,270,6470,12,2320,082951103,EDENVALE 1103,San jose,1,6/2/2025 1:21:05 AM,54485.0405989133
FORESTHILL,12kV,No,416,19,1,0,0,860,70,930,12,2321,152181102,FORESTHILL 1102,Sierra,1,6/2/2025 1:21:05 AM,96483.0053448455
LOGAN CREEK,21kV,No,793,265,41,402,5,7740,6840,14580,21,2322,103142102,LOGAN CREEK 2102,North valley,1,6/2/2025 1:21:05 AM,514031.133042035
ATWATER,12kV,Yes,512,45,21,297,3,13750,11110,24860,12,2323,253611102,ATWATER 1102,Yosemite,1,6/2/2025 1:21:05 AM,173077.541192865
MISSION (X),12kV,No,2445,297,226,1,41,950,240,1190,12,2324,022011125,MISSION (X) 1125,San francisco,1,6/2/2025 1:21:05 AM,24535.8020493364
SAN LEANDRO U,12kV,Yes,620,97,33,0,7,360,0,360,12,2325,013111112,SAN LEANDRO U 1112,Mission,1,6/2/2025 1:21:05 AM,12675.388338282
SANGER,12kV,No,928,96,43,9,7,2010,110,2120,12,2326,252351106,SANGER 1106,Fresno,1,6/2/2025 1:21:05 AM,22509.6852008405
SAN LEANDRO U,12kV,Yes,2084,165,64,0,13,660,1260,1920,12,2327,013111108,SAN LEANDRO U 1108,Mission,1,6/2/2025 1:21:05 AM,24294.2168183029
GLENWOOD,12kV,Yes,1171,57,51,0,5,1720,170,1890,12,2328,024091101,GLENWOOD 1101,Peninsula,1,6/2/2025 1:21:05 AM,24853.0022770317
OAKLAND K,12kV,No,2963,145,18,0,18,4340,290,4630,12,2329,012101103,OAKLAND K 1103,East bay,1,6/2/2025 1:21:05 AM,45029.5116931666
HAMILTON A,12kV,No,449,36,11,79,3,1360,330,1690,12,2330,102121102,HAMILTON A 1102,North valley,1,6/2/2025 1:21:05 AM,86720.4731330714
HATTON,12kV,No,3099,360,68,19,5,6310,1000,7310,12,2331,182291101,HATTON 1101,Central coast,1,6/2/2025 1:21:05 AM,290284.611516678
MISSION (X),12kV,Yes,5235,206,31,0,30,700,20,720,12,2332,022011108,MISSION (X) 1108,San francisco,1,6/2/2025 1:21:05 AM,24946.7822668126
SALMON CREEK,12kV,No,1600,197,36,27,2,2100,290,2390,12,2333,043161101,SALMON CREEK 1101,Sonoma,1,6/2/2025 1:21:05 AM,143536.37888444
NOTRE DAME,12kV,No,1892,124,6,10,3,1310,100,1410,12,2334,103031102,ORO FINO 1102,North valley,1,6/2/2025 1:21:05 AM,255863.488487287
APPLE HILL,12kV,No,1121,143,32,4,4,2260,5190,7450,12,2335,153661103,APPLE HILL 1103,Sierra,1,6/2/2025 1:21:05 AM,136272.511587047
VACAVILLE,12kV,Yes,1967,121,80,0,11,3600,650,4250,12,2336,063601109,VACAVILLE 1109,Sacramento,1,10/10/2025 9:34:35 AM,47574.6569091087
PETALUMA C,12kV,No,4881,449,66,172,15,9750,610,10360,12,2337,042631108,PETALUMA C 1108,Sonoma,1,6/2/2025 1:21:05 AM,272443.096164251
BARRY,12kV,No,164,43,3,94,,371,505,876,12,2338,152111102,BARRY 1102,Sacramento,1,11/11/2025 12:30:21 PM,37558.841200261
BARRY,12kV,Yes,122,32,2,107,1,620,10190,10810,12,2339,152111101,BARRY 1101,Sacramento,1,11/11/2025 12:30:21 PM,72579.8629797869
BARRY,12kV,Yes,246,33,4,91,1,870,170,1040,12,2340,152111103,BARRY 1103,Sacramento,1,11/11/2025 12:30:21 PM,69873.0235013384
OLIVEHURST,12kV,No,1586,71,22,22,0,6780,6100,12880,12,2341,152901101,OLIVEHURST 1101,Sacramento,1,11/11/2025 12:30:21 PM,75399.6208786658
BRUNSWICK,12kV,No,2800,616,122,4,7,3650,330,3980,12,2342,152481103,BRUNSWICK 1103,Sierra,1,11/11/2025 12:30:21 PM,163573.286513826
PENRYN,12kV,No,1726,174,21,36,3,6080,710,6790,12,2343,152561105,PENRYN 1105,Sierra,1,11/11/2025 12:30:21 PM,196560.362741779
TAFT,12kV,No,1411,93,28,0,5,5550,20,5570,12,2344,252081103,TAFT 1103,Kern,1,11/11/2025 12:30:21 PM,55973.409397936
TAFT,12kV,No,392,76,9,0,0,430,17830,18260,12,2345,252081108,TAFT 1108,Kern,1,11/11/2025 12:30:21 PM,18710.0291716852
HENRIETTA,12kV,Yes,45,16,13,68,8,5480,4030,9510,12,2346,252681106,HENRIETTA 1106,Fresno,1,6/2/2025 1:21:05 AM,96139.3419425775
ALHAMBRA,12kV,No,1427,59,7,0,8,2160,230,2390,12,2347,014101101,ALHAMBRA 1101,Diablo,1,10/10/2025 9:34:37 AM,34601.4485888787
POINT PINOLE,12kV,No,5097,132,38,0,10,3500,200,3700,12,2348,014261101,POINT PINOLE 1101,East Bay,1,11/11/2025 12:30:20 PM,76306.5447460145
SAN JOSE A,12kV,Yes,507,79,21,0,12,140,220,360,12,2349,082251109,SAN JOSE A 1109,San Jose,1,11/11/2025 12:30:20 PM,9369.2865887116
ALLEGHANY,12kV,No,912,153,9,0,6,790,10,800,12,2350,152101101,ALLEGHANY 1101,Sierra,1,11/11/2025 12:30:21 PM,164268.905355177
WEIMAR,12kV,No,1676,95,17,1,6,3850,330,4180,12,2351,152491101,WEIMAR 1101,Sierra,1,11/11/2025 12:30:21 PM,171638.743599763
SF L,4.16kV,No,352,75,5,0,1,240,20,260,4,2352,022260404,SF L 0404,San francisco,1,6/2/2025 1:21:05 AM,5456.63270624182
LUCERNE,12kV,No,2044,190,28,26,9,4440,740,5180,12,2353,043351103,LUCERNE 1103,Humboldt,1,6/2/2025 1:21:05 AM,116536.356267559
EIGHT MILE,21kV,No,2163,184,77,308,28,9120,2440,11560,21,2354,163912101,EIGHT MILE 2101,Stockton,1,6/2/2025 1:21:05 AM,203014.580728696
STONE CORRAL,12kV,No,400,76,12,416,2,1230,90,1320,12,2355,252921108,STONE CORRAL 1108,Fresno,1,6/2/2025 1:21:05 AM,154334.570816915
PIPER BANK,4.16kV,Yes,69,7,0,1,0,30,0,30,4,2356,018120401,PIPER BANK 0401,Diablo,1,6/2/2025 1:21:05 AM,3201.20316218388
CAROLANDS,4.16kV,No,1037,34,1,0,8,2340,210,2550,4,2357,024060404,CAROLANDS 0404,Peninsula,1,6/2/2025 1:21:05 AM,35213.7554094323
TAR FLAT,4.16kV,No,429,63,3,0,4,230,20,250,4,2358,163240402,TAR FLAT 0402,Yosemite,1,6/2/2025 1:21:05 AM,14259.4989891459
BURLINGAME,21kV,No,1721,114,21,0,4,1020,160,1180,21,2359,024052101,BURLINGAME 2101,Peninsula,1,6/2/2025 1:21:05 AM,17254.3423098536
HALSEY,12kV,No,1746,273,79,5,31,3850,1220,5070,12,2360,152241102,HALSEY 1102,Sierra,1,6/2/2025 1:21:05 AM,151982.040134339
RIVERBANK,17kV,No,1709,144,35,305,4,5780,250,6030,17,2361,163191715,RIVERBANK 1715,Yosemite,1,6/2/2025 1:21:05 AM,206491.009218163
SUISUN,12kV,Yes,595,159,73,0,2,1360,110,1470,12,2362,062131101,SUISUN 1101,North bay,1,6/2/2025 1:21:05 AM,27264.882719253
BURLINGAME,4.16kV,No,1140,102,17,0,4,540,120,660,4,2363,024050401,BURLINGAME 0401,Peninsula,1,6/2/2025 1:21:05 AM,11464.8942808415
BULLARD,12kV,No,668,96,27,0,2,1440,40,1480,12,2364,253961106,BULLARD 1106,Fresno,1,6/2/2025 1:21:05 AM,14975.7217141178
SISQUOC,12kV,Yes,259,77,20,178,0,1850,850,2700,12,2365,182811102,SISQUOC 1102,Los padres,1,6/2/2025 1:21:05 AM,228812.544584028
HUNTERS POINT (P),12kV,No,4727,317,50,0,46,1030,50,1080,12,2366,022331103,HUNTERS POINT (P) 1103,San francisco,1,6/2/2025 1:21:05 AM,33638.827262319
WOODWARD,21kV,No,2554,157,71,0,8,7010,170,7180,21,2367,255292105,WOODWARD 2105,Fresno,1,6/2/2025 1:21:05 AM,55921.6119170952
VACAVILLE,12kV,Yes,1999,92,19,3,3,6240,360,6600,12,2368,063601111,VACAVILLE 1111,Sacramento,1,11/11/2025 12:30:19 PM,72716.811717841
WOODACRE,12kV,No,1000,101,21,10,0,1570,220,1790,12,2369,043021101,WOODACRE 1101,Sonoma,1,6/2/2025 1:21:05 AM,90464.0040944621
PIERCY,21kV,No,2929,113,17,7,5,8720,700,9420,21,2370,083912110,PIERCY 2110,San jose,1,6/2/2025 1:21:05 AM,127151.279747198
SF J,4.16kV,No,625,120,24,0,3,20,0,20,4,2371,022220406,SF J 0406,San francisco,1,6/2/2025 1:21:05 AM,5663.79308386312
PASO ROBLES,21kV,No,2513,280,151,5,6,10540,1940,12480,21,2372,182611108,PASO ROBLES 1108,Los padres,1,6/2/2025 1:21:05 AM,82939.4126560673
MANCHESTER,12kV,No,554,164,64,0,5,590,290,880,12,2373,253921104,MANCHESTER 1104,Fresno,1,6/2/2025 1:21:05 AM,11514.7252459906
OAKLAND C,12kV,Yes,0,3,3,0,1,3400,0,3400,12,2374,012011119,OAKLAND C 1119,East bay,1,6/2/2025 1:21:05 AM,3315.43459704586
DIXON,12kV,No,788,185,21,284,4,3070,640,3710,12,2375,062061103,DIXON 1103,North bay,1,6/2/2025 1:21:05 AM,255364.632288396
STELLING,12kV,No,3799,151,27,0,12,9320,1550,10870,12,2376,083481108,STELLING 1108,De Anza,1,11/11/2025 12:30:18 PM,79526.6747038559
SNEATH LANE,12kV,No,3645,118,30,0,7,2000,120,2120,12,2377,022721102,SNEATH LANE 1102,Peninsula,1,11/11/2025 12:30:18 PM,43478.9488270538
NEWBURG,12kV,Yes,471,38,4,4,0,290,50,340,12,2378,192151133,NEWBURG 1133,Humboldt,1,11/11/2025 12:30:19 PM,38459.5065387231
BLUE LAKE,12kV,Yes,35,29,7,8,,8,2012,2020,12,2379,192181101,BLUE LAKE 1101,Humboldt,1,11/11/2025 12:30:25 PM,16029.5561004549
FRUITLAND,12kV,No,286,83,12,4,0,40,0,40,12,2380,192311141,FRUITLAND 1141,Humboldt,1,11/11/2025 12:30:22 PM,56062.2743739173
RANCHERS COTTON,12kV,Yes,1447,146,80,0,10,7020,770,7790,12,2381,254801101,RANCHERS COTTON 1101,Fresno,1,11/11/2025 12:30:22 PM,42200.9282401015
MARIPOSA,21kV,No,3549,268,28,10,3,4120,450,4570,21,2382,254452101,MARIPOSA 2101,Yosemite,1,11/11/2025 12:30:22 PM,566746.767464266
ACTON,4.16kV,No,1169,92,5,0,1,230,0,230,4,2383,022470401,ACTON 0401,San francisco,1,6/2/2025 1:21:05 AM,8209.130841027
PLEASANT GROVE,21kV,Yes,2895,100,136,0,14,32710,1170,33880,21,2384,152442103,PLEASANT GROVE 2103,Sierra,1,6/2/2025 1:21:05 AM,92539.262256071
SANTA MARIA,12kV,Yes,308,114,27,66,3,2230,840,3070,12,2385,182671109,SANTA MARIA 1109,Los padres,1,6/2/2025 1:21:05 AM,47703.8461573549
FREMONT,12kV,No,4754,328,69,0,13,4930,2570,7500,12,2386,014351109,FREMONT 1109,Mission,1,6/2/2025 1:21:05 AM,80971.3610381381
COARSEGOLD,21kV,No,1861,153,47,15,6,5190,450,5640,21,2387,254432103,COARSEGOLD 2103,Yosemite,1,6/2/2025 1:21:05 AM,249442.939356809
SANTA ROSA A,12kV,No,4983,249,68,6,17,3970,390,4360,12,2388,042151111,SANTA ROSA A 1111,Sonoma,1,6/2/2025 1:21:05 AM,96589.1087531176
MIDWAY,12kV,Yes,80,32,4,139,1,3120,930,4050,12,2389,252611102,MIDWAY 1102,Kern,1,6/2/2025 1:21:05 AM,104824.948121579
SPENCE,12kV,Yes,90,26,2,123,0,1120,50,1170,12,2390,182201102,SPENCE 1102,Central coast,1,6/2/2025 1:21:05 AM,71753.2444567883
STELLING,12kV,Yes,2199,108,31,0,9,2700,660,3360,12,2391,083481104,STELLING 1104,De anza,1,6/2/2025 1:21:05 AM,33146.2482208769
BRUNSWICK,12kV,No,2369,280,62,6,7,4150,1970,6120,12,2392,152481104,BRUNSWICK 1104,Sierra,1,6/2/2025 1:21:05 AM,161034.285170876
OAKLAND X,12kV,No,7023,389,65,0,13,1940,210,2150,12,2393,012541115,OAKLAND X 1115,East bay,1,6/2/2025 1:21:05 AM,34571.1866347149
LOYOLA,12kV,No,1566,279,89,1,7,3930,920,4850,12,2394,082161101,LOYOLA 1101,De anza,1,6/2/2025 1:21:05 AM,57017.9147759207
NORD,12kV,No,2477,368,109,40,7,4060,200,4260,12,2395,103071103,NORD 1103,North Valley,1,11/11/2025 12:30:18 PM,59302.8877641251
WHEATLAND,12kV,No,1443,150,62,85,2,4320,520,4840,12,2396,152811102,WHEATLAND 1102,Sacramento,1,11/11/2025 12:30:21 PM,79859.1699756029
STROUD,12kV,Yes,28,20,2,95,0,2150,0,2150,12,2397,253661104,STROUD 1104,Fresno,1,6/2/2025 1:21:05 AM,69262.9817209824
,4.16kV,No,664,46,4,0,4,140,20,160,4,2398,012240401,HAYWARD O 0401,Mission,1,6/2/2025 1:21:05 AM,9372.82433790915
HERDLYN,12kV,No,615,154,61,76,36,4870,990,5860,12,2399,163741102,HERDLYN 1102,Diablo,1,6/2/2025 1:21:05 AM,202434.737685821
EMBARCADERO (Z),12kV,Yes,236,55,57,0,29,1740,100,1840,12,2400,022871114,EMBARCADERO (Z) 1114,San francisco,1,6/2/2025 1:21:05 AM,11664.6262023489
MABURY,12kV,No,3867,290,122,2,16,2150,290,2440,12,2401,082191105,MABURY 1105,San jose,1,6/2/2025 1:21:05 AM,48147.5443166779
LOGAN CREEK,21kV,No,818,213,30,256,12,5660,11270,16930,21,2402,103142101,LOGAN CREEK 2101,North valley,1,6/2/2025 1:21:05 AM,347622.781876693
TAFT,12kV,No,1254,208,39,0,6,1950,5540,7490,12,2403,252081101,TAFT 1101,Kern,1,6/2/2025 1:21:05 AM,34023.2581219134
SF L,4.16kV,Yes,1595,12,8,0,1,0,0,0,4,2404,022260402,SF L 0402,San francisco,1,6/2/2025 1:21:05 AM,7662.34375266023
REEDLEY,12kV,No,744,88,26,571,9,2920,1610,4530,12,2405,252341104,REEDLEY 1104,Fresno,1,6/2/2025 1:21:05 AM,171477.696612219
BUTTE,12kV,No,852,124,27,411,2,4280,2200,6480,12,2406,103081107,BUTTE 1107,North valley,1,6/2/2025 1:21:05 AM,234717.63241419
MC CALL,12kV,No,598,99,42,380,15,4530,510,5040,12,2407,254121106,MC CALL 1106,Fresno,1,6/2/2025 1:21:05 AM,154297.766222589
JOLON,12kV,Yes,1,10,8,0,1,9840,9810,19650,12,2408,182981103,JOLON 1103,Central coast,1,6/2/2025 1:21:05 AM,38209.6362520646
JACINTO,12kV,Yes,144,79,9,179,4,1490,1630,3120,12,2409,102851101,JACINTO 1101,North Valley,1,11/11/2025 12:30:18 PM,163405.924979318
AUBURN,12kV,No,540,136,37,0,9,470,180,650,12,2410,152161101,AUBURN 1101,Sierra,1,11/11/2025 12:30:21 PM,12428.0616547054
WHISMAN,12kV,No,2755,122,41,0,,1660,2100,3760,12,2411,083631108,WHISMAN 1108,De Anza,1,11/11/2025 11:54:12 AM,30339.0737766285
WHISMAN,12kV,Yes,315,75,50,0,,2631,5749,8380,12,2412,083631105,WHISMAN 1105,De Anza,1,11/11/2025 11:54:12 AM,16794.4742676497
BROOKSIDE,4.16kV,No,930,38,5,0,1,230,0,230,4,2413,013210401,BROOKSIDE 0401,East bay,1,6/2/2025 1:21:05 AM,8299.57299922537
WHISMAN,12kV,Yes,801,38,55,0,5,170,10,180,12,2414,083631103,WHISMAN 1103,De Anza,1,11/11/2025 12:30:19 PM,10109.0150386328
LAS GALLINAS A,12kV,No,4107,258,35,3,17,2810,170,2980,12,2415,042991106,LAS GALLINAS A 1106,Sonoma,1,11/11/2025 12:30:20 PM,70750.9627630359
SF N,4.16kV,No,697,16,3,0,1,50,10,60,4,2416,022280402,SF N 0402,San francisco,1,6/2/2025 1:21:05 AM,4369.12888274276
MARINA (F),4.16kV,No,1846,150,23,0,2,40,0,40,4,2417,022780405,MARINA (F) 0405,San francisco,1,6/2/2025 1:21:05 AM,6540.70446827867
OAKLAND X,4.16kV,No,1453,34,2,0,3,390,30,420,4,2418,012540401,OAKLAND X 0401,East bay,1,6/2/2025 1:21:05 AM,11561.4111957641
MIDDLE RIVER,12kV,Yes,13,16,2,22,1,0,420,420,12,2419,162091101,MIDDLE RIVER 1101,Stockton,1,6/2/2025 1:21:05 AM,64565.0900946564
DAVIS,12kV,No,745,312,112,206,19,3460,1400,4860,12,2420,062041107,DAVIS 1107,Sacramento,1,6/2/2025 1:21:05 AM,182299.295330238
,12kV,No,3619,210,35,11,14,5260,820,6080,12,2421,043321101,RINCON 1101,Sonoma,1,6/2/2025 1:21:05 AM,138892.608766019
BELLE HAVEN,12kV,No,3268,434,173,0,18,3330,690,4020,12,2422,024021106,BELLE HAVEN 1106,Peninsula,1,6/2/2025 1:21:05 AM,55310.9434110414
JANES CREEK,12kV,Yes,29,75,39,3,1,3300,0,3300,12,2423,192391104,JANES CREEK 1104,Humboldt,1,6/2/2025 1:21:05 AM,9041.89683006055
RED BLUFF,12kV,No,2433,251,37,6,6,4500,890,5390,12,2424,103541103,RED BLUFF 1103,North valley,1,6/2/2025 1:21:05 AM,97483.1844313947
OROVILLE,4.16kV,No,212,147,17,0,12,140,10,150,4,2425,102520402,OROVILLE 0402,North valley,1,6/2/2025 1:21:05 AM,5315.09344408389
KINGSBURG,12kV,No,280,36,6,428,2,8880,1400,10280,12,2426,252241110,KINGSBURG 1110,Fresno,1,6/2/2025 1:21:05 AM,180453.308030061
DUMBARTON,12kV,No,5469,122,30,0,6,2320,320,2640,12,2427,014471103,DUMBARTON 1103,Mission,1,6/2/2025 1:21:05 AM,75698.7283365924
WOODLAND,12kV,Yes,0,0,2,0,1,2570,0,2570,12,2428,062031111,WOODLAND 1111,Sacramento,1,6/2/2025 1:21:05 AM,4690.87623994496
STUART,4.16kV,No,999,36,4,0,1,460,10,470,4,2429,013840405,STUART 0405,East bay,1,6/2/2025 1:21:05 AM,5911.73059419029
MARINA (F),4.16kV,No,735,21,6,0,7,30,20,50,4,2430,022780402,MARINA (F) 0402,San francisco,1,6/2/2025 1:21:05 AM,3525.14183298835
SF N,4.16kV,No,1146,202,23,0,9,40,0,40,4,2431,022280405,SF N 0405,San francisco,1,6/2/2025 1:21:05 AM,4455.10219985376
LARKIN (Y),12kV,No,3806,407,111,0,15,360,0,360,12,2432,022801110,LARKIN (Y) 1110,San francisco,1,6/2/2025 1:21:05 AM,18891.5656166085
EMBARCADERO (Z),12kV,No,1563,354,125,0,6,30,10,40,12,2433,022871112,EMBARCADERO (Z) 1112,San francisco,1,6/2/2025 1:21:05 AM,10513.3557796716
PLEASANT GROVE,21kV,No,3367,296,188,0,18,6440,3050,9490,21,2434,152442107,PLEASANT GROVE 2107,Sierra,1,11/11/2025 12:30:22 PM,72682.208049585
PLEASANT GROVE,21kV,No,3837,108,100,0,8,15380,1000,16380,21,2435,152442109,PLEASANT GROVE 2109,Sierra,1,11/11/2025 12:30:22 PM,102801.846648741
EL DORADO PH,21kV,No,3675,202,49,0,17,2330,210,2540,21,2436,152762101,EL DORADO PH 2101,Sierra,1,11/11/2025 12:30:22 PM,326483.222564239
MIDDLE RIVER,12kV,Yes,19,22,11,26,31,1170,2600,3770,12,2437,162091102,MIDDLE RIVER 1102,Stockton,1,11/11/2025 12:30:22 PM,65990.7600654859
MISSION (X),12kV,No,113,17,7,0,9,70,0,70,12,2438,022011112,MISSION (X) 1112,San francisco,1,6/2/2025 1:21:05 AM,4849.28801768859
SF H,4.16kV,No,599,15,1,0,4,170,0,170,4,2439,022100405,SF H 0405,Peninsula,1,6/2/2025 1:21:05 AM,5841.44178997616
GANSO,12kV,Yes,29,18,14,76,1,2700,4290,6990,12,2440,254541103,GANSO 1103,Kern,1,11/11/2025 12:30:23 PM,81582.9841534554
REDWOOD CITY,4.16kV,No,582,145,15,0,1,90,0,90,4,2441,024160404,REDWOOD CITY 0404,Peninsula,1,6/2/2025 1:21:05 AM,6336.74915774889
CHARCA,12kV,No,2178,119,21,27,5,4300,4790,9090,12,2442,254501106,CHARCA 1106,Kern,1,6/2/2025 1:21:05 AM,60617.6337784968
EMBARCADERO (Z),12kV,Yes,2636,239,117,2,22,100,0,100,12,2443,022871115,EMBARCADERO (Z) 1115,San francisco,1,6/2/2025 1:21:05 AM,13306.2366900137
DIXON,12kV,Yes,359,138,53,15,3,1190,100,1290,12,2444,062061104,DIXON 1104,North bay,1,6/2/2025 1:21:05 AM,34048.5075394081
ORTIGA,12kV,No,1882,149,35,75,3,4420,480,4900,12,2445,254311105,ORTIGA 1105,Yosemite,1,6/2/2025 1:21:05 AM,110773.131514772
HIGHWAY,12kV,Yes,654,19,31,1,0,2330,2080,4410,12,2446,042651105,HIGHWAY 1105,North bay,1,6/2/2025 1:21:05 AM,23501.5978744557
SMYRNA,12kV,Yes,10,6,1,53,0,220,3540,3760,12,2447,253551104,SMYRNA 1104,Kern,1,6/2/2025 1:21:05 AM,91478.9151086303
REDWOOD CITY,4.16kV,No,1290,49,14,0,9,670,170,840,4,2448,024160408,REDWOOD CITY 0408,Peninsula,1,6/2/2025 1:21:05 AM,15021.2862015679
JANES CREEK,12kV,Yes,2778,386,89,16,11,4850,490,5340,12,2449,192391103,JANES CREEK 1103,Humboldt,1,6/2/2025 1:21:05 AM,131046.266600879
SCHINDLER,12kV,Yes,21,12,2,65,35,2540,0,2540,12,2450,252891105,SCHINDLER 1105,Fresno,1,6/2/2025 1:21:05 AM,84962.0095331887
SF H,12kV,Yes,1765,89,15,0,11,380,40,420,12,2451,022101107,SF H 1107,Peninsula,1,6/2/2025 1:21:05 AM,13397.0430880857
MANCHESTER,12kV,No,1838,131,52,0,6,2730,130,2860,12,2452,253921112,MANCHESTER 1112,Fresno,1,6/2/2025 1:21:05 AM,39292.9090551443
RED BLUFF,12kV,No,1372,117,25,27,4,3980,260,4240,12,2453,103541104,RED BLUFF 1104,North valley,1,6/2/2025 1:21:05 AM,208830.035621454
BRITTON,12kV,No,1050,42,69,1,2,1250,10,1260,12,2454,083611113,BRITTON 1113,De anza,1,6/2/2025 1:21:05 AM,18912.2439199372
MC ARTHUR,12kV,No,1034,207,15,189,1,1970,280,2250,12,2455,103491101,MC ARTHUR 1101,North valley,1,6/2/2025 1:21:05 AM,404720.13115699
SF G,4.16kV,No,876,19,2,0,1,100,0,100,4,2456,022090403,SF G 0403,San francisco,1,6/2/2025 1:21:05 AM,4740.03637651808
SF K,4.16kV,No,1499,118,15,0,2,80,0,80,4,2457,022130406,SF K 0406,San francisco,1,6/2/2025 1:21:05 AM,4340.15608961319
CANAL,12kV,Yes,1197,383,126,0,15,1790,5530,7320,12,2458,252091104,CANAL 1104,Yosemite,1,11/11/2025 12:30:24 PM,30643.8377998563
MERCED,21kV,No,4545,651,147,1,50,6370,240,6610,21,2459,252802102,MERCED 2102,Yosemite,1,11/11/2025 12:30:24 PM,74680.6537961623
FELLOWS,21kV,Yes,137,37,15,0,0,7140,2920,10060,21,2460,254242103,FELLOWS 2103,Kern,1,11/11/2025 12:30:24 PM,53085.6181697332
WILLOWS A,12kV,No,1193,156,29,0,11,2820,590,3410,12,2461,102741103,WILLOWS A 1103,North Valley,1,11/11/2025 12:30:24 PM,31309.7773318351
CANAL,12kV,No,1661,114,94,6,19,3010,5280,8290,12,2462,252091106,CANAL 1106,Yosemite,1,11/11/2025 12:30:24 PM,40386.068764737
EMBARCADERO (Z),12kV,Yes,0,7,19,0,1,0,0,0,12,2463,022871107,EMBARCADERO (Z) 1107,San francisco,1,6/2/2025 1:21:05 AM,6392.97576709671
PETALUMA C,12kV,Yes,2,132,21,0,6,60,0,60,12,2464,042631110,PETALUMA C 1110,Sonoma,1,6/2/2025 1:21:05 AM,2254.05778152218
BELMONT,12kV,Yes,4579,289,90,0,10,5030,1950,6980,12,2465,024031102,BELMONT 1102,Peninsula,1,6/2/2025 1:21:05 AM,51111.9612343759
CHICO A,4.16kV,No,443,18,2,1,1,260,20,280,4,2466,102050401,CHICO A 0401,North valley,1,6/2/2025 1:21:05 AM,4720.20556910061
SF K,4.16kV,No,1410,141,7,0,2,110,20,130,4,2467,022130411,SF K 0411,San francisco,1,6/2/2025 1:21:05 AM,4881.23573923893
FIGARDEN,21kV,No,1276,116,39,0,1,4690,240,4930,21,2468,254552109,FIGARDEN 2109,Fresno,1,6/2/2025 1:21:05 AM,45131.95371123
MONTAGUE,21kV,Yes,337,62,77,0,2,5230,10,5240,21,2469,083892109,MONTAGUE 2109,San jose,1,6/2/2025 1:21:05 AM,19363.6245158547
STOREY,12kV,No,1465,121,12,62,4,6390,1190,7580,12,2470,254611108,STOREY 1108,Yosemite,1,6/2/2025 1:21:05 AM,147977.222063233
IONE,12kV,Yes,975,46,13,13,1,5530,170,5700,12,2471,163881101,IONE 1101,Stockton,1,6/2/2025 1:21:05 AM,87571.3103353268
WEST SACRAMENTO,12kV,No,0,45,131,0,6,4500,1470,5970,12,2472,063131111,WEST SACRAMENTO 1111,Sacramento,1,6/2/2025 1:21:05 AM,21462.5810620151
HORSESHOE,12kV,No,1247,34,6,0,1,4090,340,4430,12,2473,152571104,HORSESHOE 1104,Sierra,1,6/2/2025 1:21:05 AM,47462.7406029362
DEL MONTE,21kV,No,5512,866,234,0,42,1670,70,1740,21,2474,182222105,DEL MONTE 2105,Central coast,1,6/2/2025 1:21:05 AM,64573.8194581534
FRANKLIN,12kV,No,4619,204,123,0,20,4630,310,4940,12,2475,013921102,FRANKLIN 1102,East Bay,1,11/11/2025 12:30:25 PM,85982.3782165099
HAMMONDS,12kV,Yes,50,43,5,157,11,2610,820,3430,12,2476,253401102,HAMMONDS 1102,Yosemite,1,11/11/2025 12:30:25 PM,147633.183127369
TEJON,12kV,Yes,27,16,6,62,1,840,1160,2000,12,2477,252931103,TEJON 1103,Kern,1,11/11/2025 12:30:25 PM,62923.9401877252
TEJON,12kV,Yes,504,172,76,34,,1874,3108,4982,12,2478,252931102,TEJON 1102,Kern,1,11/11/2025 12:30:25 PM,217773.184364585
SF J,12kV,No,16,77,31,0,2,0,0,0,12,2479,022221103,SF J 1103,San francisco,1,6/2/2025 1:21:05 AM,2024.88341860684
MANTECA,17kV,No,2739,268,85,31,15,7660,430,8090,17,2480,162611703,MANTECA 1703,Stockton,1,6/2/2025 1:21:05 AM,90761.7236692971
HUNTERS POINT (P),12kV,No,3082,503,157,2,41,1600,500,2100,12,2481,022331102,HUNTERS POINT (P) 1102,San francisco,1,6/2/2025 1:21:05 AM,40730.2382888135
SAN LUIS OBISPO,12kV,No,3339,706,223,2,10,2580,1380,3960,12,2482,182631108,SAN LUIS OBISPO 1108,Los padres,1,6/2/2025 1:21:05 AM,55035.4152562331
EEL RIVER,12kV,Yes,1153,182,37,258,7,980,110,1090,12,2483,192381102,EEL RIVER 1102,Humboldt,1,6/2/2025 1:21:05 AM,314658.803846847
GIRVAN,12kV,No,1184,215,64,12,1,3290,210,3500,12,2484,103401102,GIRVAN 1102,North valley,1,6/2/2025 1:21:05 AM,183850.513995861
NEWMAN,12kV,Yes,541,148,39,18,2,2990,40,3030,12,2485,162741102,NEWMAN 1102,Yosemite,1,6/2/2025 1:21:05 AM,24589.5342927844
BERKELEY F,4.16kV,No,1179,61,8,0,3,330,10,340,4,2486,012060403,BERKELEY F 0403,East bay,1,6/2/2025 1:21:05 AM,5995.65696908357
CAMP EVERS,21kV,No,2307,555,204,1,16,5820,1910,7730,21,2487,083622104,CAMP EVERS 2104,Central coast,1,6/2/2025 1:21:05 AM,111510.925516241
MARYSVILLE,12kV,No,303,268,62,0,10,1510,320,1830,12,2488,152011106,MARYSVILLE 1106,Sacramento,1,6/2/2025 1:21:05 AM,15740.510896563
CAMPHORA,12kV,Yes,109,40,7,132,3,8910,30,8940,12,2489,182071101,CAMPHORA 1101,Central coast,1,6/2/2025 1:21:05 AM,108312.81271653
LOS OSITOS,21kV,No,4694,351,107,116,16,6750,1290,8040,21,2490,182082101,LOS OSITOS 2101,Central coast,1,6/2/2025 1:21:05 AM,266594.401214449
RAWSON,12kV,No,2009,377,102,41,6,4440,1140,5580,12,2491,103531103,RAWSON 1103,North valley,1,6/2/2025 1:21:05 AM,114224.246498191
SAN RAFAEL,12kV,Yes,49,690,141,0,15,2880,320,3200,12,2492,042011103,SAN RAFAEL 1103,Sonoma,1,6/2/2025 1:21:05 AM,29645.7100346927
CAMDEN,12kV,No,1221,120,22,157,5,4140,690,4830,12,2493,252301102,CAMDEN 1102,Fresno,1,6/2/2025 1:21:05 AM,88441.4091972125
BRITTON,12kV,Yes,1889,79,27,0,4,130,0,130,12,2494,083611104,BRITTON 1104,De anza,1,6/2/2025 1:21:05 AM,18590.2401023488
COALINGA NO 1,12kV,No,1902,109,42,8,4,4010,830,4840,12,2495,252161108,COALINGA NO 1 1108,Fresno,1,11/11/2025 12:30:19 PM,136299.225255201
RESERVATION ROAD,12kV,No,2158,215,27,6,9,3710,1190,4900,12,2496,182731101,RESERVATION ROAD 1101,Central Coast,1,11/11/2025 12:30:24 PM,134473.13812089
LAKEWOOD,21kV,No,3377,143,28,0,22,5770,500,6270,21,2497,013532224,LAKEWOOD 2224,Diablo,1,6/2/2025 1:21:05 AM,79954.590323104
GATES,12kV,Yes,27,13,3,82,26,2210,2260,4470,12,2498,253931110,GATES 1110,Fresno,1,6/2/2025 1:21:05 AM,87324.0444705529
WEST LANE,12kV,No,1973,221,67,0,7,1490,150,1640,12,2499,163621103,WEST LANE 1103,Stockton,1,6/2/2025 1:21:05 AM,30831.4038801756
HILLSDALE,4.16kV,No,860,23,0,0,0,1200,120,1320,4,2500,024110401,HILLSDALE 0401,Peninsula,1,6/2/2025 1:21:05 AM,15315.1505331287
BONITA,12kV,Yes,273,53,10,206,0,3010,1490,4500,12,2501,255391101,BONITA 1101,Yosemite,1,6/2/2025 1:21:05 AM,120399.232739108
METTLER,12kV,Yes,510,79,23,68,7,830,380,1210,12,2502,163701109,METTLER 1109,Stockton,1,6/2/2025 1:21:05 AM,48541.4876859299
HONCUT,12kV,No,856,128,23,298,2,3580,1040,4620,12,2503,103211102,HONCUT 1102,North valley,1,6/2/2025 1:21:05 AM,298969.356881296
WOODACRE,12kV,Yes,2868,141,19,2,6,4510,1080,5590,12,2504,043021102,WOODACRE 1102,Sonoma,1,6/2/2025 1:21:05 AM,76851.1418100535
FULTON,12kV,No,2939,135,16,12,5,4320,580,4900,12,2505,042561104,FULTON 1104,Sonoma,1,6/2/2025 1:21:05 AM,70175.9606244257
WEST SACRAMENTO,12kV,No,3979,124,27,53,5,4120,310,4430,12,2506,063131109,WEST SACRAMENTO 1109,Sacramento,1,6/2/2025 1:21:05 AM,98801.1337860538
BELMONT,4.16kV,No,925,140,27,0,8,590,70,660,4,2507,024030401,BELMONT 0401,Peninsula,1,6/2/2025 1:21:05 AM,14809.5279763749
SUISUN,12kV,No,2465,224,63,0,14,2320,1370,3690,12,2508,062131108,SUISUN 1108,North bay,1,6/2/2025 1:21:05 AM,44821.3844313753
MC CALL,12kV,Yes,1373,127,36,338,14,11530,300,11830,12,2509,254121108,MC CALL 1108,Fresno,1,6/2/2025 1:21:05 AM,135863.446557961
PLAINFIELD,12kV,No,3528,79,7,37,7,10310,990,11300,12,2510,063441106,PLAINFIELD 1106,Sacramento,1,6/2/2025 1:21:05 AM,109876.062652922
MADERA,12kV,No,915,143,33,430,8,10320,1360,11680,12,2511,252761119,MADERA 1119,Yosemite,1,6/2/2025 1:21:05 AM,239071.85131379
JAMESON,12kV,No,2128,84,56,19,5,6340,310,6650,12,2512,063801102,JAMESON 1102,North bay,1,6/2/2025 1:21:05 AM,114727.420883103
FMC,12kV,No,1009,146,57,0,3,370,30,400,12,2513,083871105,FMC 1105,San jose,1,6/2/2025 1:21:05 AM,15225.9276454493
PAUL SWEET,21kV,No,5282,907,280,2,18,4370,340,4710,21,2514,083252104,PAUL SWEET 2104,Central Coast,1,11/11/2025 12:30:18 PM,115328.867133569
WOODLAND,12kV,Yes,1028,65,90,3,18,4990,990,5980,12,2515,062031101,WOODLAND 1101,Sacramento,1,11/11/2025 12:30:20 PM,42853.8918281744
SYCAMORE CREEK,12kV,No,2088,329,103,0,11,2860,1090,3950,12,2516,102971110,SYCAMORE CREEK 1110,North valley,1,6/2/2025 1:21:05 AM,50231.6865339322
PASO ROBLES,12kV,No,2568,377,133,80,9,6870,1010,7880,12,2517,182611104,PASO ROBLES 1104,Los padres,1,6/2/2025 1:21:05 AM,159491.823784964
OCEAN,4.16kV,No,1162,49,7,0,7,570,60,630,4,2518,022580402,OCEAN 0402,San francisco,1,6/2/2025 1:21:05 AM,12434.7733822109
KONOCTI,12kV,No,2594,276,38,97,6,3100,6630,9730,12,2519,043311102,KONOCTI 1102,Humboldt,1,6/2/2025 1:21:05 AM,331680.5638524
BELMONT,12kV,No,1922,587,162,0,15,1250,280,1530,12,2520,024031104,BELMONT 1104,Peninsula,1,6/2/2025 1:21:05 AM,23289.5790553406
WILLITS,12kV,No,2722,333,77,9,11,1980,530,2510,12,2521,042661104,WILLITS 1104,Humboldt,1,6/2/2025 1:21:05 AM,212648.242006797
FRENCH CAMP,12kV,Yes,666,82,23,36,9,1520,130,1650,12,2522,163291101,FRENCH CAMP 1101,Stockton,1,6/2/2025 1:21:05 AM,36670.6843851951
LAMMERS,12kV,No,1937,78,16,3,4,4780,140,4920,12,2523,162771106,LAMMERS 1106,Stockton,1,6/2/2025 1:21:05 AM,45701.1078263489
SAN LEANDRO U,12kV,No,5989,330,73,0,40,2350,580,2930,12,2524,013111107,SAN LEANDRO U 1107,Mission,1,6/2/2025 1:21:05 AM,57070.4593145633
ASHLAN AVE,12kV,No,2298,101,29,0,5,2270,60,2330,12,2525,252051107,ASHLAN AVE 1107,Fresno,1,6/2/2025 1:21:05 AM,23313.9092582011
FIGARDEN,21kV,No,2525,136,46,51,1,10900,370,11270,21,2526,254552112,FIGARDEN 2112,Fresno,1,6/2/2025 1:21:05 AM,143099.096884266
JACOBS CORNER,12kV,Yes,459,96,53,85,5,2830,220,3050,12,2527,254771102,JACOBS CORNER 1102,Fresno,1,6/2/2025 1:21:05 AM,111868.787709514
EL CERRITO G,12kV,No,1672,280,69,0,20,500,80,580,12,2528,012501106,EL CERRITO G 1106,East bay,1,6/2/2025 1:21:05 AM,31440.1285763412
SAN RAFAEL,12kV,No,1788,440,95,0,13,2690,460,3150,12,2529,042011110,SAN RAFAEL 1110,Sonoma,1,6/2/2025 1:21:05 AM,35195.5990794006
DIXON,12kV,No,2140,90,15,12,2,6200,290,6490,12,2530,062061102,DIXON 1102,North bay,1,6/2/2025 1:21:05 AM,58413.820176378
PINEDALE,21kV,No,2822,157,53,1,6,7870,370,8240,21,2531,252852102,PINEDALE 2102,Fresno,1,6/2/2025 1:21:05 AM,77623.5233262512
SANGER,12kV,No,2297,63,2,113,5,8770,540,9310,12,2532,252351118,SANGER 1118,Fresno,1,6/2/2025 1:21:05 AM,94323.523666999
FROGTOWN,17kV,No,3075,555,144,58,65,8930,970,9900,17,2533,163451702,FROGTOWN 1702,Stockton,1,6/2/2025 1:21:05 AM,509679.831426922
PIERCY,21kV,No,5647,209,53,0,5,6200,1260,7460,21,2534,083912109,PIERCY 2109,San jose,1,6/2/2025 1:21:05 AM,72576.6406439415
BARTON,12kV,No,2230,98,45,2,6,2290,340,2630,12,2535,253571114,BARTON 1114,Fresno,1,6/2/2025 1:21:05 AM,37865.0571201164
DAIRYLAND,12kV,No,208,50,16,214,6,6030,340,6370,12,2536,252421113,DAIRYLAND 1113,Yosemite,1,6/2/2025 1:21:05 AM,170609.566590045
KING CITY,12kV,Yes,8,26,2,45,1,0,600,600,12,2537,182031104,KING CITY 1104,Central coast,1,6/2/2025 1:21:05 AM,32286.0255255955
KINGSBURG,12kV,No,1099,143,26,462,6,10090,870,10960,12,2538,252241111,KINGSBURG 1111,Fresno,1,6/2/2025 1:21:05 AM,173639.998000303
LAS PULGAS,4.16kV,No,1195,51,6,0,4,1480,260,1740,4,2539,024120403,LAS PULGAS 0403,Peninsula,1,6/2/2025 1:21:05 AM,17054.6454550626
OLD RIVER,12kV,Yes,6,16,6,109,1,10820,400,11220,12,2540,252821101,OLD RIVER 1101,Kern,1,6/2/2025 1:21:05 AM,87928.1365322487
MERIDIAN,12kV,No,160,58,8,191,1,1780,6090,7870,12,2541,062541102,MERIDIAN 1102,Sacramento,1,6/2/2025 1:21:05 AM,150282.134722166
CABRILLO,12kV,No,1367,121,30,181,2,1900,560,2460,12,2542,183101103,CABRILLO 1103,Los padres,1,6/2/2025 1:21:05 AM,218977.543969611
LEMOORE,12kV,No,2335,274,83,23,8,6600,310,6910,12,2543,253601105,LEMOORE 1105,Fresno,1,6/2/2025 1:21:05 AM,59032.5794476156
TIDEWATER,21kV,No,2784,345,136,1,28,2110,180,2290,21,2544,014652108,TIDEWATER 2108,Diablo,1,6/2/2025 1:21:05 AM,49730.35264162
BEAR VALLEY,21kV,No,1401,180,10,9,0,980,60,1040,21,2545,252192105,BEAR VALLEY 2105,Yosemite,1,6/2/2025 1:21:05 AM,317745.69840535
CARUTHERS,12kV,Yes,75,12,1,150,6,5770,1680,7450,12,2546,252371105,CARUTHERS 1105,Fresno,1,6/2/2025 1:21:05 AM,114758.414480591
TEJON,12kV,Yes,72,25,76,66,5,9630,2520,12150,12,2547,252931106,TEJON 1106,Kern,1,6/2/2025 1:21:05 AM,84589.8192895599
NOVATO,12kV,No,535,254,117,0,11,1050,1650,2700,12,2548,042211103,NOVATO 1103,Sonoma,1,6/2/2025 1:21:05 AM,27952.4136655951
BELMONT,12kV,No,0,15,22,0,5,330,1640,1970,12,2549,024031111,BELMONT 1111,Peninsula,1,6/2/2025 1:21:05 AM,10856.0839258685
TRIMBLE,12kV,Yes,2,15,25,1,1,1140,0,1140,12,2550,083801110,TRIMBLE 1110,San jose,1,6/2/2025 1:21:05 AM,10639.5710255201
EMBARCADERO (Z),12kV,Yes,0,11,12,0,13,0,0,0,12,2551,022871121,EMBARCADERO (Z) 1121,San francisco,1,6/2/2025 1:21:05 AM,7233.33899452943
EAST GRAND,12kV,Yes,0,11,17,0,0,3020,0,3020,12,2552,022571115,EAST GRAND 1115,Peninsula,1,6/2/2025 1:21:05 AM,5904.49934551579
BAHIA,12kV,Yes,29,408,168,2,9,1730,1050,2780,12,2553,043251102,BAHIA 1102,North bay,1,6/2/2025 1:21:05 AM,53687.9681590368
CANAL,12kV,No,2448,80,21,85,3,5080,6440,11520,12,2554,252091103,CANAL 1103,Yosemite,1,6/2/2025 1:21:05 AM,148475.288144308
NAPA,12kV,No,2376,322,60,1,15,1780,190,1970,12,2555,042021105,NAPA 1105,North bay,1,6/2/2025 1:21:05 AM,40375.3972664008
BELL,12kV,No,1164,340,146,2,26,3330,1010,4340,12,2556,152701110,BELL 1110,Sierra,1,6/2/2025 1:21:05 AM,53528.7193189603
EDES,12kV,Yes,1604,202,82,5,4,1000,200,1200,12,2557,013681101,EDES 1101,East bay,1,6/2/2025 1:21:05 AM,22378.6501086675
CALIFORNIA AVE,12kV,Yes,1815,130,52,0,14,6010,440,6450,12,2558,252281110,CALIFORNIA AVE 1110,Fresno,1,6/2/2025 1:21:05 AM,26206.3866860758
FIGARDEN,21kV,No,5099,474,133,59,17,16390,2870,19260,21,2559,254552102,FIGARDEN 2102,Fresno,1,6/2/2025 1:21:05 AM,155791.481953587
LARKIN (Y),12kV,Yes,875,79,16,0,7,120,0,120,12,2560,022801138,LARKIN (Y) 1138,San francisco,1,6/2/2025 1:21:05 AM,13473.1535160613
MONTAGUE,21kV,No,2407,199,97,0,9,420,3210,3630,21,2561,083892108,MONTAGUE 2108,San jose,1,6/2/2025 1:21:05 AM,31022.5693342302
SF H,12kV,No,3567,197,111,2,32,1790,130,1920,12,2562,022101103,SF H 1103,Peninsula,1,6/2/2025 1:21:05 AM,35052.1715605503
SOBRANTE,12kV,No,1735,76,15,0,19,5690,520,6210,12,2563,014671102,SOBRANTE 1102,Diablo,1,6/2/2025 1:21:05 AM,84724.8507315728
STOCKDALE,12kV,No,1839,94,115,1,4,3460,390,3850,12,2564,254071109,STOCKDALE 1109,Kern,1,6/2/2025 1:21:05 AM,40637.0466187945
CASSIDY,21kV,No,1194,165,35,84,3,5420,3150,8570,21,2565,254272107,CASSIDY 2107,Yosemite,1,6/2/2025 1:21:05 AM,122652.821613161
CAMP EVERS,21kV,No,3509,171,40,0,7,3190,1210,4400,21,2566,083622105,CAMP EVERS 2105,Central coast,1,6/2/2025 1:21:05 AM,166133.816311856
OAKLAND X,12kV,Yes,2459,47,9,0,3,530,110,640,12,2567,012541109,OAKLAND X 1109,East bay,1,6/2/2025 1:21:05 AM,16255.3114887099
KETTLEMAN HILLS,12kV,Yes,6,9,4,28,7,3200,5380,8580,12,2568,252731101,KETTLEMAN HILLS 1101,Fresno,1,6/2/2025 1:21:05 AM,69009.1476715503
POTRERO PP (A),12kV,Yes,777,140,58,0,29,200,0,200,12,2569,022031115,POTRERO PP (A) 1115,San francisco,1,6/2/2025 1:21:05 AM,11649.7662170938
SANTA ROSA A,12kV,Yes,1859,312,87,4,15,1060,5050,6110,12,2570,042151105,SANTA ROSA A 1105,Sonoma,1,6/2/2025 1:21:05 AM,30334.3106226551
LARKIN (Y),12kV,No,3485,301,145,0,22,580,10,590,12,2571,022801111,LARKIN (Y) 1111,San francisco,1,6/2/2025 1:21:05 AM,18511.0785542326
MISSION (X),12kV,No,632,176,109,0,13,0,0,0,12,2572,022011154,MISSION (X) 1154,San francisco,1,6/2/2025 1:21:05 AM,11563.4421565903
RED BLUFF,12kV,No,1621,234,58,25,2,4580,500,5080,12,2573,103541105,RED BLUFF 1105,North valley,1,6/2/2025 1:21:05 AM,98522.2548301459
OROVILLE,12kV,Yes,642,253,41,0,5,940,10,950,12,2574,102521102,OROVILLE 1102,North valley,1,6/2/2025 1:21:05 AM,17258.8752744153
SAN LEANDRO U,12kV,Yes,23,131,125,0,4,890,40,930,12,2575,013111103,SAN LEANDRO U 1103,Mission,1,6/2/2025 1:21:05 AM,13783.8712253018
BELLE HAVEN,12kV,No,776,28,55,0,1,70,0,70,12,2576,024021103,BELLE HAVEN 1103,Peninsula,1,6/2/2025 1:21:05 AM,8476.33345897414
GERBER,12kV,Yes,456,73,4,127,7,2670,5100,7770,12,2577,103391102,GERBER 1102,North valley,1,6/2/2025 1:21:05 AM,155421.563564341
LAS POSITAS,21kV,No,3489,330,165,0,12,4270,990,5260,21,2578,014402104,LAS POSITAS 2104,Mission,1,6/2/2025 1:21:05 AM,67146.9926202748
COTTLE,17kV,No,526,61,13,255,10,3720,1420,5140,17,2579,163711708,COTTLE 1708,Yosemite,1,6/2/2025 1:21:05 AM,269530.704195641
BELMONT,12kV,No,5665,442,102,0,9,4020,320,4340,12,2580,024031110,BELMONT 1110,Peninsula,1,6/2/2025 1:21:05 AM,64893.3763892183
SAN RAFAEL,12kV,No,4050,428,60,0,4,3690,540,4230,12,2581,042011108,SAN RAFAEL 1108,Sonoma,1,6/2/2025 1:21:05 AM,70059.0264495247
TWISSELMAN,12kV,Yes,4,15,6,93,1,3150,9390,12540,12,2582,254401102,TWISSELMAN 1102,Kern,1,6/2/2025 1:21:05 AM,98457.2096445261
GREENBRAE,12kV,Yes,1932,154,40,0,10,1440,130,1570,12,2583,043091103,GREENBRAE 1103,Sonoma,1,6/2/2025 1:21:05 AM,30838.3622836129
WOLFE,12kV,No,1943,133,142,0,13,2330,180,2510,12,2584,083671105,WOLFE 1105,De Anza,1,11/11/2025 12:30:18 PM,29986.9900227015
SARATOGA,12kV,No,1522,223,34,0,5,3190,1490,4680,12,2585,083371103,SARATOGA 1103,De anza,1,6/2/2025 1:21:05 AM,37728.6663372332
ATASCADERO,12kV,No,3312,318,37,89,4,9550,440,9990,12,2586,182541103,ATASCADERO 1103,Los padres,1,6/2/2025 1:21:05 AM,293312.349078913
STELLING,12kV,No,3048,113,48,0,10,3750,360,4110,12,2587,083481113,STELLING 1113,De anza,1,6/2/2025 1:21:05 AM,47130.1857674738
MONTAGUE,21kV,No,693,25,59,0,5,2300,10,2310,21,2588,083892105,MONTAGUE 2105,San jose,1,6/2/2025 1:21:05 AM,17746.3030929896
WEBER,12kV,No,198,102,62,13,7,6150,5050,11200,12,2589,163481110,WEBER 1110,Stockton,1,6/2/2025 1:21:05 AM,42205.9453920615
COARSEGOLD,21kV,No,1498,92,17,1,2,2610,460,3070,21,2590,254432102,COARSEGOLD 2102,Yosemite,1,6/2/2025 1:21:05 AM,159432.647854605
OAKLAND D,12kV,No,3455,334,133,0,18,1750,530,2280,12,2591,012041131,OAKLAND D 1131,East bay,1,6/2/2025 1:21:05 AM,22704.4117726982
WEST FRESNO,12kV,No,1795,121,33,71,12,4500,630,5130,12,2592,253731112,WEST FRESNO 1112,Fresno,1,6/2/2025 1:21:05 AM,80075.2701191791
STONE,12kV,No,3499,170,31,0,17,5820,1340,7160,12,2593,083701101,STONE 1101,San jose,1,6/2/2025 1:21:05 AM,50428.8756171241
BAY MEADOWS,12kV,Yes,1331,189,67,0,16,840,0,840,12,2594,024011102,BAY MEADOWS 1102,Peninsula,1,6/2/2025 1:21:05 AM,18930.2310524796
EAST GRAND,4.16kV,No,1276,131,23,0,9,410,40,450,4,2595,022570401,EAST GRAND 0401,Peninsula,1,6/2/2025 1:21:05 AM,11854.1755586674
LAKEVIEW,12kV,Yes,8,23,18,60,0,1200,6270,7470,12,2596,253411106,LAKEVIEW 1106,Kern,1,6/2/2025 1:21:05 AM,71737.0163445069
HOLLISTER,21kV,No,941,250,112,102,7,3550,5440,8990,21,2597,182492104,HOLLISTER 2104,Central coast,1,6/2/2025 1:21:05 AM,183155.031607574
GEYSERVILLE,12kV,No,1020,235,74,237,9,7600,430,8030,12,2598,042891101,GEYSERVILLE 1101,Sonoma,1,6/2/2025 1:21:05 AM,315628.298590255
LE GRAND,12kV,Yes,37,18,1,114,0,1490,100,1590,12,2599,255361104,LE GRAND 1104,Yosemite,1,6/2/2025 1:21:05 AM,120902.626763461
CLEAR LAKE,12kV,No,1408,222,37,192,0,2310,460,2770,12,2600,042141101,CLEAR LAKE 1101,Humboldt,1,6/2/2025 1:21:05 AM,145890.046960719
BRITTON,12kV,Yes,636,88,97,0,4,1980,3440,5420,12,2601,083611111,BRITTON 1111,De Anza,1,11/11/2025 12:30:18 PM,20157.981255518
SARATOGA,12kV,No,4750,109,14,0,7,6230,470,6700,12,2602,083371109,SARATOGA 1109,De Anza,1,11/11/2025 12:30:18 PM,61644.1998341884
RENFRO,21kV,No,3416,135,84,6,14,15560,900,16460,21,2603,254572105,RENFRO 2105,Kern,1,6/2/2025 1:21:05 AM,83183.2026314272
OAKLAND D,12kV,Yes,1100,64,27,0,4,1260,950,2210,12,2604,012041102,OAKLAND D 1102,East bay,1,6/2/2025 1:21:05 AM,10123.2991056542
LOS ALTOS,12kV,No,1185,86,15,0,2,2960,140,3100,12,2605,082241106,LOS ALTOS 1106,De anza,1,6/2/2025 1:21:05 AM,25676.2554354733
LINDEN,12kV,Yes,301,43,4,134,0,1310,3530,4840,12,2606,162071101,LINDEN 1101,Stockton,1,6/2/2025 1:21:05 AM,74872.7085261964
STOCKTON A,12kV,Yes,34,138,75,0,10,140,520,660,12,2607,162371103,STOCKTON A 1103,Stockton,1,11/11/2025 12:30:20 PM,8759.66044166134
NOVATO,12kV,Yes,463,51,23,0,4,1400,510,1910,12,2608,042211102,NOVATO 1102,Sonoma,1,6/2/2025 1:21:05 AM,13035.5097080031
UKIAH,12kV,No,1416,163,102,17,2,3000,150,3150,12,2609,042771115,UKIAH 1115,Humboldt,1,6/2/2025 1:21:05 AM,125875.283058402
LAKEVILLE,12kV,No,3897,109,8,0,7,5470,200,5670,12,2610,043371105,LAKEVILLE 1105,Sonoma,1,6/2/2025 1:21:05 AM,71569.7873451916
LARKIN (Y),12kV,No,4067,397,121,0,21,320,50,370,12,2611,022801120,LARKIN (Y) 1120,San francisco,1,6/2/2025 1:21:05 AM,19399.3503805027
CLAYTON,21kV,No,3006,136,78,0,13,3350,800,4150,21,2612,012022213,CLAYTON 2213,Diablo,1,11/11/2025 12:30:20 PM,70384.8047845615
LARKIN (Y),12kV,No,4565,128,77,0,39,730,10,740,12,2613,022801137,LARKIN (Y) 1137,San francisco,1,6/2/2025 1:21:05 AM,19199.9585871479
SF L,12kV,No,3606,95,5,0,15,4970,20,4990,12,2614,022261102,SF L 1102,San francisco,1,6/2/2025 1:21:05 AM,22463.8511256076
KINGSBURG,12kV,Yes,1715,80,45,216,5,8450,2360,10810,12,2615,252241108,KINGSBURG 1108,Fresno,1,6/2/2025 1:21:05 AM,108232.837886886
CORRAL,12kV,No,1382,59,2,10,10,3990,500,4490,12,2616,162991102,CORRAL 1102,Stockton,1,6/2/2025 1:21:05 AM,131292.455194297
TUPMAN,12kV,Yes,33,21,6,86,5,560,9040,9600,12,2617,254561106,TUPMAN 1106,Kern,1,6/2/2025 1:21:05 AM,76366.8265048429
MT EDEN,12kV,No,921,206,101,0,12,5850,430,6280,12,2618,013761106,MT EDEN 1106,Mission,1,6/2/2025 1:21:05 AM,29818.5741277234
EL CERRITO G,12kV,No,3413,230,43,0,13,4590,1620,6210,12,2619,012501108,EL CERRITO G 1108,East bay,1,6/2/2025 1:21:05 AM,44761.7142910087
TAMARACK,12kV,Yes,417,31,8,0,3,30,0,30,12,2620,152291101,TAMARACK 1101,Sierra,1,6/2/2025 1:21:05 AM,41504.9138332437
ARCATA,12kV,Yes,2396,301,79,5,2,2180,9840,12020,12,2621,192021121,ARCATA 1121,Humboldt,1,6/2/2025 1:21:05 AM,74936.6181407756
TULARE LAKE,12kV,Yes,381,39,48,10,6,2100,5200,7300,12,2622,252951104,TULARE LAKE 1104,Fresno,1,6/2/2025 1:21:05 AM,36818.2602332627
SAN LEANDRO U,12kV,No,2988,304,85,0,27,1160,150,1310,12,2623,013111116,SAN LEANDRO U 1116,Mission,1,6/2/2025 1:21:05 AM,21249.5381702167
BAY MEADOWS,12kV,No,3465,385,156,0,36,2290,480,2770,12,2624,024011104,BAY MEADOWS 1104,Peninsula,1,6/2/2025 1:21:05 AM,42256.6035218411
BELLE HAVEN,12kV,No,4595,166,69,3,15,2490,2040,4530,12,2625,024021105,BELLE HAVEN 1105,Peninsula,1,6/2/2025 1:21:05 AM,47695.1521484117
MANTECA,17kV,Yes,2982,188,65,72,34,6840,5010,11850,17,2626,162611705,MANTECA 1705,Stockton,1,6/2/2025 1:21:05 AM,105316.925245919
MENLO,12kV,No,3283,210,50,0,13,4260,1090,5350,12,2627,024131104,MENLO 1104,Peninsula,1,6/2/2025 1:21:05 AM,57490.9414276625
SUISUN,12kV,No,2781,75,18,1,8,2180,860,3040,12,2628,062131105,SUISUN 1105,North bay,1,6/2/2025 1:21:05 AM,36175.4482928723
SUISUN,12kV,No,3171,220,65,0,10,2710,660,3370,12,2629,062131102,SUISUN 1102,North bay,1,6/2/2025 1:21:05 AM,41706.5512300602
BRITTON,12kV,No,4025,219,137,0,17,2510,90,2600,12,2630,083611106,BRITTON 1106,De anza,1,6/2/2025 1:21:05 AM,38947.7379183351
SHAFTER,12kV,No,1632,81,15,54,0,5490,130,5620,12,2631,253651111,SHAFTER 1111,Kern,1,6/2/2025 1:21:05 AM,59485.1588112315
BRITTON,12kV,No,4779,225,70,0,10,2170,210,2380,12,2632,083611110,BRITTON 1110,De anza,1,6/2/2025 1:21:05 AM,45723.2230548046
VINEYARD,21kV,No,3791,284,51,4,15,8760,3030,11790,21,2633,014502108,VINEYARD 2108,Mission,1,6/2/2025 1:21:05 AM,120189.648063406
VASCO,12kV,No,1412,179,29,36,9,2650,1270,3920,12,2634,013751102,VASCO 1102,Mission,1,6/2/2025 1:21:05 AM,212108.191463208
MORGAN HILL,21kV,No,2272,330,150,30,29,7210,1230,8440,21,2635,083242108,MORGAN HILL 2108,San jose,1,6/2/2025 1:21:05 AM,74663.8789844344
LAKEWOOD,21kV,Yes,1777,392,172,0,20,2400,260,2660,21,2636,013532223,LAKEWOOD 2223,Diablo,1,6/2/2025 1:21:05 AM,39056.8053076207
STONE CORRAL,12kV,No,391,50,4,337,2,910,1060,1970,12,2637,252921110,STONE CORRAL 1110,Fresno,1,6/2/2025 1:21:05 AM,126720.028362856
ALPAUGH,12kV,No,350,52,5,114,0,690,850,1540,12,2638,254001106,ALPAUGH 1106,Fresno,1,6/2/2025 1:21:05 AM,106588.206766844
STANISLAUS,17kV,No,4646,298,25,1,14,830,110,940,17,2639,162821702,STANISLAUS 1702,Yosemite,1,6/2/2025 1:21:05 AM,249591.344886984
BONITA,12kV,No,697,33,10,104,0,6590,590,7180,12,2640,255391102,BONITA 1102,Yosemite,1,6/2/2025 1:21:05 AM,80749.8109131598
FORT ORD,21kV,No,4087,116,41,0,7,1950,120,2070,21,2641,182402106,FORT ORD 2106,Central coast,1,6/2/2025 1:21:05 AM,103562.910369333
TASSAJARA,21kV,No,1950,88,12,0,1,4930,120,5050,21,2642,014662109,TASSAJARA 2109,Diablo,1,6/2/2025 1:21:05 AM,79611.7894480717
SANTA YNEZ,12kV,Yes,1494,368,62,204,6,3380,210,3590,12,2643,182721104,SANTA YNEZ 1104,Los padres,1,6/2/2025 1:21:05 AM,236848.843019319
LAWRENCE,12kV,Yes,345,22,55,0,13,3010,0,3010,12,2644,083421106,LAWRENCE 1106,De anza,1,6/2/2025 1:21:05 AM,18593.901163226
SAN LUIS OBISPO,12kV,Yes,2270,476,192,83,21,6890,3430,10320,12,2645,182631103,SAN LUIS OBISPO 1103,Los padres,1,6/2/2025 1:21:05 AM,141311.868111761
SAN RAFAEL,12kV,No,2785,316,91,0,18,5450,960,6410,12,2646,042011105,SAN RAFAEL 1105,Sonoma,1,6/2/2025 1:21:05 AM,88158.1980308389
INDUSTRIAL ACRES,4.16kV,No,1540,136,29,0,10,890,10,900,4,2647,182300412,INDUSTRIAL ACRES 0412,Central coast,1,6/2/2025 1:21:05 AM,20816.9010787054
SAN LEANDRO U,12kV,Yes,2155,207,71,0,,1159,2987,4146,12,2648,013111106,SAN LEANDRO U 1106,Mission,1,10/10/2025 8:50:30 AM,36713.3876384723
REDWOOD CITY,4.16kV,No,1236,39,10,0,3,620,90,710,4,2649,024160403,REDWOOD CITY 0403,Peninsula,1,6/2/2025 1:21:05 AM,12066.7408915421
ARCATA,12kV,No,2784,317,52,18,14,2560,410,2970,12,2650,192021122,ARCATA 1122,Humboldt,1,6/2/2025 1:21:05 AM,160770.653050764
TULUCAY,12kV,Yes,42,275,229,12,18,6000,9130,15130,12,2651,042301101,TULUCAY 1101,North bay,1,6/2/2025 1:21:05 AM,74101.9721053045
MALAGA,12kV,No,1573,132,73,4,7,4630,490,5120,12,2652,254251110,MALAGA 1110,Fresno,1,6/2/2025 1:21:05 AM,54153.5844965605
HICKS,12kV,No,3182,143,43,0,10,5270,490,5760,12,2653,083431113,HICKS 1113,San jose,1,6/2/2025 1:21:05 AM,49582.6428672587
BELMONT,12kV,No,0,23,34,0,5,0,0,0,12,2654,024031107,BELMONT 1107,Peninsula,1,6/2/2025 1:21:05 AM,15128.1212525382
OAKLAND J,12kV,Yes,4378,129,29,0,,1566,1735,3301,12,2655,012091118,OAKLAND J 1118,East Bay,1,10/10/2025 8:50:30 AM,38671.9992832833
SHINGLE SPRINGS,21kV,No,3314,285,47,14,5,11540,1230,12770,21,2656,153652109,SHINGLE SPRINGS 2109,Sierra,1,6/2/2025 1:21:05 AM,469607.763506472
POTRERO PP (A),12kV,No,4328,236,58,0,16,960,2910,3870,12,2657,022031109,POTRERO PP (A) 1109,San francisco,1,6/2/2025 1:21:05 AM,28385.4767420209
POTRERO PP (A),12kV,No,685,215,118,0,13,1550,660,2210,12,2658,022031113,POTRERO PP (A) 1113,San francisco,1,6/2/2025 1:21:05 AM,15292.7614880784
RISING RIVER,12kV,No,704,112,12,13,8,350,50,400,12,2659,103551101,RISING RIVER 1101,North valley,1,6/2/2025 1:21:05 AM,154173.311950038
HOLLISTER,21kV,No,4065,449,107,23,11,7180,480,7660,21,2660,182492106,HOLLISTER 2106,Central coast,1,6/2/2025 1:21:05 AM,147422.918828163
MIRABEL,12kV,Yes,1306,160,39,40,5,2140,480,2620,12,2661,042091101,MIRABEL 1101,Sonoma,1,6/2/2025 1:21:05 AM,110188.244770828
PETALUMA C,12kV,No,3261,333,168,0,15,3320,430,3750,12,2662,042631106,PETALUMA C 1106,Sonoma,1,6/2/2025 1:21:05 AM,57811.6709247094
HUMBOLDT BAY,12kV,Yes,925,96,24,0,26,360,3090,3450,12,2663,192341101,HUMBOLDT BAY 1101,Humboldt,1,6/2/2025 1:21:05 AM,35699.0850466225
WOODLAND,12kV,No,2608,256,58,1,16,5410,1210,6620,12,2664,062031105,WOODLAND 1105,Sacramento,1,6/2/2025 1:21:05 AM,58437.3786726011
DOLAN ROAD,12kV,No,1813,174,14,65,7,2070,370,2440,12,2665,182381101,DOLAN ROAD 1101,Central coast,1,6/2/2025 1:21:05 AM,150115.4312083
DUMBARTON,12kV,Yes,2236,79,37,3,7,2340,150,2490,12,2666,014471110,DUMBARTON 1110,Mission,1,6/2/2025 1:21:05 AM,49312.8036095829
SCHINDLER,12kV,Yes,24,22,0,48,24,400,130,530,12,2667,252891111,SCHINDLER 1111,Fresno,1,6/2/2025 1:21:05 AM,84203.6495077055
SALINAS,12kV,No,3643,258,67,34,19,4150,50,4200,12,2668,182011109,SALINAS 1109,Central coast,1,6/2/2025 1:21:05 AM,71121.6295093573
SF H,12kV,No,2362,301,105,0,12,3300,1340,4640,12,2669,022101110,SF H 1110,Peninsula,1,6/2/2025 1:21:05 AM,43673.7317584545
HAMILTON BRANCH,12kV,No,2224,179,25,0,5,380,10,390,12,2670,102361101,HAMILTON BRANCH 1101,North valley,1,6/2/2025 1:21:05 AM,127795.32889429
FORT BRAGG A,12kV,No,2132,499,68,4,6,1410,370,1780,12,2671,042761101,FORT BRAGG A 1101,Humboldt,1,6/2/2025 1:21:05 AM,185587.209123452
KANAKA,12kV,No,497,44,3,5,1,140,20,160,12,2672,103221101,KANAKA 1101,North valley,1,6/2/2025 1:21:05 AM,159519.775897802
HICKS,21kV,No,3924,109,15,0,11,9830,840,10670,21,2673,083432103,HICKS 2103,San jose,1,6/2/2025 1:21:05 AM,98704.2627312556
CORONA,12kV,Yes,3,224,144,0,5,1890,380,2270,12,2674,043491102,CORONA 1102,Sonoma,1,6/2/2025 1:21:05 AM,19153.6360602843
HICKS,21kV,No,4704,193,34,1,15,12620,980,13600,21,2675,083432105,HICKS 2105,San jose,1,6/2/2025 1:21:05 AM,90595.6807372648
OAKLAND C,12kV,Yes,1906,100,27,0,18,240,380,620,12,2676,012011112,OAKLAND C 1112,East bay,1,6/2/2025 1:21:05 AM,15471.2962895349
DEEPWATER,12kV,No,2513,70,21,1,0,6080,210,6290,12,2677,063621106,DEEPWATER 1106,Sacramento,1,6/2/2025 1:21:05 AM,50498.4041821928
COALINGA NO 1,12kV,Yes,355,17,3,7,0,1550,570,2120,12,2678,252161107,COALINGA NO 1 1107,Fresno,1,6/2/2025 1:21:05 AM,17727.4479642302
APPLE HILL,12kV,No,2306,160,26,5,3,7130,430,7560,12,2679,153661104,APPLE HILL 1104,Sierra,1,6/2/2025 1:21:05 AM,215708.466696522
MALAGA,12kV,Yes,446,167,108,253,15,5160,5320,10480,12,2680,254251102,MALAGA 1102,Fresno,1,6/2/2025 1:21:05 AM,122309.676610602
OLEMA,12kV,No,1800,355,27,43,3,2460,490,2950,12,2681,042291101,OLEMA 1101,Sonoma,1,6/2/2025 1:21:05 AM,288013.04554371
BAY MEADOWS,21kV,No,3269,212,117,0,19,5170,1150,6320,21,2682,024012102,BAY MEADOWS 2102,Peninsula,1,6/2/2025 1:21:05 AM,88438.2556517328
LERDO,12kV,Yes,15,57,20,101,4,3210,6000,9210,12,2683,253491113,LERDO 1113,Kern,1,6/2/2025 1:21:05 AM,79741.3856123507
SF H,12kV,Yes,658,57,30,0,15,200,0,200,12,2684,022101104,SF H 1104,Peninsula,1,6/2/2025 1:21:05 AM,23786.8301757306
FITCH MOUNTAIN,12kV,Yes,437,81,25,69,7,2580,290,2870,12,2685,042751111,FITCH MOUNTAIN 1111,Sonoma,1,6/2/2025 1:21:05 AM,64647.4248820568
CANAL,12kV,No,2415,103,19,97,4,9330,4450,13780,12,2686,252091101,CANAL 1101,Yosemite,1,10/10/2025 9:34:38 AM,145661.603009704
PLAINFIELD,12kV,No,868,70,18,71,1,5530,910,6440,12,2687,063441101,PLAINFIELD 1101,Sacramento,1,6/2/2025 1:21:05 AM,88984.0256955966
MISSION (X),12kV,Yes,1890,113,95,0,12,250,770,1020,12,2688,022011102,MISSION (X) 1102,San francisco,1,6/2/2025 1:21:05 AM,11913.504876847
KINGSBURG,12kV,No,1465,77,17,485,6,6440,2560,9000,12,2689,252241116,KINGSBURG 1116,Fresno,1,6/2/2025 1:21:05 AM,241842.71036437
STOCKDALE,12kV,No,1042,135,130,0,11,2010,320,2330,12,2690,254071108,STOCKDALE 1108,Kern,1,6/2/2025 1:21:05 AM,29317.1170422678
SAN RAMON,21kV,No,2557,244,125,0,16,1870,690,2560,21,2691,014232110,SAN RAMON 2110,Mission,1,6/2/2025 1:21:05 AM,59349.2846418933
GLENWOOD,12kV,No,2163,383,201,0,16,1490,1460,2950,12,2692,024091102,GLENWOOD 1102,Peninsula,1,6/2/2025 1:21:05 AM,27567.9414754822
CAPAY,12kV,No,288,39,3,167,0,2060,190,2250,12,2693,102111101,CAPAY 1101,North valley,1,6/2/2025 1:21:05 AM,102617.133759935
COLUMBUS,12kV,No,1940,69,36,0,6,4490,350,4840,12,2694,253951106,COLUMBUS 1106,Kern,1,6/2/2025 1:21:05 AM,32021.4346000754
HALF MOON BAY,12kV,No,4654,366,83,23,5,6570,710,7280,12,2695,024101102,HALF MOON BAY 1102,Peninsula,1,6/2/2025 1:21:05 AM,125521.017043232
BLUE LAKE,12kV,Yes,1678,190,32,9,1,3020,460,3480,12,2696,192181102,BLUE LAKE 1102,Humboldt,1,6/2/2025 1:21:05 AM,157006.400252456
CHEROKEE,12kV,No,629,446,132,40,29,2540,170,2710,12,2697,163651101,CHEROKEE 1101,Stockton,1,6/2/2025 1:21:05 AM,56762.612600802
LOYOLA,4.16kV,No,663,24,1,0,3,1980,160,2140,4,2698,082160401,LOYOLA 0401,De anza,1,6/2/2025 1:21:05 AM,17808.6391823565
MAXWELL,12kV,Yes,80,53,3,91,4,1960,9920,11880,12,2699,062881102,MAXWELL 1102,Sacramento,1,6/2/2025 1:21:05 AM,127702.680192058
SF L,4.16kV,No,1220,16,1,0,4,650,40,690,4,2700,022260406,SF L 0406,San francisco,1,6/2/2025 1:21:05 AM,13134.8961174507
MANCHESTER,12kV,No,2493,306,68,0,12,2180,140,2320,12,2701,253921106,MANCHESTER 1106,Fresno,1,11/11/2025 12:30:19 PM,33225.7997357065
TEVIS,21kV,Yes,849,35,74,7,5,4720,100,4820,21,2702,255322103,TEVIS 2103,Kern,1,6/2/2025 1:21:05 AM,28350.0746096997
SF H,12kV,No,5212,224,37,0,44,1650,120,1770,12,2703,022101108,SF H 1108,Peninsula,1,6/2/2025 1:21:05 AM,36295.9395923656
MAXWELL,12kV,Yes,590,146,21,90,6,3210,110,3320,12,2704,062881105,MAXWELL 1105,Sacramento,1,6/2/2025 1:21:05 AM,189403.269326931
SAN BERNARD,12kV,Yes,10,13,4,81,1,20,11050,11070,12,2705,253191101,SAN BERNARD 1101,Kern,1,6/2/2025 1:21:05 AM,72325.9068777782
SUISUN,12kV,No,3013,142,59,0,5,4560,300,4860,12,2706,062131104,SUISUN 1104,North bay,1,6/2/2025 1:21:05 AM,51419.1007212367
ANDERSON,12kV,No,1550,156,73,3,6,3480,90,3570,12,2707,103261101,ANDERSON 1101,North valley,1,6/2/2025 1:21:05 AM,61197.416332869
RICHMOND R,12kV,Yes,2413,186,61,4,21,3590,850,4440,12,2708,013471127,RICHMOND R 1127,East bay,1,6/2/2025 1:21:05 AM,47837.7049271839
EL CAPITAN,12kV,No,2967,239,77,3,27,2320,170,2490,12,2709,253881106,EL CAPITAN 1106,Yosemite,1,6/2/2025 1:21:05 AM,53976.757295842
JAMESON,12kV,Yes,1398,63,20,2,15,2530,200,2730,12,2710,063801103,JAMESON 1103,North bay,1,6/2/2025 1:21:05 AM,62139.2083025551
COLUSA JUNCTION,12kV,Yes,821,99,35,58,1,5750,8800,14550,12,2711,062071101,COLUSA JUNCTION 1101,Sacramento,1,6/2/2025 1:21:05 AM,82031.2419440195
WATERLOO,12kV,Yes,465,80,14,249,2,2270,240,2510,12,2712,163151101,WATERLOO 1101,Stockton,1,6/2/2025 1:21:05 AM,121284.441993707
SARATOGA,12kV,No,4637,253,115,0,11,4160,450,4610,12,2713,083371110,SARATOGA 1110,De anza,1,6/2/2025 1:21:05 AM,48642.5678104912
TEJON,12kV,Yes,30,12,61,3,4,1910,0,1910,12,2714,252931107,TEJON 1107,Kern,1,6/2/2025 1:21:05 AM,11059.6943091274
BELLE HAVEN,4.16kV,Yes,693,20,8,0,2,950,80,1030,4,2715,024020405,BELLE HAVEN 0405,Peninsula,1,6/2/2025 1:21:05 AM,16616.6600729635
PAUL SWEET,21kV,No,5592,630,134,2,15,7850,730,8580,21,2716,083252105,PAUL SWEET 2105,Central coast,1,6/2/2025 1:21:05 AM,114270.85987586
MOSHER,21kV,No,2782,104,19,20,21,7480,890,8370,21,2717,163722111,MOSHER 2111,Stockton,1,6/2/2025 1:21:05 AM,85882.7996804841
EIGHT MILE,21kV,No,2375,164,66,49,20,7600,450,8050,21,2718,163912102,EIGHT MILE 2102,Stockton,1,6/2/2025 1:21:05 AM,112163.683703325
TULARE LAKE,12kV,Yes,21,24,3,77,17,2960,0,2960,12,2719,252951106,TULARE LAKE 1106,Fresno,1,10/10/2025 9:34:34 AM,108565.479607457
SCHINDLER,12kV,Yes,38,9,3,73,6,5910,0,5910,12,2720,252891112,SCHINDLER 1112,Fresno,1,6/2/2025 1:21:05 AM,100955.02020183
EL CAPITAN,12kV,Yes,596,50,23,4,11,6900,60,6960,12,2721,253881102,EL CAPITAN 1102,Yosemite,1,6/2/2025 1:21:05 AM,37980.0322402395
GRAND ISLAND,21kV,No,954,216,28,190,4,1390,370,1760,21,2722,062462223,GRAND ISLAND 2223,Sacramento,1,10/10/2025 9:34:37 AM,208181.740215533
ROSSMOOR,12kV,Yes,2293,82,27,0,10,3540,2450,5990,12,2723,014161108,ROSSMOOR 1108,Diablo,1,6/2/2025 1:21:05 AM,64990.6879560133
EL PECO,12kV,No,84,34,5,245,1,3760,1660,5420,12,2724,253981105,EL PECO 1105,Yosemite,1,6/2/2025 1:21:05 AM,182757.071415189
DAIRYVILLE,12kV,No,516,71,8,113,0,1530,310,1840,12,2725,103341101,DAIRYVILLE 1101,North valley,1,6/2/2025 1:21:05 AM,92469.6869183403
SAN JOAQUIN #3,12kV,No,597,104,7,0,1,230,20,250,12,2726,252531101,SAN JOAQUIN #3 1101,Yosemite,1,6/2/2025 1:21:05 AM,53473.1116184862
NORTH DUBLIN,21kV,No,5197,290,193,0,30,8580,1680,10260,21,2727,014052101,NORTH DUBLIN 2101,Mission,1,6/2/2025 1:21:05 AM,100952.013556002
CALISTOGA,12kV,No,1324,214,25,132,3,3270,470,3740,12,2728,042711101,CALISTOGA 1101,North bay,1,6/2/2025 1:21:05 AM,261873.864996744
BONNIE NOOK,12kV,No,735,89,16,0,9,320,10,330,12,2729,152301102,BONNIE NOOK 1102,Sierra,1,6/2/2025 1:21:05 AM,168645.37096606
VASONA,12kV,No,2206,430,125,0,17,1810,420,2230,12,2730,083771105,VASONA 1105,De anza,1,6/2/2025 1:21:05 AM,38812.7623236551
MANCHESTER,12kV,No,2296,152,57,0,15,2170,70,2240,12,2731,253921103,MANCHESTER 1103,Fresno,1,6/2/2025 1:21:05 AM,33076.0249015304
PIT NO 3,21kV,Yes,101,39,7,2,3,40,0,40,21,2732,103732101,PIT NO 3 2101,North valley,1,6/2/2025 1:21:05 AM,137606.046438714
BOWLES,12kV,No,323,41,5,165,3,1230,140,1370,12,2733,253531102,BOWLES 1102,Fresno,1,6/2/2025 1:21:05 AM,67837.547697765
IGNACIO,12kV,Yes,1282,195,61,39,24,1600,80,1680,12,2734,042481104,IGNACIO 1104,Sonoma,1,6/2/2025 1:21:05 AM,140626.467284611
MALAGA,12kV,Yes,280,112,69,10,5,5640,950,6590,12,2735,254251106,MALAGA 1106,Fresno,1,6/2/2025 1:21:05 AM,28938.1035929713
OAKLAND J,12kV,No,5655,354,83,1,,1566,1631,3197,12,2736,012091117,OAKLAND J 1117,East Bay,1,10/10/2025 8:50:30 AM,42201.781660702
HENRIETTA,12kV,Yes,18,11,16,53,5,970,0,970,12,2737,252681104,HENRIETTA 1104,Fresno,1,6/2/2025 1:21:05 AM,72483.2541385247
BELLE HAVEN,4.16kV,No,435,33,13,1,13,440,10,450,4,2738,024020403,BELLE HAVEN 0403,Peninsula,1,6/2/2025 1:21:05 AM,17318.237052409
TASSAJARA,21kV,No,3645,166,58,0,32,6550,240,6790,21,2739,014662107,TASSAJARA 2107,Diablo,1,6/2/2025 1:21:05 AM,97771.4504431948
OROSI,12kV,No,2478,227,41,338,7,2880,970,3850,12,2740,252841104,OROSI 1104,Fresno,1,6/2/2025 1:21:05 AM,127569.168585782
WAHTOKE,12kV,Yes,869,139,17,513,4,5620,5000,10620,12,2741,254531108,WAHTOKE 1108,Fresno,1,6/2/2025 1:21:05 AM,223158.424115347
CHICO B,12kV,No,1906,235,41,2,10,3720,370,4090,12,2742,102491105,CHICO B 1105,North valley,1,6/2/2025 1:21:05 AM,32112.6852135712
SF E,12kV,No,3001,65,10,0,5,850,60,910,12,2743,022071101,SF E 1101,San francisco,1,6/2/2025 1:21:05 AM,12649.8609937962
LLAGAS,21kV,No,5448,471,137,6,38,9200,2600,11800,21,2744,083182105,LLAGAS 2105,San Jose,1,11/11/2025 12:30:23 PM,103056.679203211
OAKLAND C,12kV,Yes,826,44,34,0,2,1150,3330,4480,12,2745,012011108,OAKLAND C 1108,East bay,1,6/2/2025 1:21:05 AM,28201.0103419145
BOGUE,12kV,No,1939,224,57,4,5,8010,350,8360,12,2746,153781104,BOGUE 1104,Sacramento,1,6/2/2025 1:21:05 AM,48255.07875137
EIGHT MILE,21kV,No,2671,50,3,1,3,7460,300,7760,21,2747,163912105,EIGHT MILE 2105,Stockton,1,6/2/2025 1:21:05 AM,56487.6983311115
STAGG,12kV,No,2124,68,23,0,9,3410,630,4040,12,2748,162421101,STAGG 1101,Stockton,1,6/2/2025 1:21:05 AM,48352.7453876844
ANITA,12kV,No,2255,140,34,25,6,8160,5770,13930,12,2749,102841105,ANITA 1105,North valley,1,6/2/2025 1:21:05 AM,75883.999347527
MONTAGUE,21kV,Yes,321,15,30,0,1,240,0,240,21,2750,083892101,MONTAGUE 2101,San jose,1,6/2/2025 1:21:05 AM,16013.973594138
MENLO,12kV,No,1953,159,30,3,41,4780,630,5410,12,2751,024131103,MENLO 1103,Peninsula,1,6/2/2025 1:21:05 AM,158329.520334133
EDENVALE,12kV,No,2014,94,41,0,10,2920,440,3360,12,2752,082951102,EDENVALE 1102,San jose,1,6/2/2025 1:21:05 AM,42452.5661169298
TRIMBLE,12kV,No,0,56,67,0,5,1140,800,1940,12,2753,083801106,TRIMBLE 1106,San Jose,1,11/11/2025 12:30:20 PM,14788.1523166546
SAN CARLOS,12kV,Yes,3899,137,22,0,9,5390,470,5860,12,2754,024181104,SAN CARLOS 1104,Peninsula,1,6/2/2025 1:21:05 AM,61747.5196466195
VIERRA,17kV,No,1691,164,183,3,27,7460,3280,10740,17,2755,162701702,VIERRA 1702,Stockton,1,6/2/2025 1:21:05 AM,57527.3504581397
ANITA,12kV,No,925,82,16,169,4,6690,4160,10850,12,2756,102841106,ANITA 1106,North valley,1,6/2/2025 1:21:05 AM,228626.876809892
OAKLAND J,12kV,No,4938,132,15,1,13,2940,250,3190,12,2757,012091105,OAKLAND J 1105,East bay,1,6/2/2025 1:21:05 AM,48408.5892513366
JACINTO,12kV,Yes,253,79,6,202,7,3850,0,3850,12,2758,102851102,JACINTO 1102,North valley,1,6/2/2025 1:21:05 AM,169963.317974278
OROVILLE,12kV,No,2165,258,105,3,8,2890,580,3470,12,2759,102521101,OROVILLE 1101,North valley,1,6/2/2025 1:21:05 AM,68681.3943388051
HOLLISTER,21kV,No,3941,316,48,134,9,8200,2060,10260,21,2760,182492105,HOLLISTER 2105,Central coast,1,6/2/2025 1:21:05 AM,425473.67535501
MENDOTA,12kV,Yes,71,28,4,75,12,930,0,930,12,2761,252311104,MENDOTA 1104,Yosemite,1,6/2/2025 1:21:05 AM,111920.424152732
OAKLAND C,12kV,Yes,52,35,38,1,1,260,0,260,12,2762,012011118,OAKLAND C 1118,East bay,1,6/2/2025 1:21:05 AM,16716.7594800971
GUERNSEY,12kV,Yes,99,21,10,135,1,9180,670,9850,12,2763,252661103,GUERNSEY 1103,Fresno,1,6/2/2025 1:21:05 AM,66891.6864157907
EDES,12kV,No,402,123,80,1,10,3990,4260,8250,12,2764,013681111,EDES 1111,East bay,1,6/2/2025 1:21:05 AM,28741.9824726012
MC CALL,12kV,No,1052,150,61,40,6,8090,110,8200,12,2765,254121103,MC CALL 1103,Fresno,1,6/2/2025 1:21:05 AM,43207.5054856386
WESTPARK,12kV,No,725,67,34,0,5,1650,70,1720,12,2766,253701111,WESTPARK 1111,Kern,1,11/11/2025 12:30:18 PM,17439.0694478107
FRUITVALE,12kV,Yes,47,161,62,0,12,50,1630,1680,12,2767,253391108,FRUITVALE 1108,Kern,1,6/2/2025 1:21:05 AM,24432.6451881791
BEN LOMOND,12kV,No,715,29,2,0,1,710,60,770,12,2768,083041101,BEN LOMOND 1101,Central coast,1,6/2/2025 1:21:05 AM,31557.2211581568
BOLINAS,12kV,No,1462,170,9,6,3,2520,180,2700,12,2769,042261101,BOLINAS 1101,Sonoma,1,6/2/2025 1:21:05 AM,122331.999118836
MILPITAS,21kV,Yes,546,76,43,0,6,430,0,430,21,2770,082832111,MILPITAS 2111,San jose,1,6/2/2025 1:21:05 AM,19612.0103693417
MISSION (X),12kV,Yes,1387,91,52,0,10,230,0,230,12,2771,022011107,MISSION (X) 1107,San francisco,1,6/2/2025 1:21:05 AM,9691.83882076304
RIVER OAKS,21kV,No,3465,49,112,1,7,1920,2110,4030,21,2772,082342102,RIVER OAKS 2102,San jose,1,6/2/2025 1:21:05 AM,25433.0827213509
JARVIS,12kV,No,4548,168,37,2,16,3240,440,3680,12,2773,013501112,JARVIS 1112,Mission,1,6/2/2025 1:21:05 AM,67062.2368951982
SF L,12kV,Yes,1354,29,24,0,19,250,20,270,12,2774,022261103,SF L 1103,San francisco,1,6/2/2025 1:21:05 AM,16117.1279491043
FULTON,12kV,No,896,33,11,0,0,1410,30,1440,12,2775,042561106,FULTON 1106,Sonoma,1,6/2/2025 1:21:05 AM,28982.3107027213
MANTECA,17kV,No,2616,185,64,0,4,5700,480,6180,17,2776,162611704,MANTECA 1704,Stockton,1,6/2/2025 1:21:05 AM,53890.1773778228
EAST NICOLAUS,12kV,Yes,320,79,9,277,0,3550,760,4310,12,2777,152151103,EAST NICOLAUS 1103,Sacramento,1,6/2/2025 1:21:05 AM,195048.830780096
DIXON LANDING,21kV,No,231,76,180,1,8,4450,500,4950,21,2778,014722103,DIXON LANDING 2103,Mission,1,6/2/2025 1:21:05 AM,32257.3477902897
MONTE RIO,12kV,No,1576,169,21,1,2,880,50,930,12,2779,042811111,MONTE RIO 1111,Sonoma,1,6/2/2025 1:21:05 AM,134668.416976505
RAINBOW,12kV,No,1823,261,82,4,13,3940,1650,5590,12,2780,254441103,RAINBOW 1103,Fresno,1,6/2/2025 1:21:05 AM,37788.5130958496
CLOVIS,12kV,No,2150,296,77,1,4,3780,120,3900,12,2781,254081105,CLOVIS 1105,Fresno,1,6/2/2025 1:21:05 AM,48705.7417448615
SWIFT,21kV,No,4665,124,32,0,8,8740,480,9220,21,2782,083392109,SWIFT 2109,San jose,1,6/2/2025 1:21:05 AM,93676.7292796093
CORRAL,12kV,No,1649,150,28,188,14,14630,1360,15990,12,2783,162991101,CORRAL 1101,Stockton,1,6/2/2025 1:21:05 AM,366233.711502714
SAN JOAQUIN,12kV,No,299,94,16,107,1,5740,310,6050,12,2784,252361112,SAN JOAQUIN 1112,Fresno,1,6/2/2025 1:21:05 AM,90790.4048248122
EDES,12kV,Yes,301,155,98,3,6,1120,4190,5310,12,2785,013681105,EDES 1105,East bay,1,6/2/2025 1:21:05 AM,16494.9871156948
BULLARD,12kV,No,2883,108,28,1,10,3080,290,3370,12,2786,253961101,BULLARD 1101,Fresno,1,6/2/2025 1:21:05 AM,44659.6712516343
MONROE,21kV,No,426,443,174,5,12,2160,1390,3550,21,2787,043302102,MONROE 2102,Sonoma,1,11/11/2025 12:30:19 PM,27779.5492775411
ARBUCKLE,12kV,No,165,44,8,144,2,1910,160,2070,12,2788,062081102,ARBUCKLE 1102,Sacramento,1,11/11/2025 12:30:19 PM,126879.974739798
RIO DELL,12kV,No,663,71,12,6,,117,144,261,12,2789,192251102,RIO DELL 1102,Humboldt,1,11/11/2025 12:30:19 PM,98617.7708773851
RINCON,12kV,No,3444,151,31,2,13,4010,270,4280,12,2790,043321102,RINCON 1102,Sonoma,1,11/11/2025 12:30:19 PM,59510.4919343971
DUNBAR,12kV,No,2207,184,26,46,6,4700,540,5240,12,2791,043071102,DUNBAR 1102,Sonoma,1,11/11/2025 12:30:19 PM,146905.834557063
PLACERVILLE,12kV,No,1729,331,48,0,,3601,3950,7551,12,2792,153081112,PLACERVILLE 1112,Sierra,1,11/11/2025 12:30:22 PM,89765.3494530497
MISSION (X),12kV,Yes,789,120,59,0,7,40,80,120,12,2793,022011127,MISSION (X) 1127,San francisco,1,6/2/2025 1:21:05 AM,8208.85406625481
BARTON,12kV,No,1457,146,116,0,3,3650,130,3780,12,2794,253571116,BARTON 1116,Fresno,1,6/2/2025 1:21:05 AM,35057.6425256206
MEADOW LANE,21kV,No,1702,158,87,0,11,1560,70,1630,21,2795,014302104,MEADOW LANE 2104,Diablo,1,11/11/2025 12:30:23 PM,32971.3476233696
SAN RAFAEL,12kV,No,4326,288,33,0,11,8870,610,9480,12,2796,042011107,SAN RAFAEL 1107,Sonoma,1,6/2/2025 1:21:05 AM,84864.7209005556
VIERRA,17kV,No,1639,98,72,2,8,6440,7570,14010,17,2797,162701703,VIERRA 1703,Stockton,1,6/2/2025 1:21:05 AM,59887.0278960594
CURTIS,17kV,No,3935,424,42,6,53,7310,640,7950,17,2798,163351702,CURTIS 1702,Yosemite,1,6/2/2025 1:21:05 AM,256742.983325748
OAKLAND J,12kV,No,1147,255,83,3,,448,482,930,12,2799,012091104,OAKLAND J 1104,East Bay,1,10/10/2025 8:50:30 AM,18148.8217034879
POTRERO PP (A),12kV,Yes,2529,97,42,0,14,380,10,390,12,2800,022031118,POTRERO PP (A) 1118,San francisco,1,6/2/2025 1:21:05 AM,22644.793463693
PANORAMA,12kV,No,2436,123,11,38,2,4130,820,4950,12,2801,103461102,PANORAMA 1102,North valley,1,6/2/2025 1:21:05 AM,204115.822865976
SUISUN,12kV,No,2781,284,56,0,9,4560,1010,5570,12,2802,062131109,SUISUN 1109,North bay,1,6/2/2025 1:21:05 AM,58523.7690684282
ROCKLIN,12kV,No,1078,167,59,0,11,2840,210,3050,12,2803,152061103,ROCKLIN 1103,Sierra,1,6/2/2025 1:21:05 AM,25920.4818253506
NOTRE DAME,12kV,No,3155,164,37,1,5,3480,180,3660,12,2804,102041102,NOTRE DAME 1102,North valley,1,6/2/2025 1:21:05 AM,52361.8606249083
MONTE RIO,12kV,Yes,1040,93,13,0,1,270,10,280,12,2805,042811112,MONTE RIO 1112,Sonoma,1,6/2/2025 1:21:05 AM,42346.0443809313
PASO ROBLES,12kV,No,1920,152,46,51,6,4870,1530,6400,12,2806,182611107,PASO ROBLES 1107,Los padres,1,6/2/2025 1:21:05 AM,113412.26176942
LERDO,12kV,Yes,118,32,41,36,2,19490,1300,20790,12,2807,253491112,LERDO 1112,Kern,1,6/2/2025 1:21:05 AM,77754.4274963485
NOTRE DAME,12kV,No,3300,182,71,7,8,6120,11780,17900,12,2808,102041104,NOTRE DAME 1104,North valley,1,6/2/2025 1:21:05 AM,170546.408769442
KIRKER,21kV,No,4859,191,38,0,23,6550,3860,10410,21,2809,014452104,KIRKER 2104,Diablo,1,10/10/2025 9:34:36 AM,84026.5411564963
TIDEWATER,21kV,Yes,2286,240,95,0,18,4070,60,4130,21,2810,014652110,TIDEWATER 2110,Diablo,1,11/11/2025 12:30:19 PM,56820.4306057257
WRIGHT,12kV,Yes,408,104,25,181,8,2540,6830,9370,12,2811,254641110,WRIGHT 1110,Yosemite,1,6/2/2025 1:21:05 AM,183152.821267671
AUBERRY,12kV,No,2883,325,44,14,3,4450,420,4870,12,2812,254151101,AUBERRY 1101,Fresno,1,10/10/2025 9:34:36 AM,521623.224210509
LAKEVIEW,12kV,Yes,4,15,4,31,,1381,2585,3966,12,2813,253411107,LAKEVIEW 1107,Kern,1,11/11/2025 11:54:13 AM,52933.3615356795
LAURELES,12kV,No,1548,338,32,9,3,2990,220,3210,12,2814,182371112,LAURELES 1112,Central Coast,1,11/11/2025 12:30:20 PM,110899.757650184
ANDERSON,12kV,No,903,305,85,0,,1766,1871,3637,12,2815,103261102,ANDERSON 1102,North Valley,1,11/11/2025 12:30:23 PM,27877.0771430521
JARVIS,12kV,No,5900,195,47,1,18,3730,400,4130,12,2816,013501105,JARVIS 1105,Mission,1,11/11/2025 12:30:24 PM,73452.3379735947
LAWNDALE,4.16kV,No,924,20,2,0,6,250,70,320,4,2817,022440401,LAWNDALE 0401,Peninsula,1,6/2/2025 1:21:05 AM,11588.352978182
DALY CITY,12kV,Yes,3010,179,122,0,14,1970,10,1980,12,2818,022641111,DALY CITY 1111,Peninsula,1,6/2/2025 1:21:05 AM,30879.5699586866
ROSSMOOR,12kV,Yes,2923,11,0,0,0,70,10,80,12,2819,014161103,ROSSMOOR 1103,Diablo,1,6/2/2025 1:21:05 AM,43164.1724553485
HIGHLANDS,12kV,No,2809,191,48,0,7,3130,260,3390,12,2820,043361104,HIGHLANDS 1104,Humboldt,1,6/2/2025 1:21:05 AM,70778.4012178129
FORT ORD,12kV,No,4039,343,100,2,15,3070,170,3240,12,2821,182401101,FORT ORD 1101,Central coast,1,6/2/2025 1:21:05 AM,62009.2827700748
MONTICELLO,12kV,No,1122,208,22,59,0,1720,230,1950,12,2822,043051101,MONTICELLO 1101,North bay,1,6/2/2025 1:21:05 AM,278404.358589716
MILPITAS,21kV,No,1650,177,166,0,4,790,10,800,21,2823,082832114,MILPITAS 2114,San jose,1,6/2/2025 1:21:05 AM,17935.2040116723
FROGTOWN,17kV,No,1656,295,34,23,32,3260,260,3520,17,2824,163451701,FROGTOWN 1701,Stockton,1,6/2/2025 1:21:05 AM,166801.386564115
TRACY,12kV,Yes,480,77,43,30,4,2500,5270,7770,12,2825,162881108,TRACY 1108,Stockton,1,6/2/2025 1:21:05 AM,61944.0567157742
DAVIS,12kV,No,2654,150,49,51,11,12960,1990,14950,12,2826,062041106,DAVIS 1106,Sacramento,1,6/2/2025 1:21:05 AM,117923.989503309
EL CERRITO G,12kV,No,3202,563,191,0,20,1770,400,2170,12,2827,012501103,EL CERRITO G 1103,East bay,1,6/2/2025 1:21:05 AM,38586.3267763663
OLETA,12kV,No,1487,281,29,40,7,4230,210,4440,12,2828,163541101,OLETA 1101,Stockton,1,6/2/2025 1:21:05 AM,255056.802790691
WEST FRESNO,12kV,No,603,122,32,0,5,490,0,490,12,2829,253731103,WEST FRESNO 1103,Fresno,1,6/2/2025 1:21:05 AM,13160.1053175822
SAN RAFAEL,12kV,No,3088,453,97,0,24,3740,400,4140,12,2830,042011101,SAN RAFAEL 1101,Sonoma,1,6/2/2025 1:21:05 AM,71939.8557468026
GONZALES,12kV,No,1660,96,30,52,3,3990,190,4180,12,2831,182131101,GONZALES 1101,Central coast,1,6/2/2025 1:21:05 AM,69516.4736050404
FAIRWAY,12kV,No,5345,359,136,3,22,5710,1260,6970,12,2832,182061108,FAIRWAY 1108,Los Padres,1,11/11/2025 10:49:24 AM,90789.5639336577
SAN LUIS OBISPO,12kV,No,3009,438,143,4,19,2590,240,2830,12,2833,182631101,SAN LUIS OBISPO 1101,Los Padres,1,11/11/2025 10:49:25 AM,88554.0767189409
BIOLA,12kV,Yes,299,45,4,238,,1114,2104,3218,12,2834,252211104,BIOLA 1104,Fresno,1,11/11/2025 11:54:13 AM,101815.548205374
STOCKTON A,12kV,Yes,453,90,43,0,,318,672,990,12,2835,162371101,STOCKTON A 1101,Stockton,1,11/11/2025 11:54:13 AM,15341.1875638125
ARBUCKLE,12kV,Yes,941,126,21,148,,5808,10699,16507,12,2836,062081104,ARBUCKLE 1104,Sacramento,1,11/11/2025 11:54:12 AM,127276.316677849
COPUS,12kV,Yes,6,15,3,29,,85,888,973,12,2837,253871102,COPUS 1102,Kern,1,11/11/2025 11:54:12 AM,62339.1556493544
NARROWS,21kV,No,486,46,3,10,,1507,1672,3179,21,2838,153132101,NARROWS 2101,Sierra,1,11/11/2025 11:54:16 AM,129979.521989548
OAKHURST,12kV,No,856,289,36,1,,1371,2203,3574,12,2839,254421102,OAKHURST 1102,Yosemite,1,11/11/2025 12:30:19 PM,40919.3590208004
ELK HILLS,12kV,No,72,40,19,32,,421,6743,7164,12,2840,252441106,ELK HILLS 1106,Kern,1,11/11/2025 12:30:21 PM,54546.2662048311
WELLFIELD,12kV,No,44,26,6,95,,807,10807,11614,12,2841,254291102,WELLFIELD 1102,Kern,1,11/11/2025 12:30:21 PM,75057.0774139416
FMC,12kV,Yes,0,19,32,0,,1225,1225,2450,12,2842,083871111,FMC 1111,San Jose,1,11/11/2025 12:30:22 PM,12731.0813428942
WYANDOTTE,12kV,No,1192,372,70,135,,4616,14228,18844,12,2843,102911106,WYANDOTTE 1106,North Valley,1,11/11/2025 11:54:16 AM,208137.561419373
WEST SACRAMENTO,12kV,Yes,107,136,37,8,,1194,1305,2499,12,2844,063131106,WEST SACRAMENTO 1106,Sacramento,1,11/11/2025 11:54:16 AM,15496.7666617438
WEST SACRAMENTO,12kV,No,2554,337,73,1,,2316,2428,4744,12,2845,063131108,WEST SACRAMENTO 1108,Sacramento,1,11/11/2025 11:54:16 AM,45193.1228914812
CATLETT,12kV,Yes,84,49,16,128,,1674,6026,7700,12,2846,153761105,CATLETT 1105,Sacramento,1,11/11/2025 11:54:16 AM,122215.470435693
TEJON,12kV,No,25,12,1,60,,0,240,240,12,2847,252931105,TEJON 1105,Kern,1,11/11/2025 11:54:16 AM,60688.2927602711
OAKLAND X,12kV,No,3162,132,49,0,6,3230,390,3620,12,2848,012541107,OAKLAND X 1107,East Bay,1,11/11/2025 12:30:19 PM,38186.3974217619
LAMMERS,12kV,Yes,0,16,19,0,,4538,8241,12779,12,2849,162771108,LAMMERS 1108,Stockton,1,11/11/2025 11:54:13 AM,23074.6952123203
EAST STOCKTON,4.16kV,No,1012,133,20,0,,858,1012,1870,4,2850,163130401,EAST STOCKTON 0401,Stockton,1,11/11/2025 11:54:13 AM,17340.0141914078
POSO MOUNTAIN,21kV,Yes,80,26,13,30,,171,179,350,21,2851,253642101,POSO MOUNTAIN 2101,Kern,1,11/11/2025 11:54:14 AM,116411.623686592
SPAULDING,12kV,Yes,86,64,12,0,,10,10,20,12,2852,152251101,SPAULDING 1101,Sierra,1,11/11/2025 11:54:14 AM,53509.2683219626
DEEPWATER,12kV,No,0,174,99,4,,1465,1465,2930,12,2853,063621105,DEEPWATER 1105,Sacramento,1,11/11/2025 11:54:14 AM,32728.1084946741
WALL,4.16kV,No,937,62,5,0,,701,766,1467,4,2854,013740401,WALL 0401,East Bay,1,11/11/2025 11:54:14 AM,19693.9823045045
FREMONT,12kV,No,3862,215,41,3,,8838,10642,19480,12,2855,014351104,FREMONT 1104,Mission,1,11/11/2025 11:54:15 AM,101509.159959216
FREMONT,12kV,No,3247,444,77,1,,3795,4176,7971,12,2856,014351110,FREMONT 1110,Mission,1,11/11/2025 11:54:15 AM,57029.8537596955
BARRETT,4.16kV,No,1804,54,4,0,,592,657,1249,4,2857,013020401,BARRETT 0401,East Bay,1,11/11/2025 11:54:14 AM,13890.3412635522
BIG BEND,12kV,No,298,32,3,2,,79,80,159,12,2858,103751102,BIG BEND 1102,North Valley,1,11/11/2025 11:54:17 AM,88958.2310579536
EAST GRAND,12kV,Yes,360,61,35,1,,132,143,275,12,2859,022571109,EAST GRAND 1109,Peninsula,1,11/11/2025 11:54:17 AM,11839.6721592336
EAST GRAND,12kV,Yes,0,9,16,0,,240,858,1098,12,2860,022571113,EAST GRAND 1113,Peninsula,1,11/11/2025 11:54:17 AM,8356.16452633986
EAST GRAND,12kV,Yes,2,34,29,0,,558,674,1232,12,2861,022571116,EAST GRAND 1116,Peninsula,1,11/11/2025 11:54:17 AM,14920.7005837836
SAN RAMON,21kV,No,3515,225,54,1,18,4740,260,5000,21,2862,014232108,SAN RAMON 2108,Mission,1,11/11/2025 12:30:18 PM,119294.112666045
BRITTON,12kV,Yes,1432,65,28,0,,908,935,1843,12,2863,083611109,BRITTON 1109,De Anza,1,11/11/2025 12:30:18 PM,13820.8775184831
GRANT,12kV,No,2823,142,59,0,13,3750,200,3950,12,2864,014381105,GRANT 1105,Mission,1,11/11/2025 12:30:19 PM,39846.8911306042
GRANT,12kV,No,4717,318,141,0,30,3020,290,3310,12,2865,014381106,GRANT 1106,Mission,1,11/11/2025 12:30:19 PM,64753.5810597483
BELMONT,12kV,Yes,125,17,12,0,2,20,700,720,12,2866,024031108,BELMONT 1108,Peninsula,1,11/11/2025 12:30:19 PM,8609.42375326661
BELMONT,12kV,No,3616,130,34,0,13,1770,160,1930,12,2867,024031105,BELMONT 1105,Peninsula,1,11/11/2025 12:30:19 PM,54807.6512342197
SAN RAMON,21kV,No,4567,207,85,0,19,8790,1460,10250,21,2868,014232102,SAN RAMON 2102,Mission,1,11/11/2025 12:30:18 PM,97440.6224271906
VINEYARD,21kV,No,4033,283,50,0,9,3450,600,4050,21,2869,014502109,VINEYARD 2109,Mission,1,11/11/2025 12:30:18 PM,67127.4448300811
VINEYARD,21kV,No,3437,268,73,1,9,8630,5530,14160,21,2870,014502107,VINEYARD 2107,Mission,1,11/11/2025 12:30:18 PM,115374.899866699
TRIMBLE,12kV,Yes,0,99,102,1,26,170,430,600,12,2871,083801105,TRIMBLE 1105,San Jose,1,11/11/2025 12:30:19 PM,21235.4469978265
MANCHESTER,12kV,No,1768,141,36,0,7,3700,170,3870,12,2872,253921111,MANCHESTER 1111,Fresno,1,11/11/2025 12:30:19 PM,31712.8078547165
TRIMBLE,12kV,No,0,16,37,0,0,0,0,0,12,2873,083801101,TRIMBLE 1101,San Jose,1,11/11/2025 12:30:19 PM,10541.0629378348
RADUM,12kV,No,943,127,21,0,4,900,40,940,12,2874,013151102,RADUM 1102,Mission,1,11/11/2025 12:30:20 PM,21883.2111741435
BELLEVUE,21kV,No,6118,195,47,4,,6395,12627,19022,21,2875,043182103,BELLEVUE 2103,Sonoma,1,11/11/2025 12:30:24 PM,101630.603331755
SAN JOSE A,12kV,No,4364,273,93,0,17,1820,350,2170,12,2876,082251110,SAN JOSE A 1110,San Jose,1,11/11/2025 12:30:20 PM,36470.8290211407
VALLEY VIEW,12kV,No,4629,315,80,0,28,2670,210,2880,12,2877,014341103,VALLEY VIEW 1103,East Bay,1,11/11/2025 12:30:24 PM,65480.6204811373
VALLEY VIEW,12kV,No,2377,188,40,0,,3405,3601,7006,12,2878,014341105,VALLEY VIEW 1105,East Bay,1,11/11/2025 12:30:24 PM,49597.5830309501
KING CITY,12kV,No,1819,149,36,6,,2628,2835,5463,12,2879,182031103,KING CITY 1103,Central Coast,1,11/11/2025 12:30:20 PM,82412.6688264178
STOREY,12kV,No,2961,443,126,9,30,5240,400,5640,12,2880,254611107,STOREY 1107,Yosemite,1,11/11/2025 12:30:20 PM,61784.9369398893
CHICO B,12kV,No,1476,174,25,11,3,2140,80,2220,12,2881,102491103,CHICO B 1103,North Valley,1,11/11/2025 12:30:20 PM,27980.1204954253
ANITA,12kV,No,72,25,1,96,,533,533,1066,12,2882,102841102,ANITA 1102,North Valley,1,11/11/2025 12:30:25 PM,64671.1697754109
GRAYS FLAT,4.16kV,No,102,21,0,0,1,20,0,20,4,2883,102530401,GRAYS FLAT 0401,North Valley,1,11/11/2025 12:30:25 PM,23142.7918479959
MOSHER,21kV,No,3287,105,74,0,5,3450,330,3780,21,2884,163722104,MOSHER 2104,Stockton,1,11/11/2025 12:30:21 PM,61464.5357856619
WOODWARD,21kV,No,3356,92,15,0,4,10400,580,10980,21,2885,255292102,WOODWARD 2102,Fresno,1,11/11/2025 12:30:21 PM,71643.305475278
WOODWARD,21kV,Yes,1668,50,15,21,3,8560,4410,12970,21,2886,255292107,WOODWARD 2107,Fresno,1,11/11/2025 12:30:21 PM,52887.5589489608
MARIPOSA,21kV,No,2743,509,62,17,9,4440,4570,9010,21,2887,254452102,MARIPOSA 2102,Yosemite,1,11/11/2025 12:30:22 PM,533343.598399299
PACIFIC GROVE,4.16kV,No,752,27,5,0,2,410,30,440,4,2888,182440422,PACIFIC GROVE 0422,Central Coast,1,11/11/2025 12:30:22 PM,16679.8512945345
VALLEJO B,4.16kV,No,1031,117,16,0,4,680,60,740,4,2889,042450414,VALLEJO B 0414,North Bay,1,11/11/2025 12:30:21 PM,17880.0225553522
DAIRYLAND,12kV,Yes,85,19,6,143,0,7060,480,7540,12,2890,252421110,DAIRYLAND 1110,Yosemite,1,11/11/2025 12:30:23 PM,77699.641500415
PUEBLO,21kV,No,2941,124,29,0,6,3640,410,4050,21,2891,043292101,PUEBLO 2101,North Bay,1,11/11/2025 12:30:24 PM,53237.9662867319
PUEBLO,12kV,No,1865,134,22,56,2,4000,200,4200,12,2892,043291104,PUEBLO 1104,North Bay,1,11/11/2025 12:30:24 PM,147091.80292779
NEWARK 12KV,12kV,Yes,0,146,82,0,3,1100,810,1910,12,2893,012221108,NEWARK 12KV 1108,Mission,1,11/11/2025 12:30:24 PM,19322.0843394528
VALLEJO B,4.16kV,No,2199,266,29,0,14,450,40,490,4,2894,042450411,VALLEJO B 0411,North Bay,1,11/11/2025 12:30:21 PM,15967.1956860617
BELL,12kV,No,3210,242,49,14,5,7060,680,7740,12,2895,152701108,BELL 1108,Sierra,1,11/11/2025 12:30:21 PM,183554.287302832
BELL,12kV,No,697,181,74,1,7,3130,80,3210,12,2896,152701109,BELL 1109,Sierra,1,11/11/2025 12:30:21 PM,55949.7382221906
NEWARK 21KV,21kV,No,693,666,195,0,13,1670,1740,3410,21,2897,012232108,NEWARK 21KV 2108,Mission,1,11/11/2025 12:30:25 PM,37660.125217627
BIG BEND,12kV,No,297,24,4,0,,273,290,563,12,2898,103751101,BIG BEND 1101,North Valley,1,11/11/2025 12:30:25 PM,121788.929447856
TUDOR,12kV,No,109,26,6,108,1,320,8120,8440,12,2899,153711101,TUDOR 1101,Sacramento,1,11/11/2025 12:30:25 PM,66793.3066534468
NEWARK 21KV,21kV,Yes,1,14,16,0,1,1740,1000,2740,21,2900,012232110,NEWARK 21KV 2110,Mission,1,11/11/2025 12:30:25 PM,12566.6398508773
NEWARK 21KV,21kV,No,4571,323,186,0,24,7200,820,8020,21,2901,012232107,NEWARK 21KV 2107,Mission,1,11/11/2025 12:30:25 PM,113596.558602882
NEWARK 21KV,21kV,No,1718,110,87,0,12,5070,430,5500,21,2902,012232102,NEWARK 21KV 2102,Mission,1,11/11/2025 12:30:25 PM,58358.5078002932
NEWARK 21KV,21kV,No,5053,348,137,0,26,7700,16410,24110,21,2903,012232103,NEWARK 21KV 2103,Mission,1,11/11/2025 12:30:25 PM,100628.4983296
NEWARK 21KV,21kV,Yes,0,209,100,0,4,2200,16680,18880,21,2904,012232104,NEWARK 21KV 2104,Mission,1,11/11/2025 12:30:25 PM,31034.623243928
MORGAN HILL,21kV,No,2014,368,147,103,19,5610,1910,7520,21,2905,083242106,MORGAN HILL 2106,San Jose,1,11/11/2025 12:30:25 PM,123836.88028216
HILLSDALE,4.16kV,No,1156,53,3,0,6,850,140,990,4,2906,024110405,HILLSDALE 0405,Peninsula,1,6/2/2025 1:21:05 AM,12891.2865387407
GLENWOOD,4.16kV,No,925,55,27,0,3,790,110,900,4,2907,024090405,GLENWOOD 0405,Peninsula,1,6/2/2025 1:21:05 AM,12877.945248673
WEST FRESNO,12kV,Yes,411,79,46,61,3,4030,430,4460,12,2908,253731101,WEST FRESNO 1101,Fresno,1,11/11/2025 12:30:23 PM,36255.7547006742
OAKLAND D,12kV,Yes,1102,38,17,0,2,990,30,1020,12,2909,012041133,OAKLAND D 1133,East bay,1,6/2/2025 1:21:05 AM,9661.89915111266
ZAMORA,12kV,No,137,39,6,100,2,1160,520,1680,12,2910,063191106,ZAMORA 1106,Sacramento,1,6/2/2025 1:21:05 AM,114349.741063666
WILLOW CREEK,12kV,No,125,10,1,3,,50,77,127,12,2911,192171102,WILLOW CREEK 1102,Humboldt,1,11/11/2025 11:54:13 AM,23347.7087617055
OAKLAND J,12kV,No,5013,190,25,0,,1997,2273,4270,12,2912,012091106,OAKLAND J 1106,East Bay,1,11/11/2025 11:54:13 AM,44100.2616971684
DUMBARTON,12kV,Yes,0,0,12,0,,1817,6678,8495,12,2913,014471105,DUMBARTON 1105,Mission,1,11/11/2025 11:54:15 AM,7015.21199802297
FORT SEWARD,12kV,No,80,16,0,2,,431,439,870,12,2914,192321122,FORT SEWARD 1122,Humboldt,1,11/11/2025 11:54:16 AM,46838.4296612671
STELLING,12kV,No,2360,351,148,0,7,2360,290,2650,12,2915,083481107,STELLING 1107,De Anza,1,11/11/2025 12:30:17 PM,37613.10273576
LAWRENCE,12kV,Yes,246,96,56,0,,206,206,412,12,2916,083421110,LAWRENCE 1110,De Anza,1,11/11/2025 12:30:18 PM,28163.8433238536
LAKEWOOD,12kV,Yes,65,54,39,0,,230,230,460,12,2917,013531101,LAKEWOOD 1101,Diablo,1,11/11/2025 12:30:18 PM,6108.275046771
WOLFE,12kV,Yes,1919,134,66,0,12,1560,180,1740,12,2918,083671104,WOLFE 1104,De Anza,1,11/11/2025 12:30:18 PM,25390.007938841
WOLFE,12kV,No,2380,56,18,0,8,2290,150,2440,12,2919,083671107,WOLFE 1107,De Anza,1,11/11/2025 12:30:18 PM,33077.4084188768
DAVIS,12kV,No,2641,222,55,0,15,2960,230,3190,12,2920,062041104,DAVIS 1104,Sacramento,1,11/11/2025 12:30:19 PM,42693.5128063712
WINTERS,12kV,Yes,273,30,13,50,9,1270,6910,8180,12,2921,063321101,WINTERS 1101,North Bay,1,11/11/2025 12:30:19 PM,30448.2084991027
WINTERS,12kV,No,146,36,5,140,0,850,120,970,12,2922,063321102,WINTERS 1102,North Bay,1,11/11/2025 12:30:19 PM,73063.2952060365
STONE,12kV,Yes,0,9,87,0,0,340,0,340,12,2923,083701105,STONE 1105,San Jose,1,11/11/2025 12:30:18 PM,5855.39221640857
DAVIS,12kV,No,534,101,58,0,,2446,2460,4906,12,2924,062041110,DAVIS 1110,Sacramento,1,11/11/2025 12:30:19 PM,12367.0510203335
CALFLAX,12kV,Yes,8,2,0,32,19,0,780,780,12,2925,253441104,CALFLAX 1104,Fresno,1,11/11/2025 12:30:20 PM,37435.7200941705
INDIAN FLAT,12kV,No,1032,180,60,2,,1980,2046,4026,12,2926,252691104,INDIAN FLAT 1104,Yosemite,1,11/11/2025 12:30:20 PM,74101.504165489
STOCKTON A,12kV,No,756,104,56,0,24,870,100,970,12,2927,162371108,STOCKTON A 1108,Stockton,1,11/11/2025 12:30:20 PM,22725.8986330925
AUBERRY,12kV,No,1499,137,18,7,4,4140,310,4450,12,2928,254151102,AUBERRY 1102,Fresno,1,11/11/2025 12:30:20 PM,267181.295216326
STOCKTON A,4.16kV,No,499,92,20,0,9,250,40,290,4,2929,162370404,STOCKTON A 0404,Stockton,1,11/11/2025 12:30:20 PM,10954.0318381218
FAMOSO,12kV,Yes,6,19,7,31,3,30,6570,6600,12,2930,252461107,FAMOSO 1107,Kern,1,11/11/2025 12:30:20 PM,20885.8179427251
OAKLAND J,4.16kV,No,1390,157,6,0,,391,456,847,4,2931,012090403,OAKLAND J 0403,East Bay,1,11/11/2025 12:30:20 PM,13616.3008657138
OAKLAND J,4.16kV,No,1268,61,8,0,,235,260,495,4,2932,012090401,OAKLAND J 0401,East Bay,1,11/11/2025 12:30:20 PM,10318.4948920708
SAN JOSE A,4.16kV,No,506,62,20,0,7,380,40,420,4,2933,082250405,SAN JOSE A 0405,San Jose,1,11/11/2025 12:30:20 PM,9187.10990027968
EUREKA A,12kV,Yes,339,526,119,3,6,1000,10,1010,12,2934,192121107,EUREKA A 1107,Humboldt,1,11/11/2025 12:30:20 PM,16403.4288827907
SAN JOSE A,12kV,No,318,49,8,0,3,30,0,30,12,2935,082251111,SAN JOSE A 1111,San Jose,1,11/11/2025 12:30:20 PM,5593.6281630911
SAN JOSE A,4.16kV,No,777,39,11,0,0,510,30,540,4,2936,082250403,SAN JOSE A 0403,San Jose,1,11/11/2025 12:30:20 PM,10196.5885662161
SAN JOSE A,4.16kV,No,222,52,12,0,5,50,0,50,4,2937,082250404,SAN JOSE A 0404,San Jose,1,11/11/2025 12:30:20 PM,7959.27845956217
WISE,12kV,No,1656,82,5,41,3,6620,590,7210,12,2938,152271102,WISE 1102,Sierra,1,11/11/2025 12:30:20 PM,261836.841759949
LAS GALLINAS A,12kV,No,2430,176,39,0,10,4310,70,4380,12,2939,042991104,LAS GALLINAS A 1104,Sonoma,1,11/11/2025 12:30:20 PM,40920.9942909441
LAS GALLINAS A,12kV,Yes,2061,114,23,2,8,4600,380,4980,12,2940,042991105,LAS GALLINAS A 1105,Sonoma,1,11/11/2025 12:30:20 PM,79434.4231459338
GIFFEN,12kV,Yes,40,18,2,52,25,900,0,900,12,2941,253151102,GIFFEN 1102,Fresno,1,11/11/2025 12:30:22 PM,84343.2925599218
PEACHTON,12kV,No,703,98,9,214,0,2130,7080,9210,12,2942,103241103,PEACHTON 1103,North Valley,1,11/11/2025 12:30:22 PM,129067.044051337
LOCKHEED NO 1,12kV,Yes,0,0,13,0,1,2950,0,2950,12,2943,082991107,LOCKHEED NO 1 1107,De Anza,1,11/11/2025 12:30:20 PM,5094.84933606387
SAN JOAQUIN #3,12kV,No,249,11,0,0,,188,188,376,12,2944,252531102,SAN JOAQUIN #3 1102,Yosemite,1,11/11/2025 12:30:21 PM,23164.9265917336
OILFIELDS,12kV,Yes,38,15,17,41,0,100,7500,7600,12,2945,182391102,OILFIELDS 1102,Central Coast,1,11/11/2025 12:30:21 PM,79097.1394226102
ECHO SUMMIT,12kV,Yes,275,23,10,0,,6,6,12,12,2946,158031101,ECHO SUMMIT 1101,Sierra,1,11/11/2025 12:30:21 PM,39673.8358611052
GRASS VALLEY,12kV,No,1147,279,30,0,11,710,130,840,12,2947,152031102,GRASS VALLEY 1102,Sierra,1,11/11/2025 12:30:21 PM,18639.9065074786
BOGUE,12kV,No,2756,77,21,12,3,6800,1030,7830,12,2948,153781105,BOGUE 1105,Sacramento,1,11/11/2025 12:30:21 PM,64292.3828149848
PEASE,12kV,No,202,16,2,14,0,960,40,1000,12,2949,153751102,PEASE 1102,Sacramento,1,11/11/2025 12:30:21 PM,10796.1406406032
CLAY,12kV,No,1506,165,27,16,2,3890,430,4320,12,2950,163341101,CLAY 1101,Stockton,1,11/11/2025 12:30:21 PM,94850.6887045385
ATWATER,12kV,No,1700,67,11,215,11,3390,2690,6080,12,2951,253611108,ATWATER 1108,Yosemite,1,11/11/2025 12:30:21 PM,136832.294913382
ATWATER,12kV,No,3041,213,31,51,21,6980,970,7950,12,2952,253611106,ATWATER 1106,Yosemite,1,11/11/2025 12:30:21 PM,102936.729356673
DEVILS DEN,12kV,Yes,5,18,9,20,,0,0,0,12,2953,253451102,DEVILS DEN 1102,Fresno,1,11/11/2025 12:30:21 PM,65990.1592786438
DEVILS DEN,12kV,No,11,22,8,37,,432,432,864,12,2954,253451101,DEVILS DEN 1101,Fresno,1,11/11/2025 12:30:21 PM,95962.3840785281
LAMMERS,12kV,Yes,1267,42,40,2,,2011,3876,5887,12,2955,162771102,LAMMERS 1102,Stockton,1,11/11/2025 12:30:21 PM,36558.5215357392
DEL MAR,12kV,No,79,129,53,0,,857,860,1717,12,2956,152581104,DEL MAR 1104,Sierra,1,11/11/2025 12:30:21 PM,11656.2425639898
PLAINFIELD,12kV,No,1005,63,17,112,7,4990,660,5650,12,2957,063441105,PLAINFIELD 1105,Sacramento,1,11/11/2025 12:30:21 PM,147655.466423845
DEL MAR,12kV,Yes,652,227,40,1,8,3210,350,3560,12,2958,152581103,DEL MAR 1103,Sierra,1,11/11/2025 12:30:21 PM,43284.2873506418
ELK HILLS,12kV,Yes,544,70,15,37,0,5080,640,5720,12,2959,252441104,ELK HILLS 1104,Kern,1,11/11/2025 12:30:21 PM,123501.158691136
LODI,12kV,No,1676,150,33,157,6,3710,430,4140,12,2960,162111101,LODI 1101,Stockton,1,11/11/2025 12:30:21 PM,117946.150320825
ARVIN,12kV,Yes,47,19,2,32,2,1700,360,2060,12,2961,253801102,ARVIN 1102,Kern,1,11/11/2025 12:30:21 PM,37408.6857020874
MAGUNDEN,12kV,No,1382,68,25,0,5,4820,240,5060,12,2962,252771104,MAGUNDEN 1104,Kern,1,11/11/2025 12:30:22 PM,31480.2800374947
MAGUNDEN,12kV,Yes,1590,83,25,42,,3985,5451,9436,12,2963,252771108,MAGUNDEN 1108,Kern,1,11/11/2025 12:30:22 PM,76776.028272161
STAFFORD,12kV,No,3487,276,54,0,5,4670,270,4940,12,2964,043201101,STAFFORD 1101,Sonoma,1,11/11/2025 12:30:22 PM,65550.346342523
KERN OIL,12kV,No,2006,144,64,2,9,2430,300,2730,12,2965,252721114,KERN OIL 1114,Kern,1,11/11/2025 12:30:22 PM,49600.7377254242
ESQUON,12kV,Yes,82,41,1,139,1,1940,520,2460,12,2966,102171102,ESQUON 1102,North Valley,1,11/11/2025 12:30:22 PM,107474.777281438
PLACER,12kV,No,836,235,35,0,13,1130,210,1340,12,2967,152461101,PLACER 1101,Sierra,1,11/11/2025 12:30:22 PM,23240.8318188566
ESQUON,12kV,Yes,89,35,10,153,3,1800,1450,3250,12,2968,102171101,ESQUON 1101,North Valley,1,11/11/2025 12:30:22 PM,149461.068908886
PLACER,12kV,No,1721,215,23,4,5,3530,220,3750,12,2969,152461103,PLACER 1103,Sierra,1,11/11/2025 12:30:22 PM,79727.7800220044
TAMARACK,12kV,Yes,115,24,5,0,,0,0,0,12,2970,152291102,TAMARACK 1102,Sierra,1,11/11/2025 12:30:22 PM,16668.9668746686
MAGUNDEN,12kV,No,1529,20,10,0,1,2910,120,3030,12,2971,252771106,MAGUNDEN 1106,Kern,1,11/11/2025 12:30:22 PM,26859.6015968341
CAL WATER,12kV,No,2307,162,23,15,9,10520,370,10890,12,2972,255451102,CAL WATER 1102,Kern,1,11/11/2025 12:30:22 PM,120125.150540694
CAL WATER,12kV,No,2388,61,40,1,20,10380,300,10680,12,2973,255451103,CAL WATER 1103,Kern,1,11/11/2025 12:30:22 PM,88875.5955196125
RICHMOND R,12kV,No,4140,355,61,0,14,2130,270,2400,12,2974,013471130,RICHMOND R 1130,East Bay,1,11/11/2025 12:30:22 PM,43148.2641640385
MAGUNDEN,12kV,No,3291,228,86,0,13,3330,160,3490,12,2975,252771101,MAGUNDEN 1101,Kern,1,11/11/2025 12:30:22 PM,51127.2822837844
RICHMOND R,12kV,Yes,241,104,19,0,,701,3004,3705,12,2976,013471122,RICHMOND R 1122,East Bay,1,11/11/2025 12:30:22 PM,11457.6512403521
RICHMOND R,12kV,No,401,59,97,0,3,2160,100,2260,12,2977,013471118,RICHMOND R 1118,East Bay,1,11/11/2025 12:30:22 PM,15984.3892283595
RICHMOND R,12kV,Yes,0,32,16,0,7,890,100,990,12,2978,013471123,RICHMOND R 1123,East Bay,1,11/11/2025 12:30:22 PM,8558.26638118855
REEDLEY,12kV,No,2310,133,29,103,3,5170,10210,15380,12,2979,252341101,REEDLEY 1101,Fresno,1,11/11/2025 12:30:22 PM,80928.0667390778
SUMMIT,12kV,Yes,1002,67,26,0,8,50,0,50,12,2980,152591101,SUMMIT 1101,Sierra,1,11/11/2025 12:30:22 PM,46926.9705127336
SAN PABLO,12kV,No,4395,267,94,0,21,3090,360,3450,12,2981,014371105,SAN PABLO 1105,East Bay,1,11/11/2025 12:30:22 PM,70377.7174290427
JAMESON,12kV,No,2177,32,7,0,5,3430,270,3700,12,2982,063801104,JAMESON 1104,North Bay,1,11/11/2025 12:30:22 PM,48917.9766028098
PACIFIC GROVE,4.16kV,No,771,139,19,0,1,210,10,220,4,2983,182440421,PACIFIC GROVE 0421,Central Coast,1,11/11/2025 12:30:22 PM,8935.51383968581
PLACER,12kV,No,1703,395,124,2,17,2520,240,2760,12,2984,152461104,PLACER 1104,Sierra,1,11/11/2025 12:30:22 PM,50747.2520383957
KETTLEMAN HILLS,12kV,Yes,24,15,5,17,,42,42,84,12,2985,252732104,KETTLEMAN HILLS 2104,Fresno,1,11/11/2025 12:30:22 PM,58632.0402363504
PLACERVILLE,12kV,No,1306,239,39,2,2,2270,130,2400,12,2986,153081110,PLACERVILLE 1110,Sierra,1,11/11/2025 12:30:22 PM,83012.0687035875
MENDOTA,12kV,Yes,1,1,0,15,7,1940,0,1940,12,2987,252311101,MENDOTA 1101,Yosemite,1,11/11/2025 12:30:23 PM,30167.635083594
GANSO,12kV,No,33,21,2,117,,8293,13627,21920,12,2988,254541104,GANSO 1104,Kern,1,11/11/2025 12:30:23 PM,75582.9344633667
STAGG,12kV,No,1599,132,84,1,7,1330,70,1400,12,2989,162421103,STAGG 1103,Stockton,1,11/11/2025 12:30:23 PM,22888.1524103413
STAGG,12kV,No,1671,80,24,0,16,2880,160,3040,12,2990,162421105,STAGG 1105,Stockton,1,11/11/2025 12:30:23 PM,30807.1503458259
CAMDEN,12kV,Yes,271,31,11,214,6,4230,1120,5350,12,2991,252301105,CAMDEN 1105,Fresno,1,11/11/2025 12:30:23 PM,120588.380655505
CANAL,12kV,No,1770,59,32,37,4,4970,5920,10890,12,2992,252091102,CANAL 1102,Yosemite,1,11/11/2025 12:30:23 PM,61770.5082350642
HAMMER,12kV,No,1441,74,53,0,3,890,60,950,12,2993,163301101,HAMMER 1101,Stockton,1,11/11/2025 12:30:23 PM,16544.9287890051
HAMMER,12kV,No,2361,187,83,0,9,660,230,890,12,2994,163301102,HAMMER 1102,Stockton,1,11/11/2025 12:30:23 PM,30775.2109795132
RIPON,17kV,No,2362,248,103,43,22,5430,440,5870,17,2995,163801702,RIPON 1702,Stockton,1,11/11/2025 12:30:23 PM,83195.77023578
STAGG,21kV,No,3006,111,38,1,4,4170,2500,6670,21,2996,162422106,STAGG 2106,Stockton,1,11/11/2025 12:30:23 PM,55398.4627443601
MEADOW LANE,21kV,Yes,621,26,17,0,,26,26,52,21,2997,014302102,MEADOW LANE 2102,Diablo,1,11/11/2025 12:30:23 PM,8417.95066374315
SAN CARLOS,12kV,Yes,93,122,50,0,8,20,0,20,12,2998,024181101,SAN CARLOS 1101,Peninsula,1,11/11/2025 12:30:24 PM,6349.67775846169
HAMMER,12kV,Yes,1116,11,0,0,1,1580,360,1940,12,2999,163301103,HAMMER 1103,Stockton,1,11/11/2025 12:30:24 PM,15203.1124660991
BARTON,12kV,No,1157,94,30,0,22,1490,150,1640,12,3000,253571104,BARTON 1104,Fresno,1,11/11/2025 12:30:24 PM,21676.2127982311
CALIFORNIA AVE,12kV,Yes,2720,348,85,0,39,5210,1050,6260,12,3001,252281116,CALIFORNIA AVE 1116,Fresno,1,11/11/2025 12:30:24 PM,38618.9637726257
CALIFORNIA AVE,12kV,Yes,0,52,37,0,4,340,0,340,12,3002,252281117,CALIFORNIA AVE 1117,Fresno,1,11/11/2025 12:30:24 PM,9318.39856576228
CALIFORNIA AVE,12kV,No,1680,222,89,0,28,2430,1350,3780,12,3003,252281113,CALIFORNIA AVE 1113,Fresno,1,11/11/2025 12:30:24 PM,36058.8998918185
CASTRO VALLEY,12kV,Yes,2637,460,111,0,,1400,3896,5296,12,3004,014091104,CASTRO VALLEY 1104,Mission,1,11/11/2025 12:30:24 PM,38499.2680739912
CASTRO VALLEY,12kV,No,4544,296,84,0,25,2110,60,2170,12,3005,014091103,CASTRO VALLEY 1103,Mission,1,11/11/2025 12:30:24 PM,55033.2766727564
CASTRO VALLEY,12kV,No,5107,152,22,3,24,7510,940,8450,12,3006,014091108,CASTRO VALLEY 1108,Mission,1,11/11/2025 12:30:24 PM,107443.49765546
SARANAP,4.16kV,No,411,47,5,0,4,380,30,410,4,3007,013560401,SARANAP 0401,Diablo,1,11/11/2025 12:30:24 PM,7340.15732636158
FULTON,12kV,No,193,136,120,8,3,2810,1060,3870,12,3008,042561101,FULTON 1101,Sonoma,1,11/11/2025 12:30:24 PM,30476.3694025162
DIAMOND SPRINGS,12kV,No,1919,467,118,0,5,4930,350,5280,12,3009,152261103,DIAMOND SPRINGS 1103,Sierra,1,11/11/2025 12:30:24 PM,129359.548301723
WAHTOKE,12kV,No,2585,415,68,17,5,4880,990,5870,12,3010,254531106,WAHTOKE 1106,Fresno,1,11/11/2025 12:30:24 PM,47223.9476797068
PENNGROVE,12kV,No,2278,135,28,39,,4582,9238,13820,12,3011,043471101,PENNGROVE 1101,Sonoma,1,11/11/2025 12:30:24 PM,124999.248830799
NEWARK 12KV,12kV,No,1977,165,127,0,16,3290,360,3650,12,3012,012221102,NEWARK 12KV 1102,Mission,1,11/11/2025 12:30:24 PM,39759.35607175
HARTER,12kV,No,1530,299,45,74,3,5710,270,5980,12,3013,152851105,HARTER 1105,Sacramento,1,11/11/2025 12:30:24 PM,82069.6001001133
GREENBRAE,12kV,No,2264,209,96,0,12,3660,290,3950,12,3014,043091104,GREENBRAE 1104,Sonoma,1,11/11/2025 12:30:24 PM,63735.8659904167
BECK STREET,4.16kV,No,455,29,2,0,,60,60,120,4,3015,012640401,BECK STREET 0401,East Bay,1,11/11/2025 12:30:25 PM,6654.68424292821
ZACA,12kV,No,1036,252,54,106,0,3060,200,3260,12,3016,182681102,ZACA 1102,Los Padres,1,11/11/2025 12:30:25 PM,211192.585441229
FRANKLIN,12kV,No,4191,339,106,0,48,2500,2310,4810,12,3017,013921103,FRANKLIN 1103,East Bay,1,11/11/2025 12:30:25 PM,75688.6132315965
LIVE OAK,12kV,Yes,734,76,16,89,1,1400,80,1480,12,3018,153771102,LIVE OAK 1102,Sacramento,1,11/11/2025 12:30:25 PM,61134.312334182
LOS MOLINOS,12kV,No,1203,147,13,60,1,1930,350,2280,12,3019,103481102,LOS MOLINOS 1102,North Valley,1,11/11/2025 12:30:25 PM,104598.302151194
CARNERAS,12kV,Yes,1,4,2,6,0,0,0,0,12,3020,252321102,CARNERAS 1102,Kern,1,11/11/2025 12:30:25 PM,33385.8253743535
MC ARTHUR,12kV,No,181,54,4,48,,2691,2691,5382,12,3021,103491102,MC ARTHUR 1102,North Valley,1,11/11/2025 12:30:25 PM,68469.5581314446
SAN BERNARD,12kV,Yes,5,8,1,38,1,710,3300,4010,12,3022,253191102,SAN BERNARD 1102,Kern,1,11/11/2025 12:30:25 PM,40058.9506050101
CORNING,12kV,No,1526,232,78,137,7,4060,1360,5420,12,3023,103331103,CORNING 1103,North Valley,1,11/11/2025 12:30:25 PM,152146.658423859
PRUNEDALE,12kV,No,3175,454,61,35,22,3730,710,4440,12,3024,182961110,PRUNEDALE 1110,Central Coast,1,11/11/2025 12:30:25 PM,200461.362794427
